"observed","predicted"
1,1.28468843599224
2,1.49231966365616
1,1.89528393623275
1,1.66829767532313
4,1.72099208267517
0,0.92697149056126
0,0.619123187360267
13,7.8617814409303
20,9.11421178611199
5,2.32048932780826
1,0.992138603049517
9,4.78693935864592
6,5.19418666337146
0,0.956659914086552
2,1.61338323201494
1,1.36267784448794
1,3.0265948462114
1,1.38205357049938
1,1.04120431279149
5,2.6549625921832
0,0.59383759128334
0,1.34076989312667
0,0.714696048140023
3,2.55137521861789
3,2.085654416655
6,2.65873952100556
0,2.60231949193605
2,1.98259909590384
2,2.72986807799127
0,0.415553321440146
1,1.14600310791138
0,1.83897624643399
10,4.39139837090788
2,0.512815647376384
1,0.589344339153604
1,0.409693095384691
1,0.711700333827144
1,0.571170300789552
0,0.482552089140835
1,0.619618481259723
0,0.272142862738386
0,0.41370084712758
2,1.87782842415296
12,4.84835642487683
1,4.21446130593466
6,2.89401047295938
0,2.23596778027947
1,2.73546987940158
0,2.25126805127473
0,2.63797631299679
7,2.65080701483053
1,2.16943008788441
0,0.266223062974545
1,0.235406168980128
1,0.450215661989873
0,0.297215404932095
0,0.329602746732871
0,0.263573854640778
5,2.40349461850883
0,0.608100118013297
0,0.349383217271847
0,0.264602422964476
2,1.65177756076977
1,1.12625153544709
1,0.789481999990486
1,1.16913957778257
1,1.34842794836363
1,1.19194489796859
2,1.27343184282883
0,0.998391213572742
1,0.24682600322804
0,0.512809448270572
0,0.697697302976578
0,0.3829345654269
0,0.635623977095578
1,0.490980923253722
17,3.10729826797077
1,3.70818523416847
0,2.32862210151902
8,2.8206294709021
2,2.23471359777549
1,5.05013309349636
1,1.29498872915494
1,1.39976287988148
1,0.85826068273631
1,1.04445708507976
0,0.946704273952369
0,0.630178522372857
0,0.486742111453687
1,0.433863587150545
0,0.555222604152884
2,1.23029316266982
4,1.78231318318247
2,1.96520948770072
0,0.423928318306095
0,0.328737802071935
2,1.4508970464949
0,0.188331754389821
0,0.258344041727396
0,0.350333042197826
0,0.237330455662979
0,0.354626796306246
0,0.488358686366522
0,0.457541400639762
2,2.13359201939763
1,0.68937666017284
5,1.13670956651688
1,0.727111983638998
1,0.821608403912332
3,1.20223213774182
0,0.448797676295683
0,0.354221526160283
0,0.353889107263318
0,0.280124563327737
0,1.28532535532361
10,3.20374604046519
2,1.71235430383999
5,2.60410003822795
2,2.25363391941365
1,3.3351447282139
1,3.48712168835259
1,2.42925516086352
2,3.82336124843005
1,2.92998160696326
1,1.89416915655068
2,2.53002600522878
3,1.91331023283621
0,0.220433032714008
0,1.12439282737805
3,2.05482872528022
0,4.83646160422697
3,1.57038039656374
0,2.34623342207054
0,1.54845207922599
2,1.56102719610071
0,0.449016680900774
0,0.586860760726812
0,0.550307550040833
3,0.808158546029333
1,1.03443673217984
1,1.39536809997073
2,1.40166506686296
1,0.842988068479793
0,1.04940985720794
2,2.18015877667928
1,1.43167479536623
1,0.56194861925908
1,0.682349852290028
5,3.74816694769882
6,1.76837127140713
3,2.36723498431553
1,1.38613657876446
0,0.864996608215166
6,1.76615190107278
2,1.40816798702234
3,0.988077835741219
0,1.34314738097325
1,1.47275545837776
1,1.02450557857501
4,1.7859123381454
1,1.7111650347202
7,2.724567754615
0,0.671852840233543
1,1.18443463043893
6,3.28252441092919
1,1.09162532872229
6,4.04489696090601
0,0.227144876335056
0,0.346841140246626
0,0.385182395398705
4,2.48433651339151
0,0.517398178935227
0,0.43845874023625
1,0.315568003064349
1,0.835480410881993
0,0.46624430756604
2,0.266113275244265
14,15.5091361987843
15,14.7211467758894
2,6.47988340257443
10,5.03544592114047
8,7.51046510624006
3,6.99145783505981
1,1.17306894711472
2,1.03578788198704
1,0.96519169121138
0,0.92572240279763
1,1.02171030585269
0,1.35131983679905
1,1.18350172765312
1,1.55622193520471
7,4.40287294894688
4,2.79961428824943
7,2.85787233953686
4,1.94476680502355
2,4.22535368612648
4,4.02597076955294
5,3.9408196752744
7,3.9194128940933
1,3.06546621823627
0,3.5805236093441
7,2.30770222688935
4,3.87086306119587
0,0.563308951326721
0,3.36467675508238
0,0.956055607794993
2,2.5228532872897
7,2.3365455638483
1,2.33955083063654
1,0.825044112782896
1,1.1665979337078
1,1.38867713206601
1,1.3792955427551
1,1.00046903124694
1,1.32540122594551
2,0.544429788051044
1,1.44552835422629
0,0.258996144448152
3,0.650463187959101
0,1.00054414761511
1,0.765547355572012
1,1.75852527487671
5,1.35887389462985
1,0.686663013458318
1,1.58535680771964
8,4.25752471675868
4,2.6315607190243
6,4.71436812965166
2,1.76445185851278
4,3.31777490028921
1,2.88088968992405
5,12.6583768280868
0,0.16752954805008
0,0.485344801652074
2,1.3176865538748
0,1.40952704008924
2,0.509572976068196
1,1.11380565782381
3,2.02786575443061
2,3.83641386616974
1,1.95718797702926
0,3.91969379946262
4,2.27028828170772
0,1.26099847597986
0,0.337533291181761
1,0.515656187291864
1,1.0325012493311
1,0.715323606321027
1,0.723503926575574
1,0.697967237896345
1,1.60380680254434
1,0.711318907784606
0,0.0325091176188815
1,1.2637515803018
2,0.77788865697041
1,2.62988929682956
4,1.08047718380154
3,1.84344489920879
2,1.34391743073965
0,0.762343181103669
2,0.746784866688054
1,0.876295569255438
1,2.28425178961022
0,0.054050276117418
0,0.260474617622073
0,1.61090337694419
0,0.0755375409821518
0,0.310550096170709
1,1.36882009015677
1,2.2032504683175
0,0.61616250826487
3,1.69977808549986
1,0.438249005419286
0,0.237977038119574
0,0.925710555604911
0,1.48561047876932
0,0.923236465357605
3,1.17579791179595
0,0.635261146348106
0,0.0949210340785014
0,1.07865513788711
1,1.18180842055439
1,1.11018123264346
3,1.51339315670214
0,1.15308723645168
2,1.81240438335895
5,3.01820764973253
0,2.29912497071663
1,1.36257020614754
1,1.30990888306373
3,2.43456687415602
5,2.06239374098883
3,2.5093615447475
1,1.2721755498299
1,1.8550705054074
4,3.00543681495655
3,3.44870487380077
5,6.99121391877944
5,3.88779800965803
0,1.20840316142887
0,0.86612416294459
5,2.05430071345116
2,1.50888048600415
18,8.56696723400114
15,8.59366202381229
1,0.858326700125739
1,0.624526003157207
1,0.684724377128261
1,0.893379215185734
4,3.33030751371258
2,4.48180361270082
0,1.12731833958404
1,1.09204343371489
1,1.16077584652913
1,1.97187035755893
3,3.00670745130717
1,1.34922628346735
3,1.05550793539682
1,0.925363667473676
3,3.22300749745269
0,0.174747036652798
2,2.81512091562281
0,1.01993286037878
0,0.487657073709606
1,1.23301750517297
1,1.04425105457868
4,0.5397683106075
5,2.60922869427186
2,2.33778581379055
4,1.68064931382681
6,1.95558742315855
0,2.10977981494379
0,3.21368080558421
5,0.809163074574181
2,2.64864891943144
2,1.32452418954647
0,2.36566017399142
6,1.94464053405383
0,1.89724404624883
1,0.956921701146998
3,1.84078789944689
1,0.769301923637101
2,1.4769481673472
2,1.75108181751694
1,2.78921837766717
2,1.93936262076264
1,0.788330904753367
1,1.08579001021366
1,2.33618656051832
0,0.226141439113217
0,0.982040350999696
3,2.57402826152795
27,8.61620125975099
0,4.03418309898057
0,0.637363554024771
0,0.801083938530427
0,0.721181746800929
0,0.726006466738112
1,0.584255872087481
1,0.766579727022708
1,0.683911485365499
0,0.775297232977717
0,0.474855263828012
2,0.858914769961557
0,0.551495200489298
1,0.813829844657387
18,2.76952151481727
1,3.07739181482399
1,1.74852679188647
2,2.01479309104153
0,0.282534527602227
0,1.80565142776884
0,0.4233394084057
0,0.58094057168923
0,0.501285337158791
0,0.359166128519643
0,0.462469154160417
0,0.512218214204902
0,0.214498603388514
0,0.328128545823015
0,0.349238581303699
0,0.300554341432486
0,0.430468090554743
0,0.135996294573923
0,0.251030023874548
0,0.677328966528401
0,0.360164554406887
0,0.179669429330662
0,0.560462690615923
0,0.283964955176005
0,0.0589505782348987
0,0.204374828788932
0,0.267535064395386
0,0.104701400164753
0,0.0976121999348578
3,0.786602359486881
1,0.716661878682792
1,0.45092137230191
0,1.4467837721726
2,0.662520347869595
0,0.45127010862958
1,0.685336468428955
0,0.583264040813809
2,0.817047756380188
0,0.227173053292929
0,0.360863675253841
1,0.203486670885987
1,0.244057529417023
0,0.349048041216785
0,1.38126181183934
0,0.0736542689312738
0,0.0338522673790284
0,0.223356607620109
0,0.285047054002895
0,0.0407982130847895
0,0.0758951378393877
0,0.0511722213974521
0,0.116844493071764
0,0.0940034061490429
0,0.0382163109955658
0,0.0876458021296811
0,0.0242219344583936
0,0.0360471551218376
0,0.0585076413061071
0,0.0290682065525872
0,0.0754355617005092
0,0.037923310713539
0,0.0692596420058683
0,0.103132822369196
0,0.0155529931551765
0,0.189259225775176
1,0.054146816163285
0,0.0933625523209342
0,0.00818401673648457
0,0.0140472844464423
0,0.0362287629626449
0,0.0533751030351038
0,0.160520572162287
0,0.0422080663081233
1,0.771544219440364
0,0.0483592750153034
0,0.0592364014908854
0,0.272781457465165
0,0.278593005578485
0,0.0364986763389827
0,0.321070926013304
0,1.05138768745137
0,0.351290755002212
1,1.6065893776103
5,1.96583100062851
0,0.274618327538342
0,0.512228720820198
1,7.38143011214363
0,0.23328717977462
1,1.4499741814995
2,0.263890152248555
0,0.179825628848412
1,4.34823938874727
1,3.63947836561175
10,6.11311159044676
1,7.60594111715809
0,1.47750347575495
2,1.04083841180102
1,0.979877349809503
2,1.37896092826181
3,7.16655414383599
0,1.15672178812953
10,3.06103417669026
0,0.187195589140118
2,0.991555714826416
0,0.349464665306946
2,5.71940526489763
2,3.67657119874617
7,1.3945184652397
6,6.7315566802428
0,0.890752207048829
3,0.79137115232006
1,1.49678904199783
1,0.265106757929412
2,1.30561504747888
0,0.00573044387874028
1,1.39941986597252
0,0.266726582611099
0,0.082119559810186
0,0.076674351248543
1,0.687846673039621
3,1.09924223730775
0,0.142659596807995
0,0.267096426340917
0,0.238605076897037
2,0.305833364952822
0,0.147143677155031
0,0.133940281628307
0,0.198169916613049
0,0.0972515399590889
0,0.0470380178327814
0,0.244268226863195
2,1.22672652822392
0,0.120037480046799
0,0.0931837993557899
0,0.245702461273981
0,0.120388698060041
0,0.137763358980388
1,1.59146506544623
0,0.0457998370385018
0,0.342252004682823
1,1.21048366866579
1,0.492897767598261
4,1.88358664634522
0,0.399073736276454
0,0.88437517201286
0,0.157312665457299
0,0.371716626401543
0,0.234527111492154
0,0.0238979999745689
0,0.0317596797258525
0,1.04764363104501
0,0.0476161435623063
0,0.02424644424998
0,0.0288888334307553
0,0.13285088129709
0,0.0367027897346159
0,0.0352481644330765
0,0.053793849121018
0,0.0941623968928179
2,0.191571880988237
0,0.0427408907379989
0,0.0470513297786902
0,0.0390215917857284
0,0.0932821904816484
0,0.0518646081010063
0,0.0235129221996755
0,1.84237890652528
0,0.0505765042747203
0,1.10958906293027
1,0.382036580862025
0,0.918624216897419
0,0.0436530579898494
0,0.256409782323429
0,0.285318076889538
0,0.702715279063943
0,0.757055221270876
1,1.95232212003966
0,0.527671474885968
0,0.0476506231363403
1,1.4007428403169
0,0.161544209916861
0,0.399453071443279
0,0.784255449684438
0,0.0646536162409694
0,0.205301493952888
0,0.0991213736513845
0,0.0968865627041051
0,0.0673590528171731
0,0.103013435069196
0,0.0447495900695886
2,0.710128186832566
0,0.222654173866816
0,0.14799764024245
1,1.11706394428004
0,0.0238593497809219
0,0.35305276791649
0,0.0565832163674939
2,1.36302107987187
2,3.19553406783203
0,2.58602415558662
4,3.36427098528701
0,0.591028256038382
1,0.606981653431519
0,1.90143850865038
6,1.99090144779898
0,0.0394454190024754
0,0.0604533661605278
0,0.318754886417087
0,0.0580372654937334
0,0.0689034433987162
0,0.112453979503892
0,0.0486645578152151
0,0.105501945231843
0,0.0425182072091683
0,0.0566198291311366
0,0.161633386339517
0,0.0538224779220838
0,0.0914817237292292
0,0.0319590254698391
1,0.146632660366939
0,0.12970063069485
0,0.168627388750499
0,0.0628056060396875
1,0.188108873064647
0,0.361782544249667
0,0.0438036346343466
0,0.0371609083154902
0,0.578108788540184
0,0.0987895398718573
0,0.0155834708829234
0,0.338313609804668
0,0.234800947723544
0,0.0257373688641772
0,0.0157469434003793
0,0.0130572562666173
0,0.0763867817762966
0,0.0190797409675352
0,0.0146120660656344
0,0.0274406276236407
0,0.0439985177632371
0,0.0933944951955266
0,0.216506687187975
0,0.242010283342857
0,0.343916433183786
0,0.0141613102111632
0,0.0270827664065275
0,0.1047567959872
0,0.599861714632355
0,0.0845237669702009
0,0.131077497592143
0,0.0314092393718784
0,0.0309302491339673
0,0.0156456188501258
0,0.144472045722241
0,0.12989482752038
0,0.0420513308593326
0,0.0122369374396023
0,0.134176498219383
0,0.435663078666426
0,0.059014809971657
0,0.0292032237390032
0,0.0367457571888874
0,0.173299567198348
0,0.0801557209725151
0,0.0200677092688374
0,0.313038186276633
0,0.0951090755266697
0,0.0135839945503983
0,0.0739016577575218
0,0.407021223154325
0,0.00910033248965907
0,0.265817131712501
0,0.310393967517046
0,0.0649434390658903
0,0.287919207507024
0,1.60550406665918
0,0.366319654049909
0,0.787177153117809
0,0.732228024039651
0,0.516178894980797
14,9.05396403726721
0,0.382897201035221
4,2.23217254769221
0,1.06301978886679
0,1.23585821193438
0,0.396461020054531
0,0.395321816673727
0,0.531394034693778
0,0.289918762166821
0,1.10149534962172
1,0.465932409876121
0,0.296477065258634
0,0.153650951502442
0,0.316619138924298
2,1.98037895991755
3,1.8431673920641
0,0.448699516810947
0,1.62861645479531
1,0.319736789622255
0,0.757762818143908
0,0.486702791324216
0,0.540512975754234
1,0.21584651414726
0,0.263624268398889
1,0.261276302249225
0,0.928558967647767
0,0.102255083193267
1,0.519907051907831
0,0.326202743907003
0,0.576561442228356
0,0.119419781266422
0,0.231109857073241
0,0.139764018193311
2,0.250358562182441
0,0.196683290231529
0,0.143213750920389
0,0.17725251783654
0,0.222457291952268
2,1.51305552099407
0,0.507428051715196
0,0.0765437209232114
0,0.0908586748558996
0,0.131378408068533
0,0.0831436428898384
0,0.116126528827282
0,0.0877840650367467
0,0.180372838554492
0,0.115693880058336
0,0.454246806584497
0,0.352055704777904
0,0.35438947558047
0,0.00539333402464254
2,2.94709808491097
2,2.43816774704428
1,2.9461497400447
1,0.536187011500401
0,0.319301182653022
0,0.112323049141615
0,0.198174029988024
8,1.09438605004768
2,0.778800928305821
0,0.19991702491986
0,0.372529156667579
0,0.156893923273078
4,0.830187317758552
17,10.7596940814058
0,1.54148917178906
0,0.182513018155937
0,0.129432677855747
0,0.127489083379251
0,0.0544896771156293
1,0.447841911693629
1,0.397501706592848
0,0.771811410452429
1,0.56413400128931
0,0.862498639089384
0,0.171388405124508
0,0.103120928730026
0,0.218283412230224
0,0.407039667506818
0,0.0210588110655073
3,3.60282199729164
3,1.24412123517004
8,4.69846053771636
0,0.423740307611553
0,0.25431265001635
0,0.801980976499472
2,0.57976948134334
6,2.47416327915506
0,0.197725942412312
1,0.273837510013175
2,0.550488968004896
0,0.058733396253356
0,0.374419521115325
0,0.270276945618066
0,0.248817184510532
0,0.0940461846560416
0,0.145376743811656
0,0.233524962241587
0,0.0334277495432263
0,0.478556209752371
0,0.436131192692874
2,0.878497073364121
1,0.491635389189771
0,0.216271418857189
0,1.87067136239673
0,0.511937809194436
0,0.531622726240756
0,0.0787947670875367
0,0.890086002007517
0,0.105839216158362
0,0.0814436782354363
0,0.0157089987171604
0,0.189394516448065
0,0.0982825261205587
0,0.204184792515551
0,0.106177158854358
0,0.0823313648524938
0,0.0788516673096531
0,0.152549308054961
0,0.651598536717677
1,1.60736319824062
0,0.493498063110245
0,0.113791855090472
0,0.231895118740325
0,0.502072367209754
0,0.416948345765093
0,0.436950108762054
0,0.201898803567694
0,0.331163315598139
0,0.138944698181052
1,0.273716023244866
1,0.25205478929312
0,0.280055220754395
0,0.189145815259946
0,0.049799998856485
0,0.0939237269580405
0,0.0805265716868822
0,0.0703497645372862
0,0.0294265638121469
0,0.198662566628692
0,0.380911594449617
0,0.30552066858231
0,0.272768643889687
0,0.140248689412587
0,0.362502992643917
0,0.392040240823959
0,0.0390026256261532
0,0.148845126891436
0,0.321307203109977
0,0.13257211059727
0,0.155887685056461
0,0.140546708999017
0,0.2092840428442
0,0.276869108552687
0,0.687840974615311
0,0.323410153444954
0,0.412102303043507
0,0.428919654630961
0,0.054885879095943
0,0.0644422716465387
0,0.430963484850718
6,3.66122586210878
2,0.683148880991861
1,5.62198808750396
2,1.98661150173872
2,1.08198847718877
0,0.411452471682333
2,3.1716729165259
0,4.94233934172702
0,3.75213306777999
6,4.00531161518402
10,4.2584264924257
4,0.832398865344562
0,0.764352761454979
3,0.376970411099941
2,0.547695921449426
4,2.9991156148987
0,0.532426807302201
0,0.247701600492761
1,0.640923192146404
0,1.33327721665086
0,0.248565252444842
0,0.909194804325622
0,0.176284252907278
0,0.505043200058552
0,0.769651945675847
0,0.866367566722092
4,2.64536415588414
1,0.153472170030632
1,0.509088654002707
2,1.37251393635836
0,0.182859652389943
4,2.90856869154504
4,3.56914218544717
4,4.80056597677995
1,0.772794327672742
0,0.731077320720053
0,0.0730959182837892
2,1.58837969935002
1,1.21183423964979
0,1.13087260515059
4,1.38131919167062
13,4.81917849975896
0,0.201526592175021
0,1.65460652362213
2,1.48912452986734
2,2.42879623950669
5,1.60353454588853
2,0.700331075218134
0,0.827335387989685
1,1.3598471550996
2,0.495954527679449
0,0.386967171106495
1,0.547612347669964
3,1.7829191194753
0,0.131836578386039
0,0.117564655887464
0,0.729600979440392
1,0.847502862663936
2,1.51423939460242
0,0.276829378594746
0,0.22108997940028
0,0.468674407911872
0,0.121719797463565
7,5.97371065262725
0,0.484549349494977
7,3.68804507589044
2,3.12364399730101
1,0.798928656033066
0,0.486030386543084
6,3.34908733614817
4,2.65498799662001
4,1.19281191076643
5,1.75565352329326
2,1.10984549028673
0,0.257360358263156
0,0.0997616477813126
0,0.425552722822064
0,0.387803720983262
3,1.67274139491219
0,0.850075934088774
1,1.38995448430318
0,0.934118054573425
2,1.53505939267645
0,0.481086758850147
0,0.501549869501664
0,0.0861251177907711
4,2.21440349527595
0,0.176501799573656
3,2.31384852907672
0,0.210745449064669
0,0.0830217656276947
2,1.77765323877783
0,0.384030062846597
5,2.52525395322461
2,0.860346089874204
0,0.195970756329849
0,0.416609990332454
0,0.294887973644669
3,2.18880855805249
6,3.17679622403772
2,1.02999407434138
0,0.243251307762059
0,0.125620358597769
0,0.0715806970156092
1,0.113869401657644
5,1.16007281385788
0,0.832588267819154
1,0.385181224403089
0,0.342451678833771
0,0.0349716099324778
0,0.329875914940325
0,0.194015606471956
0,0.486061582639482
0,0.226546839353077
0,0.361282657765375
0,0.0152284146122538
0,0.0573529544845563
0,3.14618635437641
8,2.75897654035204
7,3.43255037920811
0,0.668563375871142
0,0.851267519057968
0,0.530194411067689
0,0.0532087906948176
0,0.641024853335471
0,0.528586164479847
0,0.0960034159699271
0,1.03705572527452
0,0.69725577989808
0,1.1602638615391
0,0.585969870020316
0,0.868142218335909
6,0.589496177711664
0,0.249808946429066
0,0.783578150919719
0,3.9835415017146
0,3.21214633141641
0,0.469468062138578
0,0.130260554839392
0,0.105695117929738
0,0.0327319854588928
0,0.170814961159655
18,7.54064699818538
2,0.528278430153263
0,2.51893907472536
3,3.69812956326966
5,4.1989967394609
3,3.19251324157578
0,0.46150020849351
0,0.158759085256299
0,0.995996868760485
0,1.14917233562337
0,0.0703868942010225
1,0.0649846110892857
0,0.64761205273177
0,0.717718187491175
2,0.978913076690593
0,0.182124156770518
0,0.158186488090126
1,1.13688763463203
0,0.103468121784535
0,0.102845050516627
0,0.601112588763217
0,0.0434757676508339
1,0.334226112709258
0,0.350526780656821
0,0.0334327772155833
0,0.608533558222776
0,0.23279404732769
23,27.0663110493889
19,19.3008629536505
9,12.4467162263402
13,20.3749321303167
4,12.9809631035917
25,17.9482498448178
6,5.42452820019284
7,4.66753935498596
4,2.75007108065097
5,3.90094162410389
5,4.01539282152404
7,3.63447006723439
3,5.06088158224071
5,3.95534135130457
7,4.28609340881311
6,4.38622739746067
0,1.25955229271189
0,1.54281921725535
0,1.01355592219901
0,0.045368280305078
0,0.245676861947488
0,0.247038516701551
3,2.51834030969476
2,2.28255590087123
0,0.274780307167978
0,0.678834579471529
1,0.630544171298613
13,5.30061732453145
0,0.716911000165337
0,0.396008206186165
0,0.121504503398392
0,2.45531655894916
0,0.290696373388293
0,0.287643427715467
0,0.135139559740171
0,0.395186737684446
0,0.723717611899105
0,1.06071135666654
0,0.109678023323888
0,0.267486399180767
0,0.289707526472822
4,3.0221664887976
0,0.0467454834404715
5,2.46690105244229
0,0.170153754175093
1,0.305691542357508
9,4.87124128266608
0,0.696249604687518
0,0.286182197359632
10,6.16472898231136
10,7.75950809857812
9,6.72955070862141
10,5.04360471252093
13,7.88308209711465
11,5.15056058556409
0,0.74885436906466
0,0.48491684247297
0,0.764273368357428
0,0.647346836628028
2,1.75105580704674
0,0.149572853297493
3,2.01686803979028
0,0.103324644984832
0,0.0147817824450466
0,0.304492221302464
1,0.159359601127652
9,7.3772196881072
0,0.96625333812542
0,0.447573498774173
1,3.31863344748243
0,0.185298097580934
0,0.416381380157029
0,1.90695506697911
0,1.52509497767733
0,2.61508216528201
0,0.31747328665519
8,2.99423773973145
1,3.29741665038509
0,0.520668442227365
0,0.509845620854176
0,0.484105546774256
0,0.082695577368274
1,0.422351039224944
7,3.61839119317319
0,0.181789676600812
14,5.60131427762538
16,6.1644325623911
9,9.68234548731672
13,8.11533832784482
12,8.5002537366363
0,1.89466627786857
7,6.84835905578366
0,0.660593476076626
15,11.2601436176288
0,0.161042738845028
9,8.38896483449242
7,5.52775990600071
0,7.37164003987978
21,7.11736099856065
0,6.90659420879151
2,8.26567545634819
10,6.83047739556138
4,8.56096699504292
0,6.92189346489799
0,0.959360813232432
5,8.49408834825559
0,1.12684794570051
0,1.95615994186515
0,6.72132392459966
0,1.33250194437856
13,1.87246609331459
0,1.01046556827188
0,4.40534234795029
4,1.23625975294773
0,0.0756681863580947
10,5.497110361964
0,0.14225647361277
12,5.58863877886925
0,0.594114447320156
1,0.120740779697724
0,1.99799840562535
0,0.203377817082119
0,1.35134626053882
0,0.265719969589368
0,0.551846995999632
1,0.059915317204988
1,1.71850629673593
2,0.463545151856027
0,0.467627709976019
0,0.0536031434052492
0,0.697342627592299
0,1.07097914683785
0,0.148793481065149
3,1.12801056751864
0,0.143105374560673
3,2.12023649677732
5,2.41489910456096
0,0.269778723401373
0,0.271303856550081
0,0.744304166211053
0,0.304384300330853
0,0.0512179771660437
7,5.85148083790607
2,3.82946940892769
5,5.92068114522705
4,1.72527570974338
4,3.81802368303877
1,0.846371173242864
0,0.139398397806136
0,0.717329841315659
0,0.0454820559869515
0,0.0479559130901304
5,3.74689669408662
3,1.93624073412226
0,1.97266681886946
5,3.3187550837897
6,3.01977989263375
0,0.65945496611853
0,0.12038678475786
2,2.48654141221581
0,0.341995214964461
0,0.453394920015349
0,0.0248036613022772
0,0.428085763177588
2,2.44858767910844
3,2.42616288077935
0,0.40931503522121
0,0.210937774170212
0,0.686236648807023
3,2.22551668217846
5,2.04227906352584
0,1.05000598163735
1,1.22308545857516
0,0.924541664283359
0,1.24041120768726
0,0.309743304576161
0,0.608049496097536
0,0.0294182135474307
0,2.62102537499874
12,2.59709713172035
0,2.60511909223907
0,2.76024007000822
4,2.36146489955027
10,3.6428789687356
0,0.89390053830538
0,0.530255411280646
0,0.706566324068242
0,0.0544804371185422
0,0.133891055103437
0,0.0805730727412413
0,0.0899697132150003
0,0.287994949884865
0,0.17288957616251
0,0.169748314320994
0,0.166119006910965
0,0.160925753267148
0,0.174790020815104
0,0.0550565575450833
0,0.00443593729004647
0,0.00487443118574373
0,0.00456554014110745
0,0.0373924122056996
0,0.0562030866288589
0,0.312240980815435
3,1.55035133769576
1,0.923145804195693
0,0.128252806181921
0,0.131216733308569
0,0.748604557757393
0,0.913960161137191
0,0.258311570944574
4,2.26814515094155
0,0.424635298222224
0,0.0868684133396536
0,0.586053543874704
0,0.366518965352483
0,0.739861292454336
0,0.671538862665641
0,0.117502223803613
0,0.0443805962110694
0,0.330813632151096
0,0.16818227854821
0,0.348498233187194
0,0.335806226933033
0,0.314909515696634
0,0.0294131306917565
0,0.4119626514347
0,0.0222198670336706
5,4.20156812532075
0,0.755166264572202
0,1.15632691276154
0,2.22079653935264
2,1.5297303256758
10,4.98456768295474
4,3.36590196119954
2,1.96757506470269
0,0.890086753794572
5,2.82214384568102
4,2.93900228253897
3,3.00300840192774
1,1.35243816169828
0,1.0061401442814
3,2.16910054082259
4,5.48345662946182
5,4.22226457942822
4,2.93273047148509
0,0.0186587614552276
0,0.0266886321123215
0,0.172955233678954
0,0.250927515650878
0,0.0847901882863115
0,0.145848604843728
0,0.216927246009871
1,0.04842367462521
0,0.257321708133674
0,0.451423223157965
0,0.152382213699986
0,0.00654095257647879
0,0.00249697963312951
0,0.00334746025766843
0,0.00463323642559253
0,0.0304803849695468
0,0.0364733607384998
0,0.0864921295402016
0,0.0380898672892774
6,3.59483599629825
0,0.00525165128771069
0,0.748776688031739
0,0.752532293829712
2,1.35851041760177
0,0.0987307817352196
0,0.114399719889485
0,0.0206758524358524
0,0.717021945165894
4,0.819304762548767
0,0.0857720889737305
0,0.14847283197851
0,0.124850970961474
0,0.0129556187837791
0,0.101634932828284
1,0.79871310783051
0,0.164490342418532
0,0.0961975663239674
0,0.114122032055966
1,0.747251974463517
0,0.00890313555386692
0,0.0437850093586694
0,0.967777655725665
0,1.23136275573999
6,1.53459219981124
0,0.803133376880723
6,2.34298272463357
1,0.716866459274604
0,0.978957129559984
4,1.3042868259975
0,1.02340781195182
0,0.979173125820331
4,1.31984518381408
0,0.0628775168558485
0,0.109852634441887
0,1.38396050854286
0,0.00405638717400142
0,0.0561598935138259
0,0.0360727415566451
0,1.61925210577142
0,1.10734216490005
2,0.948004150831198
0,0.0509690985412394
0,0.0703385378569981
5,1.77090877347594
0,0.421372167623916
1,1.77097357256226
0,0.0963361598501917
0,0.707765604426149
4,3.21277140350178
2,2.04433989452015
0,2.86851620612947
7,2.5654070310697
5,2.64170965430028
1,1.67850592043303
0,0.178740117330476
0,0.179864992694781
1,3.10355241063532
0,0.136787604903935
0,0.158609906646435
2,3.49351787205319
5,2.20320078682245
4,3.27086005885894
5,1.02395161679854
2,2.87157818110181
2,2.52708980813556
6,2.69123368075072
1,3.17221732340952
0,2.83888542566647
2,2.96439751485594
0,3.08731091561607
3,3.7544652726201
0,1.26151452320981
3,3.08945577735274
0,0.199641357411036
0,0.99969717630686
1,3.7277505627813
3,4.80798430694446
1,0.079904803431093
0,1.30489042300497
0,0.0624279073722987
5,5.47263844677115
0,0.263433270667799
0,1.03224988928141
1,3.27170349390335
14,2.2611944287654
0,0.175692157935989
0,0.0519541586218919
0,0.0909138579718856
0,0.0400289351795269
0,0.630101035541329
0,2.29181475024424
0,0.0651756443775856
0,0.996836012907879
15,5.82805026513765
0,1.7511488220636
0,1.98431933656002
6,3.67282158096915
9,3.48594668223242
6,3.30579849417908
0,1.13864205623173
13,2.58280403857704
0,0.713142485973981
0,0.981567069204318
0,0.17467171044797
4,3.39250313471363
0,0.681594416620024
0,0.641738343722168
0,0.801365813325371
2,0.506752175429579
0,0.48223563364843
0,0.583877222756564
0,0.0810036337680319
0,1.2934410637682
0,0.680645709214098
0,1.37229244966547
0,0.441131468205837
0,0.308212806671653
0,0.628507943687076
0,0.595083007630041
0,0.425105893510795
0,0.241082842735325
0,0.43863084484439
0,0.205975783278294
0,0.20643301200763
0,0.0419447913384406
0,0.634158727452995
0,0.491113317398649
0,0.0420354303417256
1,0.514337490611835
0,0.191007143935289
0,0.0619364132374021
0,0.0631296449589252
0,0.0567412720378413
6,2.23431630838887
2,1.22084369094016
0,0.140849478376701
2,2.35030865997936
0,0.172179918700371
0,0.120743118002051
0,0.252313981098269
0,0.0377408130242249
0,0.0363112813596683
0,0.521947306876097
0,0.538567630167451
0,0.576994370719678
0,0.618760719434201
0,0.662367721730727
1,0.591206263233245
0,0.137844423267289
0,0.0176766547021008
0,0.729951477560984
0,0.850471085989454
3,0.170520312768425
0,0.0167007735473251
0,0.0824762882460021
0,0.043427026207423
0,0.283677478539989
0,0.0775969730931398
0,0.675664847090309
1,0.763203618183658
2,0.812288277596488
2,1.01971200396425
0,0.0116477060833681
0,0.00989488159202473
0,0.055672648781139
3,1.42188843195818
0,0.0115931821711043
0,0.0133712482852496
0,0.0319810057353387
0,0.228220641431871
0,0.541233144388203
0,1.09380137566617
0,0.292765173997596
0,0.00917690577992092
0,0.293549928842647
0,0.481730805284561
0,0.209297131546746
0,0.392931683496555
0,0.4359161636278
0,0.0214225516790678
0,0.258538468434741
0,0.0386538372634094
0,0.142660425502068
5,1.49892025001675
0,2.41771684950681
5,5.17541578454001
0,3.3689916866343
1,2.85675992687504
2,3.67529033100127
2,4.87596620173413
0,2.01893478385169
0,3.27548404979664
0,4.01081359416346
1,1.81039145542558
0,2.81153594800569
0,2.73441496495069
0,3.77946424147764
0,3.17457295237197
0,4.49875546029301
3,4.6467668541305
8,2.35087872643342
2,2.41778532083778
0,2.89212351582776
0,4.08677861894912
0,0.174122850285472
0,5.45331621397727
11,2.93215902678889
13,3.25562238416108
6,4.18942696204168
0,0.0970094082177682
0,0.103018040633039
0,0.83978286159929
0,2.66753317500472
0,0.597041459430896
0,0.218248120001479
0,0.123403796922607
0,0.145909336034391
0,0.372343326716884
2,3.65553050762892
0,1.32622511238896
1,2.70807416286999
0,1.23922697180691
0,0.192467697214977
0,0.123733238076558
0,0.204691865945667
33,3.76739795656715
8,4.73311799986017
0,1.44016086617732
0,4.76243144083101
0,0.475616549064595
0,2.32670923244392
0,0.0547258007269629
0,0.0961925814291872
0,0.143621167202455
3,3.80783385209135
0,2.96837554935708
0,1.99378216571769
0,1.13018900676428
2,6.80056622343132
2,3.53107366378178
12,2.35146617898017
0,3.83950772979234
2,2.71520036980437
1,0.843197408853685
0,0.657304890563518
0,0.858234663462258
0,2.25168599629087
0,4.23792911881532
0,0.579071960222918
0,2.43559293026136
0,3.56551008493773
0,0.0158617197019385
0,0.0887253962836892
0,0.0986713596120785
0,0.0563700224739122
0,0.443042501066182
0,0.763243176715408
0,0.0198412433637039
0,0.0157385134271718
0,1.17332068779207
0,1.62659027014117
0,1.04012979673952
0,0.806581598410378
0,0.344258739145779
0,1.91093669218912
0,1.00864349527769
0,0.520714760850038
0,0.505720546593407
0,1.69718857362666
0,0.666098661068814
0,1.15514778281682
0,2.29575849518375
0,3.4706993325349
4,3.59178125425293
0,0.178584833874886
6,1.15269928019695
0,0.12409796067324
0,1.87702409792081
0,1.3338296566913
0,1.59631728410981
0,1.34217381437338
0,0.945726470791828
0,1.35845680622605
0,1.7128051171644
0,1.51830457311181
0,1.28543055977644
0,1.5183445631876
0,0.703652463400279
2,1.20047899806663
0,2.03654379727479
0,0.818026121856847
0,0.527194598321883
3,0.256019097429934
0,1.43640784473785
0,0.0612287414576735
0,0.949845223642282
0,0.728772339686694
0,0.205008600006454
4,0.951379118693832
3,0.661009092924125
9,0.93764276500977
0,0.804310353789757
0,0.37829964938912
0,1.6122019686329
0,0.081611174816081
0,2.07746214085439
0,0.664882844556219
0,0.947815337514261
0,0.102602229823813
0,0.637755706392543
0,0.340290148466286
0,0.513943729849589
0,2.02882278588149
2,1.13438029108535
0,0.728707571321721
0,0.885733612111104
0,1.50305908949594
0,0.0534914570610926
0,0.742345075037074
0,0.0193981551145855
0,0.0543954641393132
1,0.0517465266686803
0,0.760697495701388
0,0.0139149492408992
0,0.048636552775582
0,0.400011827150913
0,3.09354814005225
17,2.27067309876643
0,2.59318028847148
0,3.13954083166412
10,2.90847991939239
0,3.92339110883167
0,2.75671887471573
6,5.99394798493423
7,2.43391159134607
0,0.577811740520498
0,0.0392713843956271
2,4.60750452218471
2,2.39545139849092
9,5.86112366185888
7,3.07106827261979
0,3.13451147384954
0,0.554520476285885
0,2.36049130901554
0,0.541692365439469
0,0.139479081542321
0,0.191364642036398
0,2.32770868601701
0,5.20456470077116
0,4.31471982315809
0,2.34369705140118
0,0.189436476380183
0,0.122756254931138
0,0.0503777037946942
0,0.127493423672111
0,0.0907648721304176
0,0.171472800217892
1,2.12341179745614
2,5.07503652697197
0,0.538783359553888
0,3.85422556947063
0,1.66172157131282
0,0.516540557849086
0,1.20107645123691
0,1.18224629036289
0,0.533874361003153
3,0.759101563087106
0,0.965212382491995
0,0.890917268092593
0,0.158454188143846
0,1.5263142485432
0,2.61481165216068
0,2.24503581483155
10,3.45767859660324
3,2.56356488863478
0,2.6600889854065
0,0.0348708107378181
0,0.0665894551251548
0,0.234043453554702
0,0.462943990261941
0,0.0626695934270291
0,0.201754928991191
0,1.15912494870685
0,0.056498598381282
6,2.16501262984402
0,0.0320379924837982
0,0.233772055262127
0,0.241873228272967
0,0.279585881687474
0,0.336281556151218
0,1.81092183553289
0,1.30747173383411
0,0.19631732436486
0,0.507005492327217
0,0.0461402436658028
0,0.0188326018436576
1,0.00766661490331588
0,0.363230082371721
0,0.0302781474056161
0,0.117867891612167
0,0.00758163678367813
0,0.00399428263118093
0,0.276791995480697
0,0.245970846894655
0,0.0206643831642987
0,0.30918933962713
1,0.0264437603730108
0,0.253835932889509
0,0.190393371059562
0,0.297254899766225
0,0.0323536985159123
0,0.0228491573014958
0,0.0123034025650227
0,0.684488404226378
0,0.713701786186859
0,0.0310038116215046
2,0.0300987852955247
1,0.466670077597645
0,0.345363171464151
0,0.0177107074943767
0,0.0215615351632
1,1.11275161350641
3,0.692949597269188
3,1.71046956048508
0,1.29260428773685
0,0.0889286705233929
0,1.07791327203363
0,1.3754999477949
0,0.0221484841662751
0,0.173252960382777
0,0.0300594026041486
0,0.390105802717887
0,0.197154073156653
0,0.194979905762185
0,0.204038718914221
0,0.0215806692879105
0,0.00463810924622588
0,0.0853061752771871
2,2.03587678978416
0,1.64282891105195
1,2.30820515252607
0,1.04858001041425
8,2.59808444548348
0,2.57892832738776
0,2.05367898033358
4,3.49816684070046
1,2.7069860504107
2,2.21418286976545
0,0.0826485876242678
0,1.60134644976942
0,0.0648574132628535
7,2.29987837092887
1,2.5891904371375
0,2.55713723262369
0,0.0293170223885023
0,0.0885885670371834
0,2.88817437661385
0,3.0701400050635
0,0.131702415704794
0,1.69689852177245
7,3.16316573062562
1,2.79936990516408
5,2.95811061514439
0,0.0182664530655203
0,0.0483164541720551
0,0.0271977134979461
0,0.0756037285415994
0,0.0434646890321973
0,0.0744427499714429
0,0.0509700876942765
0,0.0866577326613545
0,0.770000674206322
3,3.02559815869274
0,0.178475686239927
0,0.0863274577824271
2,2.29641155972692
10,2.76810887445094
0,0.17920273444109
6,4.18771480632312
0,0.219191407098822
0,0.196843782444418
0,0.118538149607011
0,0.135632876104825
0,2.01393448765383
0,2.58668958621154
2,0.674095545404228
3,3.5944563432715
0,0.189097643806377
0,1.10739755752249
4,3.42438299919264
4,0.189767356062793
0,0.42581886656747
0,0.324270418905489
3,2.08858430120822
0,0.0235510278724176
0,0.0676476828226869
0,0.0776717617375076
0,0.648188700037966
0,1.16030956370174
0,0.4041263483549
0,0.0220312783996308
0,0.453440180940691
2,2.83449064145349
0,1.16581678903184
0,3.43201157818188
0,0.712597552861257
7,1.03139375497355
0,0.215983954593606
0,0.108844239233209
0,0.112918254427372
0,0.125139683934982
0,0.0312010443903293
0,0.0274916718123341
0,2.3176387671675
0,0.0502566917173478
2,1.58918906208791
0,0.0312049532735984
0,0.763054627654012
3,0.14586270628612
1,0.47445509506419
0,0.220423708097193
0,0.311028680024932
0,0.0635516883098016
0,0.26767160323381
0,0.18451202522382
0,0.0142261464526743
0,0.0467388670052335
0,0.0435889087562263
0,0.00430629940120805
0,0.152710513019222
5,2.11968470193799
0,0.0386342452166567
0,1.08905143782685
0,1.16898994998519
0,0.945699473035877
3,1.16367808023817
3,0.754085831190015
0,0.181369060007078
0,1.43293153780828
0,0.0129921823549402
0,0.0140885733236459
0,0.194292662150097
4,1.66083466662161
0,1.49414411719342
3,0.366295530119706
0,0.0412672194579756
0,0.18260630149304
0,0.00655990726206799
1,1.83150950470797
1,1.57151196277299
7,1.33248418128129
0,1.69984140651742
0,0.101656422152643
4,1.61386668749381
0,0.029380232866352
0,0.0548982363763484
0,0.109437900554919
0,1.65298429743093
0,0.0566195548446608
1,1.4337262060446
0,1.31983219037065
0,0.1637791289368
0,0.00307452375388763
1,1.36349060404489
0,0.61092895904267
4,1.57565030835326
3,1.34214066144419
12,1.3645312516923
0,0.170343479788061
0,0.0310607553432894
0,0.0236449687709623
0,1.37727564037285
0,0.892627583469153
0,0.429683082633965
0,0.311036261120262
1,0.709570247477705
0,0.508562874402328
0,0.285677313579061
0,0.350095585908704
0,0.360557152790236
0,0.16032892064939
0,1.07687508988211
0,1.00869698755286
0,0.00880430995482812
0,0.877308843192859
1,0.752800163105118
0,0.592067760003364
0,0.246023902949251
0,0.0524720028445715
0,0.911660743409093
0,0.00310336379686515
0,0.0352607471277242
3,1.15029428491777
0,0.0172812192635563
0,0.0205364559997116
0,0.239287883650124
0,0.135316046840855
0,0.209260493862308
0,0.362976344253654
2,0.447406112399984
0,0.130546013864255
0,0.626391723130767
0,0.722622466106905
0,0.259945989426289
0,0.0219722012134686
0,0.0169502109998001
0,0.0166379722381216
0,0.484967662375579
0,0.0123262492458912
0,0.0299286922614538
0,0.286418364906664
0,0.000893242412772786
0,0.0352585524845882
1,0.49141867940783
0,0.759584515939878
0,0.723582030198295
1,0.576009067110536
0,0.0191667643086889
0,0.00923745616395109
0,0.0132546297698659
0,0.206618295034619
6,0.789467429810055
0,0.494078874595183
0,0.0962298414879357
0,0.0193852420091633
0,0.740081918260463
0,0.0208482001097212
0,0.242606417065721
0,0.0685466893888447
0,0.019468793193658
0,0.77671268361539
0,0.500609942339834
0,0.776378909801148
0,0.604027115522678
0,0.081356932581588
0,0.528735690614471
0,0.0637135156016012
2,0.44875227735024
0,0.619619549565983
0,0.0385413913609396
0,0.0196884942154164
0,0.0325539552288399
0,0.0312074275649622
0,0.00963288611885832
1,0.871101179828092
0,0.0506241013611659
0,0.00996540898220067
1,0.61355577660013
0,0.517207675288112
0,0.0517390900256867
0,0.0121247085162645
0,0.453131813738102
0,0.128385918659282
0,0.00977293574376335
0,0.33502833469383
0,0.403634283505415
0,0.240085231347956
0,0.00304598213826722
0,0.00895897369441294
0,0.0280692394579401
0,0.0588216421202485
0,0.00746855051338775
0,0.00873898350450889
2,2.88159337850175
3,4.18010267393634
0,2.43444033159707
11,5.61628682570277
0,0.0191382386865094
3,0.689806349560155
0,0.0331469968077131
17,3.88580073482333
0,1.25278769877628
13,8.2334649477414
0,0.358173010585866
5,6.16811067424536
14,8.03991215096566
3,6.56221464538043
0,0.443260064259246
0,0.503181304956359
0,0.238793714846814
0,0.221564327132113
0,0.0322798775444642
0,0.0603663661869981
0,1.68908842732904
0,0.210062272957343
0,0.345266723781038
0,0.15488974943533
0,1.6942160596742
0,0.177820748189566
1,1.97659241686428
0,0.494563907732674
0,0.0647710942818452
0,0.066829924129323
0,0.0328308750806038
2,0.821461028046187
7,0.960290802373314
8,0.74072354786149
0,0.0206173970481228
0,0.74138796584224
0,0.779335921416931
0,0.785845764989878
0,0.993901307675673
0,1.01945065969826
0,0.876509160222967
0,0.044555479860004
0,0.459703612652781
0,0.0237097873213854
0,0.0216338020234227
0,0.622024441962894
0,0.0248489939832961
1,0.728234284913273
0,0.0114236257196133
0,0.384542158720631
0,0.00708414642548881
5,0.950412298078377
0,0.866203814255069
0,0.0374032512252038
0,0.163385549577999
0,0.189014736895879
0,0.0154573620844859
0,0.0101890212005377
0,0.00570443028048185
0,0.00947600070772576
0,0.152879902105841
1,0.770757413041599
0,0.0158736836412773
0,0.585711482448117
0,0.161654262253116
0,0.700881507583208
0,0.0676597943785
0,0.180085569134471
0,0.850638082678669
0,0.0525273804009885
0,0.0190173835748695
0,0.750298958681498
0,0.0148600907451037
0,0.919968269086803
0,0.0351732125927632
0,0.062368078073428
0,0.0844744960206541
0,0.266031007343266
0,0.525678017934101
0,0.0465573126074725
0,0.0791861596835311
0,0.100755994760147
0,0.0904817920718845
0,0.22238858876598
0,0.164488949714653
0,0.111697875998711
0,1.18495770367487
0,0.0951954657347123
0,0.373696543778831
0,0.449019783021128
0,0.0124586247093746
0,0.320682461082314
0,2.38692769608289
4,1.60919228623005
3,1.82593634253928
5,2.42788209252045
0,0.213150442612052
0,0.589528457011975
0,0.709683845659197
0,0.128085399830071
2,2.829822666191
0,2.77774373082464
0,0.812877596241704
0,0.396420571441344
5,1.38981033412616
0,0.368263712850368
0,1.17197198363152
0,0.595534932511958
0,0.0787379412663399
0,0.399262902706126
4,2.47386194423411
3,0.907305941873414
0,0.429713924057637
7,4.37801442591025
11,3.22268018662164
1,2.75132365254251
10,2.16557387937412
0,2.92756177145935
0,4.23415212937338
5,1.33776893286772
8,2.81640183578845
0,3.59592206491288
5,1.13788931317491
0,2.35350006173692
1,1.5518090649501
0,2.25821909830725
0,0.975466151542857
0,0.354839859152498
2,3.09601897880657
1,3.51621952279113
0,2.12169655019028
8,2.68068663243528
0,2.52038593030452
0,0.126569546010172
2,0.130760544697816
3,3.04750610799514
0,0.0441105618902484
0,0.0343141350487857
0,0.0431850671331796
0,0.0258327673468263
0,0.233832384987024
0,0.0196066786078665
0,2.11255953793998
0,0.134862107419576
0,0.104010371130722
0,0.0925899949461245
0,0.24966892875451
3,3.26074215652927
0,4.57753615189787
1,3.15885123324439
10,3.94802268216859
0,0.557415849811253
0,1.18064853990272
0,0.608946753160378
0,0.261227156894347
0,0.239376689669416
0,0.0964863969836552
0,0.237388899635934
0,0.147201899960078
0,0.131389280380099
0,0.271075762867858
0,0.637165901178729
0,0.532691074339929
0,0.777739030561551
0,0.00436938497908075
0,0.646544480751185
0,0.626549515444761
0,1.8205341274775
0,0.48927190948812
0,0.319997125588501
0,1.00954204951701
0,0.49226043883128
0,0.725531485598097
0,1.05828300861332
0,0.98730371012992
0,0.79586071572101
0,1.52167353516159
0,0.189326939942326
0,0.0022791973058853
0,0.903264964680655
0,0.195863936522407
0,1.13286830034092
0,0.0133097069297151
0,0.0211503764800523
0,1.57497130307657
0,0.00131457539799515
1,0.405605405342225
0,0.0298865900218566
0,1.4582960619346
0,1.39081323200778
0,0.833446993455242
0,0.576923853569367
0,1.03923359709346
0,0.318185466148833
0,0.180372494944413
0,0.514307766749609
0,1.23096333459483
9,0.540444569848519
0,3.51725990104125
0,3.65110926934953
0,5.40981422128193
0,3.40456919005849
2,2.75355186214678
7,2.91141471918694
1,4.00993984755879
0,0.864976731965669
0,0.541560163167684
3,3.57519521001681
0,0.160717674682386
6,1.9211966064728
0,4.80398890439161
1,5.23751371246166
1,4.77215147365647
0,2.37752127856527
9,3.50920311601727
0,0.522142456646672
6,4.93247060387273
0,0.239208884541809
0,0.201190874772957
0,0.628721200361041
0,1.09959224622016
0,6.49681338451964
1,4.731670815774
0,0.152572935391571
0,0.085705708461751
0,0.104127710256925
0,1.15289649603716
0,0.644053285700479
0,0.584469701113412
0,1.33921039162316
0,0.326936995129195
0,0.11658756099144
0,0.0885372272509602
0,0.518395308990609
0,0.992956486563125
0,1.64489062810875
0,0.0610391162657835
0,0.891902493636493
0,0.37094338903643
4,1.36286144859765
3,1.57535961642215
0,0.0910258106284741
0,0.487664594031128
0,1.24447740716134
0,1.56967321971518
0,0.0448736706916588
0,0.881017081069998
0,1.03869742331306
0,0.237234385685915
0,0.0844977853651569
1,1.160721681091
0,0.821592567571963
0,1.20815322595358
0,0.680490385883281
0,1.6718793928991
0,0.0734959458928631
0,0.078641578627874
1,1.04092868572644
0,0.0244157581888529
8,1.00659883245792
0,0.0522855590136294
0,0.0285096663602227
0,0.0414987658176115
0,1.42208140915952
0,0.00129430107691792
0,0.435038612735085
0,0.626931454093287
0,0.360799054523795
0,0.184237100041437
0,0.811796446599655
0,0.0639541982234636
0,0.103975173057554
0,0.418883524651321
0,0.209778931598649
0,0.127261853696155
0,0.0266777345921697
0,0.246427305547681
3,0.582619024105129
0,0.128066491051082
0,0.0874564051725305
0,0.696322733311078
1,0.941008174029003
0,0.0308034944430441
0,0.0948487808976658
0,0.147596617836697
0,0.0234692031806496
0,0.915724148776146
0,0.68370165178402
0,1.26802788683947
0,0.202642809608583
2,0.49257643412095
2,0.129119982132808
0,0.0891574482460063
0,0.174252828485105
0,0.751831468573724
0,0.202806484890894
0,0.711106440601694
0,0.782072552041385
1,0.00540348772535067
0,0.621918256446971
0,0.0487360960941204
0,0.0408474743592036
0,0.101469822209622
0,0.0224683937024623
0,0.0365410593291039
0,0.259791485506716
0,2.65093079661418
4,3.96006182277038
5,3.15962665219738
10,4.3160533583453
0,0.43332624432098
0,1.83441942306371
0,0.136612673173763
6,2.83559659494325
0,1.85576083230575
2,1.46769377478733
0,1.37638501815056
0,0.193869344385375
0,0.0599337624262362
0,0.320816141866526
0,0.480624439865674
0,0.0135214344865229
10,8.03583192744546
0,0.214474912744589
7,6.86317149148539
2,4.35133666009728
0,6.80542451132506
5,6.17635120814655
4,7.18404772435596
11,3.26764055734358
2,5.75125531928192
0,0.0623695877006117
0,0.0221136255410268
2,7.35432447832834
3,2.49257323399522
0,0.144883320334356
0,0.0347457989810406
0,0.0375361616440508
0,0.505041344026306
0,1.99103956095171
6,3.96180890609826
0,0.124310181573375
0,0.465105402118193
0,0.126112557445115
0,0.0731794492603502
0,1.72008279223188
6,4.15104042919877
4,2.86091660787512
9,3.5930605615538
0,0.970343377483287
0,0.00184837579136646
0,0.178601802787159
0,0.191085510351999
6,1.94974973820337
0,0.106489036006262
0,0.0148846885947961
0,0.208854317382859
0,0.377544305842705
0,0.279711060768749
0,0.267410428887359
0,0.00563577613891335
0,0.273830439560784
0,0.00435624859525931
0,0.00580604312013763
0,0.00950012315848507
0,0.322515458033927
0,0.0307708234125421
0,0.00913293116307531
0,0.151508264379175
0,0.0431009895498645
0,0.0236640698235444
0,0.0858933977604909
1,0.583951646447539
0,0.721954095778891
2,1.5897099629466
0,0.0811165182871046
0,0.0182314182760566
0,0.0155087328830709
0,0.0320776000376614
1,0.672407576461009
0,0.416198914356537
0,0.0154080647481259
0,0.0730670360144088
0,0.0322691494309563
0,0.37345491203893
0,0.00883828732943933
0,0.0297116023627323
1,0.534619721975994
1,4.16718442676369
7,3.7372259090234
2,4.56262902294016
20,6.07824897713542
0,4.03801710665936
0,1.85738512132573
0,0.0660215455721487
0,0.0702922977276374
0,0.0696688557341959
0,3.3317168379018
0,0.0300706156196711
0,2.11286825116678
3,3.47920636646099
0,0.0203040396521278
0,0.0582931433582737
0,0.014388415126944
0,0.154653385505267
0,0.0087919530758479
0,1.18706833135896
0,0.0290399377068171
3,5.33022724440756
0,0.144420803161431
0,1.20241709022798
0,0.074183835642445
0,1.70773237803956
0,0.997528726521411
0,0.502644863692571
0,0.0281090718374174
0,0.345659538957108
0,0.279314370732917
0,0.548927634340416
0,0.210003331281545
0,0.0296638445689603
0,0.816155420528014
0,0.0926641669887756
0,0.098789023558134
0,0.0597192104803951
0,0.00370576650526119
0,1.19129492992672
0,0.813850551356041
0,0.0254608445432973
3,0.0311525870841292
0,0.0851020024158018
0,0.399399758320433
0,0.482428019601869
0,0.206319531381614
0,0.378555625304953
2,0.403713867800454
0,0.275244377325431
12,6.76232184170919
9,7.24723986210797
8,5.22968094831917
0,0.413317455151713
2,0.877063396402933
0,0.0276232670544098
0,0.0586296290546139
0,0.0225222489290799
0,0.0627580477874866
0,0.0195284812707968
0,0.0365004517277294
0,0.0144429302597363
0,0.0135700901080408
0,0.0188603137391427
0,0.0327939534866837
0,0.0366680001833849
0,0.0221849707509303
0,0.0190576256884281
0,0.015578587958972
0,0.0188603137391427
0,0.0151233762588615
0,0.0462626220703379
0,0.0869962444087033
0,0.0233266470294466
0,0.0411653530083107
0,0.0277202946060098
0,0.0303936317626017
0,0.00902370457562937
0,0.00528848533190602
0,0.0271808751202341
6,7.03611206019353
0,0.829871351818975
14,10.8191155992641
23,7.70515651813901
8,7.74923970783736
20,9.14679682379514
16,12.9664102609138
1,0.122927255631065
8,3.76248811987303
2,2.61130208517728
0,0.217470499684244
9,1.36592662247942
3,5.52978063935156
3,3.54870150109995
11,5.36877154353734
6,5.88445884223463
1,6.58774517552541
0,3.66551531954191
7,5.72472369285417
0,1.20586895226383
0,0.456561052100424
15,7.47903118322905
0,2.25252762894913
4,2.38201385886804
0,1.16158705449119
7,4.89278331009791
67,37.7965308158785
0,1.98297893193815
8,5.77939667168376
10,7.58068587138849
2,1.00451287486019
0,0.329126702196094
5,3.68075537927799
0,0.661251672771766
0,1.68060642951766
8,1.35279987869281
3,1.78874392414593
0,0.982300517511997
3,2.46479668986063
0,0.628747113639375
0,1.03937728272733
4,13.7140982978383
10,13.3142557936186
6,5.64708474699142
6,4.31080373914983
0,4.29474416745461
4,3.63630083696018
2,3.28687460062627
0,0.324772787146839
0,1.04342666456226
0,0.168682522263031
4,5.03341482368789
7,4.03808886360147
2,3.90880161776941
7,4.11658644080284
2,4.92233936660205
0,0.131490910444806
11,6.00655666825701
6,1.61065002252986
5,3.37866396599843
0,0.457875129423725
2,2.40041518902043
3,4.31529103414916
13,6.27122492610884
0,1.26075248497496
2,2.20300124041327
1,0.716507425328713
14,7.59614961994683
0,0.461488142573764
1,1.18378487989935
0,1.02771562695637
5,4.13963429848691
1,1.56623052886832
12,6.01398205954591
0,0.48627394872891
16,18.6821303182337
4,3.92773944503918
1,2.63270524795144
21,9.9074130406865
5,3.62364826662963
9,8.12583866555038
3,5.45523816854521
0,0.293520120027809
7,4.01628946048497
11,10.601908529364
9,5.98549882491639
9,12.1840784846741
20,13.0070380106224
17,15.1558683308671
0,0.855425600428536
2,3.82516866297893
1,3.14371772130645
9,5.19553097176603
5,3.99615819887201
2,3.13003422655189
15,4.46176275703904
2,2.89513309269967
0,5.12999618409359
6,2.21501903599372
4,5.79460546676563
0,1.07518654566307
2,0.51019819035757
0,1.66240240775801
2,2.69961870973608
2,2.79215886085035
0,1.20505234089656
10,7.14839100826487
3,7.6495913545341
6,6.45348107167396
5,6.46904414371203
4,6.93915688757927
6,6.21099794029013
1,0.870537316120714
0,0.940486652240242
3,6.99178350817712
4,5.57967285972781
0,0.198834461666644
1,9.21492279671576
2,10.0447033306629
7,12.538851977119
7,10.6865045661375
14,15.0549407400844
11,13.7905213812835
5,9.40180780428127
14,11.3578219943201
4,11.0357453281046
7,5.22602945171785
2,3.9563725113941
19,5.5198211365997
0,0.722584660033767
8,16.7901861319699
11,7.75708152228015
12,9.87530326054457
22,11.0490162410466
7,8.02790663330164
12,9.95443191182991
11,8.27902555682698
2,7.76819521450591
14,6.85606403873209
3,9.66038737181214
10,9.59930373940286
7,10.2989820711378
25,8.47573618414856
2,6.60430521646799
14,9.3497786554576
0,0.206951931389734
8,7.90867493591121
8,3.87616444941643
7,6.02586744443528
1,2.99405108333623
4,1.44489353430952
4,6.40860878477662
16,10.00422099743
7,8.0682085471877
2,7.74151567365527
4,5.55266243122195
11,9.66698741374262
4,7.8266497301103
5,3.74216632299556
4,3.92603650835591
10,7.80752227828802
8,6.91012697376569
13,10.3684444256028
2,1.54005816540682
18,7.23957605098207
0,1.10230255207295
11,7.48522062995463
8,5.28937558992381
4,2.16434085368088
2,1.85309827693856
1,1.17100683795822
14,10.509755494303
4,5.01913803719144
1,0.5736005123289
0,4.95732976186944
8,5.74623782985344
11,7.27022072111057
6,8.43509570326619
9,5.13869694511829
8,9.17821837758394
5,6.37682451837188
6,4.4947609540394
17,11.6794743650018
12,10.6076096189738
15,6.86126232652888
7,13.5350177184428
0,4.06677099362497
13,10.6247109910929
11,6.69383832372079
0,0.432184266634256
25,6.99847410543444
6,7.26696792587199
0,0.783757432668316
1,5.95611618990506
0,0.295898393948464
1,1.92932841887117
0,0.463478391626023
3,2.05658342132976
15,5.31136755308636
4,2.29135526178636
3,1.9982311753143
4,5.44480478187239
2,0.752948430193444
0,0.588182122959353
0,0.0796596618999289
8,7.22241655017404
2,7.07509307248712
6,8.56113515206437
3,0.216681108019871
15,9.19335415333561
16,11.5717719939313
23,12.6720973376443
14,9.30201307636727
0,0.19184100738566
14,10.4849271690274
0,0.836956980181636
0,0.141997356268491
1,2.2011504518086
6,4.11013953613969
0,0.927462326235148
0,0.580930571339688
9,4.15092993112461
3,3.89301024828439
4,5.45491067154491
1,0.694825482834909
0,0.959996685319525
2,5.16113521716384
2,0.711934485676161
3,3.79979824965292
9,6.25978525431773
1,4.90777574281342
9,3.42152590251947
6,4.05094070241359
4,4.56034944393672
9,5.25334006945235
16,6.36180029627062
8,4.99716359658745
8,6.22729888736331
12,7.39870940655409
9,7.79736276924272
14,14.8974757743018
9,8.94169468478256
20,20.760491015981
15,12.2600855950959
13,9.65161219803854
6,4.13342595437014
2,2.01126580080459
14,9.32037984253506
13,10.5873849796873
21,17.5642852101301
10,8.43167378032474
0,12.0108983132506
7,2.15583520051633
1,1.26482449231519
13,14.0387181169689
0,10.1011475336543
0,8.06593048184713
27,20.104592196562
9,11.9045434337473
19,34.2540507050274
20,22.1591249817322
0,0.167668315942449
24,10.9386793117283
20,22.0903627672742
4,4.69906725422711
13,15.791447704066
0,2.00329831159092
1,0.141507547437237
23,14.9417737940281
10,7.10831401838029
13,2.6457656327134
14,8.24013865394802
2,3.91460190874591
3,1.89672758520325
17,8.92055387947508
10,8.47975108637783
0,0.526544406708791
2,2.64167711888026
3,3.71309475045885
6,5.62953981561985
0,1.01496288352067
2,1.00218947393665
0,2.14608353161383
0,2.0979043835842
0,0.0981851974894788
0,1.79719912478662
0,24.4189129214294
0,34.2110395771457
0,23.7224123053592
0,42.5981142949936
0,19.6706615240523
0,18.0352985915815
0,18.9709713967527
0,19.2638268943467
0,21.2852720224542
0,38.2603961428378
0,17.6457556889011
0,18.9403020513323
0,6.6970763943673
0,24.5665238082136
0,38.3943270981888
0,34.4231129898721
0,30.0353060800521
0,0.567356729963287
0,1.88255153104737
0,22.7154154176145
0,26.4072473794568
0,18.5190468322291
0,4.36608188308794
0,22.4162622119579
0,3.88548788665344
0,12.0111029666113
0,8.11007084796393
2,2.48724498358827
3,1.07177964162423
0,0.169333883501663
9,9.17495761358054
1,7.03208257345774
12,7.22540078376308
1,7.4432817078664
8,8.04711128507933
9,9.32596106786591
1,1.90601054676846
2,0.468674529902143
11,7.70786725097395
1,1.19322908852925
5,3.93897766624682
0,0.206269237926209
9,13.6282881945418
5,3.84358588314315
1,1.52741450615669
0,0.0849668036389762
13,11.8908094554613
14,9.5346393086425
22,12.2573988039118
21,14.35916227367
20,10.8840376095746
16,15.1167198021462
18,15.2942970622071
21,11.394222409116
10,13.598100138169
12,10.415210484623
0,0.755151440342456
1,6.45869140483313
0,7.4366757345751
0,6.55444120461008
1,9.05889843693154
0,7.90892789771743
1,1.12583263402117
15,11.6144583911742
12,7.35360162328659
7,5.66994573061108
0,1.29463413630902
4,4.78590142733078
4,5.19199818421914
0,0.821663339916285
0,0.285696461978392
0,0.77118877808682
11,10.1896810164058
1,1.40376543586803
1,2.15861615193803
7,3.72062528351011
0,1.67991291296459
3,1.70687553537502
0,1.21229839089094
6,2.49179958305125
0,1.36957644919513
8,13.5837524841278
4,5.38458627521129
4,1.9195767816353
10,5.49129920248357
29,17.0430683147346
0,0.13147251548853
0,1.50800164797447
11,9.02037045197858
1,0.998287114512195
1,1.38862160352332
3,0.857264919110756
0,0.0719282737745231
1,0.791389756823996
0,0.875765217765831
12,7.29718921201734
0,0.735302138235227
3,4.22727288829548
0,1.96042587545009
0,0.333160689028052
0,1.93782117827202
10,5.6551405536989
8,5.50389541052422
2,7.75080901591698
7,4.37568248186245
1,4.42039583147688
3,4.43980936173423
9,4.10753732532289
9,7.2798582492189
0,1.57307436127229
14,8.2638349080911
17,10.2466569270041
1,9.08454654443546
6,17.8007502595602
10,21.554562299342
1,1.31703940277238
20,9.13887355842937
5,9.37829592392719
9,6.97581557183904
2,9.97149346125442
24,13.50951057545
1,1.48047099342927
2,1.61181741574705
7,6.47719714174554
3,3.50810032642265
0,1.27391070022504
0,0.125950838042106
16,11.0441700113701
13,12.7855826972704
2,0.828547101970446
0,0.802553270234441
6,3.49187913153517
0,0.319314318542707
4,2.45401395640666
39,19.2703833764874
27,12.3580389417899
5,8.7974066621989
19,15.0913786965223
23,16.4549298217349
28,18.1374745583211
23,13.1598251373061
1,10.5710590467105
28,11.656604930775
30,19.3203893152067
0,0.896239822731395
12,7.61927279067587
24,16.7607285612523
12,12.9419060613404
20,9.71696156494487
6,8.11984217940744
1,2.65571425289899
2,1.51180943799987
2,2.41065138293072
12,9.11448214549786
1,1.56932890301148
1,0.502698884514992
7,3.54947340815751
2,0.908076898926703
1,0.599244587408879
4,2.79252080086629
0,0.838339027637052
2,1.29184957538659
0,0.0750668345070733
0,0.676685537700434
15,14.4109814285516
4,2.40551728285458
3,1.42573093373481
5,2.90740189628663
21,14.6841129281656
4,2.56073624362593
6,2.4325167401574
1,1.05310164813691
0,0.865154045538768
1,0.934181834060593
0,0.613023141004696
8,8.04583478693273
1,0.594927803350301
19,10.1269646885629
3,3.59774470903222
0,1.7412644908816
4,3.63797457897852
5,3.37274599600495
27,14.5717420447223
30,21.6273413602788
19,19.6070677876292
1,1.89210049675205
1,0.565434741495131
0,1.09935676277702
1,1.8201767077734
1,0.422800754462987
0,0.719776471401395
2,2.96051605503812
12,2.17352535888089
14,12.1405877271762
8,13.5648149243843
5,11.5946987732588
0,0.83034205846093
0,0.994309831492426
0,0.721315891487056
0,0.146083380195111
0,2.08051268623932
1,0.151470080291648
1,0.879914588379219
0,0.546626856909997
1,3.008092894029
0,0.0121765394188171
0,0.452356548091994
0,0.473678052259526
1,1.03107613694729
0,0.286418952811891
0,0.380078876507623
0,0.376120054841819
0,0.200564822869836
1,1.08204198898672
0,0.840507388777183
1,0.396878918925345
5,3.76247865524472
1,0.65607646715205
0,0.513555666289647
2,1.79351821924705
0,0.469394482367706
7,2.84536464994666
0,0.387856947569324
0,0.20973301077429
0,0.463169453263526
1,0.562613905358722
0,0.655819033526359
2,1.43612130011109
0,0.601394994083663
0,0.364392512867113
0,0.803949727259953
0,0.412679579787721
0,0.253935092128513
0,0.213370742417975
0,0.432286846210067
0,0.329032062335661
2,2.59374992207938
3,4.56225044595202
1,0.990030274336414
0,0.45848161472662
5,2.35244004079025
0,0.797620786985088
0,0.375540460046239
1,1.17473851572825
24,9.95846915781908
0,0.505450181440082
0,0.527535103555769
1,0.610322810930655
1,0.861851938853368
2,1.14473996935239
0,0.57870559551736
1,0.930540105317698
0,0.448306053628649
0,1.08455400957833
3,1.29513422359564
0,0.17347218169599
0,3.44277842629427
0,0.517331132841975
1,0.2681372275172
1,1.52254529358778
0,0.091716764773584
1,0.717967101979955
6,2.87813024534462
7,2.47684768893451
2,2.26142089407779
0,1.16891301305368
0,1.08275264423601
0,1.52956777617567
0,1.0318796122116
0,1.30528909348421
0,0.965326662149543
6,2.99087138526271
0,0.0134075924060898
0,0.0234635878814198
0,0.0360304450995397
0,0.754417823355069
0,1.39043188122824
0,1.4102680331982
2,0.63577277508425
0,0.769730183514861
0,0.352479297458672
2,1.03933512292801
0,0.206344602698345
1,0.674250903957273
1,0.421297187903406
0,0.0484822028570121
2,2.06710511251932
1,0.531030054742127
0,0.282420496804595
0,1.07565737880929
0,0.137498290827481
0,1.36275156931778
0,0.267036282673292
9,8.34195355371874
4,3.7414407641219
2,1.93872557757226
2,1.85349710667573
1,1.15981177614604
0,0.359249096773602
0,0.407217760869181
0,0.435355985043819
0,0.233443422127289
7,9.85468414601409
18,9.81911378105202
5,1.32126249632585
0,0.137481726605183
5,1.59372792797545
0,1.20132621874708
1,0.609778851876984
0,0.199561899093491
1,0.469445575436229
1,1.47524192389113
0,1.4242616034301
0,0.150843752774888
0,0.608011893670145
0,0.322133334433029
0,1.77911632429342
0,2.65551145166144
0,0.25208329624676
0,0.457986604116535
3,2.03380295764976
1,0.0218234683355795
0,1.62867642551481
0,0.549155382839063
0,1.72901803015921
3,2.39135163097991
0,0.0207688990601518
0,1.62870998333784
0,0.103030460526577
1,1.08689401534216
0,1.83278471146416
0,0.800817845427078
1,0.781793777570903
0,0.125015760302893
5,14.1069246559163
3,1.5157679804016
0,0.339271865038578
0,0.27620167430034
0,0.635292399816207
0,0.314803106880558
8,3.14278927106609
4,2.90087497641642
0,0.0211534818361051
0,0.440197600000678
0,1.32594691454357
4,3.10729393039282
0,0.225684134157229
0,0.791737551119219
5,7.9210042793308
0,0.475219382786165
1,0.890556746153207
0,0.326709315014469
0,0.81950927968135
0,0.260565957048746
3,4.32534569733583
0,0.40372391798613
0,0.813181391518998
10,5.52594528121606
0,1.05748063740102
1,4.35887534125373
2,0.868364587202145
0,0.00862133025355621
1,1.38712433786455
0,0.127739147491161
0,0.317870318671667
0,0.473882373420507
5,2.57747479075025
3,3.18214528763065
0,0.87727223171075
3,1.08478213096503
7,2.61481245983457
0,0.304658103526997
0,0.248846041590024
0,0.629092761581197
1,7.56498351412383
1,7.19899108007862
0,1.05241865990669
0,8.3085864089883
0,1.1859648927096
19,1.88205383282495
3,9.17121845719423
0,1.16819009726594
0,1.07228230215298
2,8.00585571943088
5,3.74772836141118
0,0.803663621935603
0,2.71182347853505
0,0.989275553941716
1,6.05330569554724
3,2.71239380094192
0,0.423458449009892
0,0.197758791709655
0,0.0754490236894839
0,1.01140093122461
0,0.0040917170363433
1,4.95454627446818
0,0.150083918359079
1,4.97708654626141
7,3.83630918254757
0,0.549938795153275
0,0.179768344827264
1,0.805475704410166
16,7.12608595327604
12,6.41168686380666
0,1.00296745100258
18,6.2636367861521
0,0.530071490535669
0,1.27686891627336
3,1.43237599356026
5,1.78902592981323
1,0.244094289261004
0,0.310696132122485
1,0.640133258331255
2,4.09001771007024
1,2.73412605459638
0,1.07476152909977
0,1.21841021277236
0,0.601267041682942
3,1.33693667029975
0,0.0574784107983107
1,0.0416518081207712
0,0.537956924157188
2,4.53238718985931
4,3.53052588457306
2,3.62124090544328
2,2.65209161582513
1,0.335137545631665
2,1.08140844223887
0,0.530047727244882
0,1.74401266065441
0,0.300304095885141
0,0.629425591988091
0,0.00368460456621133
0,1.54059389007808
0,0.123576569156415
0,0.708878948832655
0,0.235687090492064
1,3.48064952546347
0,0.709763390589368
0,0.184845307612707
0,0.12057038524805
0,0.690791624629242
1,1.24885628414238
0,0.0801014223490312
0,0.804261772904356
0,0.0510764674309927
7,4.2980868017052
0,0.620146614860889
0,0.0234462275557792
0,4.26858348862551
0,0.837139471262215
0,0.151804537482345
0,0.459101468661985
0,0.721142312752912
0,0.0566506412525181
0,14.9908984677226
5,1.57890578288413
0,0.622053052467506
2,0.57915386497241
0,0.215340673496786
1,3.57553883696093
7,5.88775107865201
0,0.192566819587175
14,10.189907165685
0,0.404791541192313
1,3.26693762491171
1,0.677148922445517
0,0.564174565818667
7,7.36633908921376
3,4.35410945467311
0,1.66322722079552
0,2.60251091031212
7,4.33677820688089
14,8.24837801647101
0,0.537704233219314
3,4.89895310903161
0,0.213473044635716
1,0.807584972396393
6,4.83438383604931
0,0.199949284029496
7,5.96140606362406
0,0.290807274762621
10,7.56261432563411
1,1.64280355749291
15,7.54095452500343
28,33.344414764898
28,21.8561009525031
22,26.4913468140607
16,25.1106701676235
0,2.18275632659665
14,4.08618686950244
6,5.634908038189
23,13.4488785019021
0,1.02264361997044
0,0.081877315766949
0,0.336175384675182
15,9.2036280519692
0,0.585433737913555
0,0.534041872543539
28,16.3903438485364
0,3.0286833886551
15,15.9251580957959
0,0.779104171916464
4,0.590523762901611
18,12.002561651929
6,9.72824211930596
14,8.34887837068404
0,0.463866383674068
14,10.9476496326381
0,0.417738078732978
0,2.12358150601419
3,4.03797630699825
0,0.0909851611875093
14,8.41136415068002
0,12.3165671176504
0,0.12482054938512
4,1.77555950694881
16,16.1048984701769
2,0.833495598109102
5,3.15568551234079
0,0.294224216344455
0,1.83076597406304
17,9.64911726323404
0,3.2137762329725
2,2.55743412944664
3,3.73970489645242
14,5.54553197172666
15,14.8403249033706
17,12.5502368619324
0,0.152689389484905
5,2.17296624686022
0,0.524735856689479
0,0.786913256583571
4,2.41891003928385
12,10.1562671235767
0,0.685438844105829
47,20.7107541423932
2,2.06539314985214
1,1.84707525559705
0,0.438768885347406
3,1.84075696743142
2,7.10044457608672
0,0.27915270111132
0,0.411501184895544
5,1.45624695705249
0,0.104656600978366
1,0.331012003119551
2,3.55627769601519
9,5.77693133593277
4,2.9510227551747
1,2.08429527778569
0,0.266140213838186
1,0.493220432599785
25,20.394353146022
32,24.3349672143768
0,0.425387421854429
9,5.22898217601544
0,0.749615060282272
0,0.7148302497422
4,2.59364782804976
0,0.0107062916023969
3,2.71756567455145
0,5.09141446807766
6,5.18815228461921
0,0.28084182199771
0,2.60558426766814
3,2.9345787016109
0,3.01189053071252
0,0.490713343224821
8,6.08372070191067
0,0.259682474879612
8,4.8263783044122
3,3.70005567513428
2,4.13551006847525
1,2.84300162800852
3,2.56667721093443
0,0.0781644229115539
7,3.6758815220923
0,0.342731113614065
3,0.214472997435115
0,0.424250790812007
0,0.17870894948337
0,0.741229931166766
0,0.074450603907637
1,0.983099978794951
1,2.59224562307144
0,0.212982703267386
0,0.711382363486422
1,2.68748855702159
1,3.70749390785112
6,4.80951251471475
6,2.91905092266751
0,0.0971406656921217
8,5.04091031930695
8,4.11772198786529
0,0.611841395180143
16,10.2014394668252
5,9.82460811337876
3,0.566941722505535
0,0.600923576273907
0,0.996473388767154
21,15.1331977046526
12,4.23757539811772
9,3.71418924267895
10,6.34078185213959
1,2.87551577756358
14,7.09342374230194
0,0.280294738267732
0,1.60799202206741
23,15.1441951358497
15,10.2205964522616
0,0.199668751887584
0,0.635783930696061
13,10.6490180667262
0,0.228778659246775
14,8.03484335528454
15,10.6587099028913
8,5.81052319046643
22,29.45495506196
30,38.5672464903369
0,0.546798829738487
22,16.9759938814667
0,1.06821155604583
17,4.70531156205894
0,1.61336501984692
13,10.1266999921141
17,10.5810748118755
0,0.943029082202493
10,7.4613671073159
5,3.18823095950871
20,15.3401980787493
0,1.35109241061935
17,10.3360730609191
9,4.71343704450965
15,11.4630300451299
12,7.88970060917813
0,0.2964034587367
1,0.934724987788427
3,1.91942652687758
7,5.25701501610308
0,0.355696117373298
0,0.0709789351338748
1,4.8750923290204
8,3.85424757937484
2,3.4063131115913
2,3.03008498544997
5,2.21046582669878
0,2.98845788409072
0,1.93839746465927
5,3.16353482696149
0,2.24562034187689
6,2.85115633714303
1,3.32578833937098
0,1.81975398436432
0,2.32919699966667
4,4.36861461435619
0,0.0504394629236128
7,2.21173239647685
0,0.131907567489667
9,5.52766430410047
2,2.46179029097612
0,0.998500460047909
0,0.273879292535203
1,0.0174082279367374
0,0.234269673018423
0,0.14915223677128
0,0.138002782766506
0,0.174654022760524
0,0.174822031516652
0,0.124349649932502
0,0.31387960639063
0,0.214220677459889
2,4.05082122061997
0,0.00747411139567709
0,0.173039635367351
0,0.150342879040932
0,0.102647177783043
0,0.113164506664948
8,3.861813461455
1,0.170464255437278
0,3.68838438867084
1,1.1512439539425
1,1.12337757667201
0,0.983741227086494
0,0.468177026233417
2,0.164924556843921
0,1.4877685813507
15,6.57430299291445
48,26.9474182630696
36,23.6856455404735
5,4.14747259895601
0,0.641812829972286
17,11.6783919739587
23,23.9628487236812
5,0.28919735925334
7,29.1821137443349
20,19.364524737934
8,7.01019465550022
4,1.53854081384482
0,0.44824009742437
6,3.28335030992429
2,2.51481792336812
0,0.210764484223016
0,0.285435415586848
0,0.933381466416707
21,11.8799445366109
0,1.03958427197817
6,8.12840667796894
11,7.19320609237829
0,0.617061686753675
0,0.85360552832416
0,6.31349783953433
9,5.56497596902245
5,4.08961135881094
1,3.23317229240096
2,3.30412858419573
11,8.94330111113226
2,2.28833066845543
16,9.01503619447581
1,2.18604289614083
3,2.58609597073627
4,3.04487075417252
1,7.19272218940119
8,4.60191636988899
0,0.109850729839319
7,5.48359681888494
4,5.89646177220334
3,1.12804008034772
5,3.81143938643508
24,15.9772740187073
0,0.341958737575598
0,2.42776870138007
13,8.05977798005157
15,10.225398873728
2,2.4558960723238
3,0.619612895350416
0,0.289140562200282
14,19.0717529176119
7,6.41259622637188
3,2.99493355775651
0,0.209029043402354
11,9.68401191009121
0,0.24369570017744
0,0.233177120189221
1,2.09277532263788
0,0.0422977663375629
0,0.0788194510138837
1,2.47660843220073
0,0.286307608391948
20,10.5729693396537
5,3.78526082314788
1,0.428596870378952
0,0.0902092219865353
15,8.82403717260729
11,8.99716730378971
0,0.0485418637809649
0,0.523208617371132
9,6.28591177458512
0,0.273159572101323
8,5.43577042041695
21,8.30728281503153
1,0.558102853737343
1,7.8710995629446
0,1.80323768627851
0,0.14132275413909
0,0.172560268284562
4,3.47986046688927
29,16.534911784356
0,1.10101203728585
0,0.653333577728085
0,0.424619123035287
12,9.99141186473516
7,8.62553097471613
9,7.77418362527368
14,8.60541538429954
9,7.34290983016631
0,0.866121809427749
2,2.3818078067181
18,10.7546520480125
0,0.320138097422351
7,4.95780979132613
9,4.09088855981927
1,2.8470032981402
8,7.31054506918918
3,1.59016903875066
1,0.60202189303443
0,3.10127113779351
3,2.65876929201433
0,1.29973506549978
7,2.68746200648851
2,2.29815078536472
0,0.569458045104765
0,0.0393646040096911
0,1.11256126289809
11,7.72196623728169
5,3.4345995765947
9,6.82226477057579
0,0.20506431163872
8,8.79298944240548
12,8.20754231596716
0,0.530997811462117
1,1.65410738138778
0,0.128329090167418
0,0.080278160639224
6,3.25090534880072
18,11.0695221657333
0,0.773444259576103
0,0.0390536922683832
9,8.12644192707745
1,0.381164430884827
10,8.32676369838781
0,0.118076335471028
9,7.36097917748687
12,5.92406359610024
0,8.06907252361668
0,0.673536550543528
16,10.039771785904
5,5.05980287915497
1,0.248255085543247
5,6.00428641258353
13,8.03362177103714
0,1.19519480926868
4,3.95197654382526
44,22.9586950077218
0,1.16543453478497
5,4.8729293974531
0,0.396530264163713
11,6.61346286769814
0,0.669328382678369
5,4.26491567521997
0,0.384854309357897
14,8.14480407937453
17,10.6375003201825
1,0.705146775384041
21,13.1409206839218
0,0.131923851993457
0,3.91499619979046
1,3.19521422893978
0,0.193089615115491
9,5.3669079596115
0,0.558097638342936
10,5.77635958432676
0,0.953931731126021
0,0.949429451632348
0,0.0748725617160085
4,5.59844806204355
3,0.853642076544318
13,8.25956851117345
0,0.216929345850089
0,0.292770727684848
0,0.702151014584131
5,4.62315532426902
0,0.69763732966763
16,9.4094031951915
0,1.67293959938047
3,3.16392380213
0,2.27847993753317
10,5.32093130326437
0,0.621939537759755
0,0.545408531192168
9,8.66108291856139
0,0.201036512801459
0,0.107870018991356
0,1.60399486363933
0,9.83625348957608
0,0.336526305579746
26,17.3334931948113
0,0.00849170484648959
0,0.511139026696052
0,0.267951319037721
1,0.983583156324978
0,0.852340826022162
0,2.25726829221475
5,4.65973170514302
1,3.8601052966628
0,0.508852480436929
0,0.0985544145971004
0,0.467790178463417
0,0.291692398271492
0,0.363344854435093
0,0.36501819388035
0,0.256521251822402
0,0.192504345569318
5,1.65049154408162
0,0.714212902941604
0,0.352220510898572
3,1.6123731011221
0,0.26905946707737
2,1.3659792028264
0,0.551171727426104
1,0.792647014820117
0,0.273100660504351
0,0.203542620464319
4,1.21779017033291
0,0.873328287164838
0,0.373076733229915
8,3.59493105652735
0,1.02548901956461
5,2.59644594231078
0,0.399528267689026
0,0.285813088991583
0,0.602289719206253
0,0.826518865065587
3,1.54653931162328
0,0.732181594190245
0,0.560149951762379
1,0.689157473441958
0,0.61150706912495
6,2.24780152914683
0,0.765835146439214
0,0.330846405846172
0,0.217149134404985
0,0.371715158462596
0,0.112925433558409
0,0.0212977672095768
0,0.327149078475383
0,0.533360985001205
0,0.218451501743125
0,0.58616059702308
0,0.39352943625953
6,2.93933563583877
0,0.783110304789341
0,0.157226683884044
0,0.395179591896134
0,0.19119826570475
0,0.190926042722951
0,0.299138208617424
1,0.473156052221123
0,0.0496690184855295
0,0.0768911941549831
0,0.0635585557066871
0,0.0539832237338569
0,0.0511261428632844
0,0.0635060543874448
0,0.0263470113597373
0,0.077017521940526
0,0.106872762331115
0,0.571570565486557
0,0.15771209671802
0,0.633306255227386
3,0.043380338376485
1,0.115334054019181
0,0.675645619096659
6,1.94877603507776
0,0.302912068546796
8,3.60035383960065
1,1.42648808753163
0,0.373968217049962
1,2.34507420922849
2,0.991845386853604
0,0.214207852642421
3,1.03610219510246
0,0.714140225861034
0,0.349768108525098
1,0.92104352773428
1,3.20951681299096
4,1.55751675990493
0,0.22402552837916
0,0.117493464198162
0,0.155104466180693
0,0.0399279409723323
0,0.192663142518747
0,0.243172467523607
0,0.159428181711999
0,0.150690792211046
2,1.15188443711457
12,5.03021415065939
1,0.829862533574096
1,2.9921937977028
0,0.388512171709753
0,0.401168502752576
0,0.171987635443201
0,0.444570647017706
2,1.02713838664425
0,0.25625539529095
0,0.322314766458172
0,0.672982711141751
0,1.02641400658115
0,0.307866298483523
0,0.121456049400686
0,0.316481341863554
0,0.157035786639659
2,1.58574889363693
2,1.83454518729572
0,0.287143300418474
0,0.725038597006373
1,1.15997002923936
0,0.251390384327589
0,0.223426491749648
4,1.8107875020529
0,1.77113139594857
0,1.35895240936773
0,0.0348423119216898
0,0.0722130251744783
0,1.26523130406716
0,0.519597466546861
0,1.05158624044999
11,9.12558772917303
6,1.75276163604803
8,2.86072632983925
9,3.61505714093551
1,3.96707644804947
2,4.20662070142801
3,2.13153359778304
1,2.12434727234528
7,2.77565273144677
3,6.74134866734677
1,4.06440471744925
6,2.67840302359261
6,2.29637113945754
0,1.23822011236724
0,0.914967838827954
6,3.59500141555014
2,0.106936120694177
0,1.01834156366276
0,0.196884602051314
1,1.44601543378834
0,0.592312720506336
0,4.28523107687829
0,1.29669653118882
0,0.269304365865245
1,1.78817379293996
0,0.388932214490586
0,1.94416312984078
3,1.91427190140932
0,0.25547248003575
0,0.234222428541448
8,3.64440665127479
0,0.272031853118579
0,0.640943406128821
0,0.369335439054451
0,0.270849426591857
0,0.67379164776041
0,0.499033029864552
6,1.92605771476113
0,0.164142024022129
7,2.80594958021282
9,6.76092568373604
1,0.631610889267176
0,0.401427958260642
0,0.310674029509515
0,0.539640060204708
0,0.941686035969955
0,0.0579279110795049
0,0.150435158320718
0,0.738687910856476
0,0.202371332282049
2,1.4290291829786
0,0.608127301394036
13,5.72761180775754
0,1.30933637185481
0,0.672624391020674
0,0.788888541769083
14,12.4964079240483
0,0.0545460276329528
2,3.48334745601327
0,1.88506344923487
7,15.7699560019435
10,14.62068605319
9,4.97723883797904
8,11.7717578570016
0,0.115188488696039
2,1.9351060016628
0,0.0728332692560363
1,0.639699724877265
6,4.17094534177266
1,0.61101037945817
0,0.344505726057706
5,4.53311062672252
0,0.1298663627494
0,1.9212386757382
0,0.234241157993478
0,0.534040570315412
0,0.150191439810498
0,0.796713083544531
0,0.0985504767397419
2,0.748007849435222
1,0.678110101026926
0,0.520832234351234
0,0.300848413775762
0,0.123319868125338
1,1.42866923764337
2,1.70811692568311
0,0.542243042959204
1,0.488213082547286
0,0.140659887877799
0,0.561048211289254
1,2.67591605421518
0,0.407107959137724
4,1.99310872143451
4,1.26198103674196
0,1.06124814831553
0,0.939732736197574
0,0.436237769160825
0,0.0933010838139723
0,0.531028915352633
0,0.0981549243570395
0,1.07592141502453
1,0.294822367079365
4,2.98691836501814
0,0.136742765532567
2,0.697371839023881
1,0.106033183091887
0,0.336973291559916
0,0.170344744360727
0,0.245521178524042
0,0.12531315381472
0,0.217796019101907
0,0.153289114559653
0,0.222714967252078
0,0.200329387373047
0,0.174055527421191
0,0.133307864698763
0,0.197548612355626
0,0.217710573262775
0,0.136931667352932
0,0.0877339292075891
0,0.794828136595611
1,0.916058379433625
0,0.143402179409076
2,1.89406635203237
0,0.598121196318172
4,4.68809731051951
0,0.565823483380245
0,0.0836074814952742
0,0.519646972459879
4,2.58588857234009
0,0.0614893171719244
0,0.111383920756984
0,0.519312991288496
0,0.481501710128022
1,1.4659440735334
0,0.816793934791927
1,0.769738403460271
10,10.3856998769807
0,0.77038898700524
3,1.56240967940122
1,0.220211641959423
0,1.07255530998999
3,2.14661813353899
2,1.19743019535999
0,0.366562932046711
2,1.16307119194896
0,0.141413790227508
0,0.0372960074676463
0,0.935067082710948
0,0.57890105088744
0,0.408749157272307
0,0.121803771868074
0,0.52109452051469
1,2.44145997203521
0,1.17539859768547
0,1.04139493285275
0,0.239412063885482
2,2.33208027418349
0,0.0175606731223576
0,0.130491009726134
0,0.631878674513511
0,0.474699983173703
2,3.00175443306423
0,0.714513525304507
0,1.93599095043092
1,0.541234217529945
18,4.51678355595818
0,1.27462809753485
0,0.144194838729449
0,0.402735201829101
1,2.66837217492348
0,0.214523369656749
0,0.765438826988994
0,1.0634649064052
0,0.224384009115561
0,0.119153907459665
0,0.319927926174535
0,0.612159970019339
0,0.0295937498832941
0,0.425965915691417
0,0.0756106264729157
0,0.885977025127613
1,1.31682724079681
0,0.285749858410099
3,2.19984946294872
3,1.15322077811949
2,1.0526854263953
3,4.82825218677393
0,0.0473854176423759
0,1.02923835176102
1,0.84739875640938
1,4.42591458910475
15,6.66961129941299
0,0.832860769864711
0,0.0787026804645102
0,0.393487620986051
0,1.671681069334
0,0.735694869267032
0,0.0662020024179617
0,0.58034586099012
0,0.238908055946385
0,0.0814834220175056
0,0.65407933124969
0,0.769217240114068
0,2.32029318819313
0,6.825298378212
0,8.86245016267211
0,3.94316033348993
2,2.20723336400427
0,4.07618371219494
5,0.32996587265268
9,6.93916196299649
4,0.281796669347204
0,0.0924662459753833
0,0.348460915539369
0,0.313539689301089
0,1.28328348733547
0,0.950926439500622
1,0.931345782737199
1,0.782653886571679
2,0.813178282948079
0,0.408614188523021
2,1.27725390078142
0,1.45982443861167
0,0.136527494338452
2,0.787988952476735
0,0.776188174076103
0,0.139301348416247
2,1.92677108446934
0,0.0812367400521424
1,1.44424838807656
0,0.181522291393299
0,0.631226208257109
0,0.0930993667057641
4,3.06119587938691
0,0.337896901873372
1,0.992499463326931
0,0.636291965443707
3,4.60289446167312
0,2.25563003561659
37,33.4847023130111
33,27.6072559099378
36,39.7801187455328
15,5.12963903342415
3,2.298719669309
19,8.11837480993985
0,0.362450578808643
5,6.75851554877207
0,0.935742833914012
0,0.0636700188601839
2,1.3106622888068
0,0.451075356840994
0,0.358549646060473
0,0.484225431784787
4,1.54033708768592
0,1.4245912463325
0,5.45307857494296
0,0.119987800868237
13,11.2418113530471
0,0.0649538888922896
0,0.587245781699027
0,0.434262570835921
0,0.242673210103927
4,1.82067021889343
0,1.52696325630227
0,0.0775149738600936
0,0.430313899655036
0,0.561501016589465
0,0.0394547655294322
0,0.67200056931195
0,0.109930517357443
5,3.98609321971939
0,0.830086252546735
0,0.158652767228179
0,0.501657660851286
0,0.0240481358512528
4,3.0804611922481
1,0.349772512150752
4,2.12771557192595
6,1.57506927263671
1,0.381679693122623
0,0.52048698503334
0,0.166572161467499
0,0.218376854031006
0,0.553841229849063
1,3.53131150217279
4,0.436571810466437
1,2.25929956417396
0,0.142436701019431
0,1.31876133935198
0,2.36154579429586
0,0.261710239768081
9,3.88776771616364
0,0.515620085451819
0,0.907210289209533
0,0.636142314837467
19,7.88525179196839
8,6.83080303891439
0,0.0898548852110811
0,0.462928187323983
0,0.0617187541296244
0,0.502663874453384
0,7.52505685454507
0,0.361838697044993
5,3.68925717355282
4,5.49959515463811
8,3.69026686176149
4,3.63961639275441
1,0.336248876625896
0,2.08725047064183
11,6.428465213467
0,2.01351147900101
2,0.256685436597312
0,0.362573894662639
5,5.95986302969001
4,7.2656701211554
17,7.75094893059891
0,0.191290464508868
0,0.580979968894449
0,0.490152442761802
1,1.05272584335144
0,0.158463605178039
1,0.96887645939554
1,0.659639585714592
10,7.76557735777158
4,2.49005741099211
0,0.877622876293627
0,0.070989061781282
0,1.72795118064861
0,0.0558343171418124
0,1.38257513014728
2,1.42033748694987
1,0.0759076199017085
0,0.631269307460867
4,1.53141113261542
0,0.266942272710468
2,1.75546386942488
1,1.18219026805121
2,2.4222959839214
5,5.84868241003265
2,0.721346958502866
1,0.875132104513929
0,0.056710147314136
0,0.928971436694412
0,2.03785463627382
0,0.0945107846933316
0,0.173158053263048
0,0.636927561660165
0,0.0905325021841191
0,0.611380560716048
7,4.42416279523205
42,17.110728720368
0,1.07750338322817
0,0.0135401347826332
0,0.122417051682078
0,1.14271789205363
0,0.0137069068370062
0,0.0267006283683457
0,0.0808357563657972
0,0.0594514376740115
0,0.176755112902543
0,0.212343911346031
0,0.418529930050144
0,0.418820835070113
0,0.177745457274278
0,0.0390849204146771
1,0.298089012598147
0,0.228667978723801
0,0.110436151503102
0,0.028326844881395
0,0.0771672812630915
0,0.129554694288584
1,2.11817471079176
0,0.131319396164685
1,0.837938309101316
0,0.611874692282268
0,0.854563354761356
0,0.0530645234792359
5,2.76619542318899
9,6.47748764083526
1,1.03870647199788
4,2.03030916454865
0,0.380905402735145
0,6.09618064724816
4,2.70890024855923
10,6.71745828062604
0,1.04770866603979
2,1.16787425525723
0,0.570736235997794
1,4.46776463618344
0,0.982240204608491
0,0.110396396567014
0,0.465877013055134
1,0.131446314186946
0,0.767889730337989
1,0.887836762785291
0,0.442682092201212
0,0.122196243268813
0,0.524228774780075
7,5.06602146452482
0,0.272458428070582
3,1.82166354790618
0,2.34795092964167
0,0.133785867772393
2,0.755020361547974
0,0.0856743248640642
0,0.551203095025451
0,0.455712202995849
0,0.21448059566946
0,0.099964984158347
0,0.541390178004734
0,0.00714617923650987
0,0.84785531762147
0,0.396169447402342
2,1.75752818605294
0,0.228944109732697
15,5.70043897002031
0,0.443427079804274
17,13.2205900381839
3,4.27988821816904
0,0.45569545223089
0,0.058379326849559
1,0.893089055850435
1,1.43941221413608
0,0.241238552902923
1,0.803627428751394
161,47.6893167409804
0,6.74216728523989
22,12.5607454321099
17,4.40806400402148
11,5.11464330817884
21,10.2252660750107
2,1.89505802475701
0,0.714634994120044
0,0.184224592055395
3,4.04103610628999
7,3.59199277300076
0,0.791268200229319
5,2.68519166763598
0,1.55752847987408
1,11.4143459249769
0,0.471256724989021
0,0.471819569341916
4,3.47717331135532
0,0.327552963563302
4,1.92185799736957
4,0.592434710231202
0,0.0210565401584166
0,0.56560544390535
2,1.26223391270036
4,1.94301549717866
0,0.414013311425826
0,0.245273854450404
6,2.66180692468359
7,31.4630799453764
15,6.11457726298271
0,0.479949321441533
2,1.69765611278729
0,0.386375953193034
0,0.43647799404029
0,0.182152883994321
1,3.55113860612357
2,3.5574493917991
0,0.209190988823906
1,0.96599529641677
0,0.687779218532563
9,3.65040413867728
0,0.287690810067119
0,0.611181298339532
0,0.0818880822467923
0,0.0600446678236023
1,1.12800306491861
0,0.133031168444317
2,1.12725585331566
0,0.0265277088094348
2,1.94135759220254
0,0.458165693704018
5,4.15314592037136
7,4.56657905102073
0,0.485729998146539
0,0.630522760813587
4,1.78505535291871
1,1.08397551620843
0,0.652860707565986
6,4.53946861627003
0,0.298563929687604
0,0.114441794811536
8,8.2796281572009
6,6.47036278823089
0,0.592837285825765
2,1.75169924335679
0,0.127513629903694
0,0.534139625637874
0,0.659235332408672
2,1.35385073163134
2,1.49800597378604
0,0.0962029992148117
7,4.48103770002761
4,6.08773130562213
10,4.2590424390324
0,0.345011293104865
0,0.0781660644361607
0,0.127239788379552
6,2.17591040969176
1,0.969952902092483
0,0.476017713784063
0,0.376910739812496
0,0.371882834917394
0,1.51768529133528
0,0.553972133933487
0,0.0356566126839188
2,2.31518695089795
0,0.410926806423689
0,0.945044630874218
2,2.11832694040686
0,0.264892692432388
0,1.31218187688768
1,1.11500152238299
1,1.11296177147551
0,0.0241680555906465
1,0.805456441152639
1,1.0065710790395
0,0.178223455376111
6,4.13264611937418
0,0.0978953106291275
4,9.11553737111855
0,0.196798704584898
0,0.11230453627579
0,0.435833200292811
18,5.8854738167996
0,0.50718823038714
0,0.545009906100907
2,1.74962018801765
0,0.0874078099653118
1,0.855730807435589
1,0.664038567867603
0,0.0310393711512524
0,0.508961476580326
0,0.107137435828406
2,0.683317525411687
0,0.410496330342882
0,0.453099904742606
0,0.124122752618899
0,0.610250516587594
0,0.168571184780477
0,0.643891368576344
0,0.861891860041608
2,2.07794850169294
0,0.585919842539435
0,0.026028501139995
0,0.556985816730175
0,0.145771360599292
0,0.332613365995083
5,3.28151971297594
0,0.496344313809033
1,0.885533476325738
0,1.16651965607786
0,0.602912626519445
0,0.416764988928942
2,1.90391021277955
0,0.673118209000927
1,0.719363637388514
0,0.490484065810685
0,0.885211632559925
7,11.1411893333766
4,12.519088319147
0,0.258511425876718
0,0.240280614887131
1,0.562177215787844
0,0.690060887782799
0,0.0811945479567428
0,0.0104748485596365
0,2.20579652944144
0,0.125343190586886
1,0.749685954898435
2,4.93986912529346
0,0.491600668761894
2,1.63396473408866
1,5.15446375813276
0,0.991592580935241
1,2.37647796034761
0,0.505944862073151
0,0.838252453033396
0,0.381279037778485
0,4.15984314061255
0,0.311201605012082
6,1.67589126918214
0,0.0639765644928796
0,0.14004050548161
0,0.0360165210374216
0,2.29749361448256
0,0.30193098534457
0,0.0138151649807353
0,0.680171504620767
30,10.8367473583336
6,2.30209568634852
0,0.411870656732072
3,1.6275310708168
0,0.662344096457565
0,0.47489895371865
0,0.575535135642913
0,0.0758076012495598
0,0.554442308930026
0,1.6264833323892
5,4.36400058075278
0,0.356300285451408
0,0.200494624051292
6,2.07312343192504
0,0.130945037911612
0,0.366138615756897
0,0.0312611029441083
0,0.387326356319813
0,0.293191569691424
1,1.86165717270173
14,12.5204246015874
14,10.5174444487651
0,0.380537232306867
1,0.811768711151163
0,0.185217981930748
0,0.192492173309499
4,3.26215287177979
0,0.430207276163549
13,22.3872263915529
0,0.430250803810549
4,2.83052251830313
2,1.01120981803168
0,0.120176386766231
7,13.4804878108418
0,2.24754525833729
5,4.50579854585683
1,0.894612190948987
0,0.343801618119246
0,0.10277560678919
8,5.53306501987083
4,2.74694228086306
0,0.350533635360478
0,0.473506783750125
14,5.88240320033058
0,0.387248117605159
0,0.21434841364464
0,0.248253182962031
0,0.704795537673329
0,0.204676672215213
2,1.07579060298267
0,0.598936860046144
0,0.0730532741959875
1,1.2740428943531
0,0.0659221458761999
0,0.617765046935937
0,0.207512200275603
0,0.243119428757483
1,1.77215270606354
14,7.42022332739602
0,0.370351423863703
0,0.166021978818607
0,0.124330265419284
1,0.799217751058331
2,1.56417987493823
2,0.991800678834525
0,0.375568900838467
0,0.833611361486545
1,0.843623056058341
1,1.20725324961834
4,2.83574936094442
3,2.59200256051938
0,0.196362107746054
2,1.09040848266964
0,0.585160356761183
0,0.425979940540624
0,0.112276773947395
0,0.764399003185703
0,0.081946528357047
4,4.31890833336754
0,0.533181952498023
12,4.37996718336956
4,2.40015449188796
0,0.0641906257114427
0,0.993057620247302
12,7.60108449184985
10,6.52197870748172
0,0.757710918346371
1,0.880281467779187
0,0.778804597404381
1,3.59452554991037
0,0.254660469188437
0,0.489165005573979
0,0.313616832099085
0,0.525695652772728
3,1.39382621851417
0,0.530002361458048
0,0.4955277709497
2,2.11353790027917
0,0.258172125838079
0,0.262911226233373
0,0.277920096752263
0,0.677894510529981
0,0.548391058289086
5,8.84233772488701
1,0.951554629056175
4,3.23112015563063
2,0.314934747813353
0,0.459687236351966
0,0.800211932269656
0,0.136421784242286
0,0.0127925722012473
12,6.82689726737481
9,8.56969903952884
10,7.95151426405328
0,5.00449461982971
4,0.635987529797475
8,4.07102596588249
0,0.170855047582767
2,2.89016458901584
2,1.21773551385289
0,0.908448365488059
0,2.68345790265922
0,0.0666587514364616
3,1.24841643715181
0,0.303665178573763
2,1.99463140313191
0,0.223335437834623
3,1.89562309219685
3,2.39602335192045
6,2.99982534907107
2,1.88562946331228
1,0.738198130476879
0,0.36396816916113
3,2.50641175204214
0,0.325934477478417
6,4.21570606686282
1,0.293175516227545
14,4.99021658300111
2,1.49654218796232
0,0.563545249775403
0,0.584991978702163
0,0.786435243328991
2,1.33404826894849
2,0.244602082031968
0,0.614537574296145
1,0.660767834751588
0,0.223753766458922
2,1.55130975722857
2,1.51144800216985
15,10.1365570988416
14,11.1666271147951
5,6.17550581802409
4,1.6141312276861
1,1.54394117010677
1,0.159940839336937
0,0.372000283279319
1,0.829465762520866
2,2.31843544391305
1,0.411876884084167
5,3.42532442746737
14,6.91021185095354
0,0.114241917350863
1,1.91023640557684
0,0.670750248436525
0,0.478687257454131
0,0.0895441040855241
2,1.43634735938237
0,0.902326692488329
2,3.08533844631081
0,0.557988899505712
0,0.44085257842042
3,1.8713640949504
0,0.494216806492015
2,1.15755835726898
0,0.885618202115846
0,0.456783287930212
0,0.255428130950286
0,0.184266804015475
0,0.93801216114793
24,13.8805800650185
0,0.162980834319494
2,1.58363112963458
1,0.839064692303577
0,7.1752336410432
7,3.15247621953217
9,4.16903065064486
7,2.56032186091755
1,1.76906125738559
0,0.784815141250184
1,3.67516542868202
7,2.79223810087471
0,1.19792848202612
1,1.96144342358726
1,0.651161407811074
0,0.33409827423003
10,11.1892855134353
6,6.16655206468571
0,0.744230145128255
0,0.575740466831264
0,0.482330441011878
2,1.73872622406144
4,2.04553699011972
5,2.70184974800205
1,4.16646121268475
5,5.60660213680307
3,1.98415744477477
9,5.32637962089649
6,2.6968233546356
4,4.92404029296612
2,1.5972943419734
0,0.827383080806239
15,6.3853638880937
0,0.147313733469301
2,1.47962163470341
0,0.228396373957576
0,0.556310564168478
0,0.091821297493416
0,0.133736732949642
0,0.541333488023845
0,0.390133602430712
1,0.435676727332465
0,0.0860056474257955
5,3.08688708282472
0,0.53069252248648
0,0.352375932802469
20,10.2741724534673
18,7.58768540363698
21,9.08477553976817
0,0.173783135605532
0,1.47315585822644
0,0.938530914272257
0,1.16590786555793
0,0.446867840451551
0,0.0108592753835307
3,2.41126464095354
1,1.80454537616379
4,0.411336672087683
11,6.60428347412783
8,8.50788716025838
0,0.302811181251162
0,0.217061457052332
1,1.52643002026259
0,0.47300075484398
4,3.25138527939263
2,5.00048479046541
1,0.340094118081425
1,0.721249658654173
0,1.51544017260162
0,0.235128632651384
0,0.0276172853280589
0,0.0027197383248962
0,0.0745820100171547
6,4.37281645587207
30,34.6474020901234
0,1.41055132110614
9,0.720190810134426
0,0.879017427373858
0,0.477022246763083
0,0.283920250456044
1,0.736302724216753
3,1.32704226406622
9,6.73909638326478
1,0.730115898436715
2,0.983318356026051
2,1.77355884257021
0,0.29772876968446
0,0.985179005767405
4,1.73781106355171
0,0.13365167917826
0,0.248392924885952
5,3.05900575873551
0,0.443372795083157
0,0.551264930860494
0,0.0438256009830214
0,1.17070166675277
3,4.21728229353692
12,1.65745260263394
1,1.82639247430913
1,1.47128367732827
0,0.169198027359472
0,1.38460814463748
0,0.052738755158717
0,0.173558857707439
0,0.0387053917528471
0,0.121639965502404
0,0.00467199155009851
0,0.444042008010678
0,0.0362311165144348
0,0.109987772681015
0,0.291307315837296
0,0.0251015582104658
0,0.0557707290295848
0,0.084294920869418
0,0.0391963776231146
1,0.236455641582597
1,0.213902268829291
0,0.111344855348815
0,0.112977852379109
0,0.181972700517669
0,0.0841190133884
0,0.0960576074478909
0,0.0558382203314424
0,0.0633196626662023
0,0.217942669693173
0,0.198196318293668
0,0.281305044345154
0,0.200024565375316
0,0.059137582872849
0,0.00747094706845844
0,0.0708244347794284
0,0.528488702111285
0,0.157269036231004
0,0.204904651106809
0,0.0832716508598919
0,0.0254291152361417
0,0.803510302040689
0,0.0647156409821321
0,0.215390050023245
0,0.11795836035193
0,0.163363519708173
0,0.321130955055087
3,2.74369753711792
0,0.0676465791049364
0,0.119734622301258
0,0.406996713994639
0,0.29725341896742
0,0.132492345744241
24,6.81253395948759
0,10.7908393356492
1,3.8710795908055
0,1.94079995176342
2,1.84450464486401
1,0.282759257498225
1,0.173805746756767
0,0.285318326591001
1,0.855600997089723
1,1.88492159430526
0,0.528990681089381
0,0.172031886055434
0,0.0708724980091072
0,0.466725743100967
1,0.425402942225769
10,4.76347646376835
2,1.78008576922412
1,1.37515656658467
1,0.619670483681529
1,0.764309220018796
0,0.200217326178352
0,0.365512354264684
0,0.994718162260173
0,0.519033124892884
0,0.222550583785074
2,0.662368458532064
0,0.45085028233343
2,1.88052778018572
6,4.01976767038476
0,0.138715325598059
0,3.08294508727057
0,0.593947274434225
0,0.449258346413895
0,0.957931697092221
16,7.54918453904325
9,9.5816391829333
3,7.62276074351519
1,0.684401047472754
1,2.20382823736434
1,2.34119226572222
32,10.1360284158366
0,0.711610433629113
0,0.306771143928325
9,2.77639545556579
1,0.402398028090905
2,1.96229749699822
3,3.78667612460846
0,0.244964059513479
1,0.544775259106379
0,0.612049709845429
2,0.668364543722429
2,2.08426634180867
2,1.1849106852331
0,1.81884765729927
2,1.1520671398268
17,7.86676341620276
0,0.816554034912514
2,2.16363853379194
8,6.45367931621157
2,1.05294415301689
5,4.10361448956054
0,0.85439405325942
3,1.41400269371547
0,0.487215005547744
5,3.82392932475036
0,0.155103230033256
0,0.258214428243869
0,0.493970963825829
3,2.11329007878584
2,2.80898506902868
0,1.13559966197903
2,1.91833167763369
0,0.906714901501414
3,1.28277412005128
0,0.561084171816427
0,0.492353453970998
7,4.65979474564071
0,0.69644541404015
2,0.971156031317333
1,0.619662404305372
1,0.793241106183898
0,0.246116120187656
0,0.0876631775501615
0,0.202186251103031
0,0.0308408026389137
3,1.76514928124068
0,0.454687409088055
0,0.13511267805103
0,0.0780053880470385
1,0.347124125615648
5,3.19091389452639
3,3.38245261098831
0,1.08755954165141
7,3.02365367365907
0,0.470356478042499
0,0.756018342577009
1,1.56431677573722
0,0.372883021314195
18,8.78709027204399
0,0.446554005090516
5,7.89808811103693
10,6.19741468240181
0,0.355113774836074
2,0.319989095142186
1,0.811851632015976
2,0.701515339784622
3,2.65693851698579
1,0.294989601163402
0,1.02886432189023
6,3.98072909575929
1,0.0765909312618256
3,4.5411228227401
6,4.98501637727185
3,1.06632369238292
12,7.45250545437613
3,0.938143111679991
6,3.08551598171471
2,0.278034495132265
2,1.28800691572944
0,0.164685677432205
1,0.380100899911897
2,2.08042552771826
1,1.14455887732634
11,5.67046402050221
0,0.225112498547492
0,0.227987636272631
0,5.19561491517409
1,0.648701657771454
9,5.56507367576566
5,4.76940355409524
0,0.232246817562589
1,0.46688442971961
1,0.663311932621138
3,0.722996402566129
0,0.587745618418505
0,1.22757718454646
0,0.932491915267351
0,0.212865575804187
5,2.11271193448793
1,0.316693557674713
10,5.19836603079828
0,0.919233122960301
0,0.701537509750797
0,0.4143553927739
0,0.416623005937604
4,3.95963741848251
0,0.324965880091142
0,0.501657000535761
2,0.263158694020875
0,0.361819206152633
0,0.384568813833374
1,2.7460114986172
0,0.155838329212143
2,1.25314952780769
0,0.103962887932508
0,0.236039915396059
0,0.00681412826092034
14,2.93626707121744
0,0.248196552200931
1,0.63331888111396
0,0.518179189631715
2,2.06215036295145
0,0.980049991314156
1,0.675141295365596
1,1.49524541027426
0,0.555782782573338
0,0.642974210043999
0,0.198644514738565
0,1.67989589038131
1,0.682248803481557
2,1.1242660966802
2,0.942662749124161
0,0.718216693196586
0,0.19501779453643
0,0.902388991101412
1,1.39684759668577
0,0.619530048614646
0,0.294520194156251
1,0.367171581960704
0,0.793341016073727
0,0.369078155522787
0,0.482830849538343
1,0.949364069206905
1,0.493212383240705
0,2.73205163927581
0,0.699126497059971
1,0.359523144235495
0,0.399705818806562
0,0.222379118057684
1,0.409270203822243
0,0.189012706348902
1,0.869044950602551
2,0.76011615227136
0,0.940610654096127
2,2.64787812870198
0,3.12219688393951
2,1.87137150689738
0,3.69651840977428
3,2.16458133855041
0,1.16478324393835
6,4.78660977369267
1,1.07512815633893
0,1.2655880703984
1,3.4590097560501
0,1.44999730434109
6,8.46355848147427
6,15.7239682854709
0,1.36589313584597
1,1.38673402787803
1,2.11600483508228
4,3.02600195587906
8,5.46657568238018
4,4.35219579046098
0,0.469545170001894
0,0.145062124454679
0,2.2864358450311
2,3.2109474676221
1,0.666313897468193
4,3.2818899908614
5,6.49528070784107
0,5.42658522819014
13,4.09136661524178
0,0.943325369368031
0,5.73607674842029
6,6.17944528162677
5,1.87033443403003
0,14.0278654403279
8,5.34279324767135
1,2.24844096294985
2,1.86215703774227
1,1.22490105026904
1,2.15406421977102
1,2.16986071320835
2,2.58002091209233
0,2.78192166031769
3,3.06348092370925
0,1.45462603929104
1,1.35989649284016
0,1.09906955001723
2,2.02316159428264
0,9.14181297323339
1,2.62391736620059
0,1.31819093936521
4,4.24633665831862
0,3.76586020742682
3,2.05408526093849
1,1.64153755079279
2,2.85915664501677
0,6.91255759791811
0,5.30459388039977
1,1.43899313571089
4,2.50763569353595
1,1.73190862279154
3,3.52957889734237
2,2.55893911547112
0,5.60000407708267
0,1.20846089196579
4,3.4475940527289
2,1.3097210701377
6,3.33958189679761
1,1.67163761528753
3,3.33382948032927
0,6.43066945370912
11,5.7296837607916
0,1.26869822906187
0,4.47820820691378
0,1.63247247652446
0,0.910766390599045
0,2.92289042063194
2,1.59459555855282
0,1.49011583356659
1,3.14775387983475
4,2.05990390237246
5,4.76344613814405
4,2.62662391990988
11,13.4670995402846
3,3.90727738358977
5,6.16312855211631
2,1.15959523248351
4,3.53929456136525
1,1.42207400671666
3,4.5853812827688
1,1.02609949382863
1,6.52069717595853
0,0.901623847389943
5,3.75445780924478
13,8.62036741662969
0,0.98511518936078
6,4.00613643130979
3,3.32784668226844
1,2.45367232354183
18,28.9617171176696
26,30.3611577094322
1,4.99462839477752
3,3.94399406761251
12,9.30020021471372
3,2.1154127279247
2,3.62218190796444
2,1.89796496261306
1,1.93171330812468
0,4.25945840589978
9,6.4118055177423
4,3.42099246679541
6,6.75920755524107
0,0.703470017865525
0,3.18448811499394
1,1.42546732320636
6,9.15946273262283
3,5.23027817994648
0,0.992968495452474
4,4.6431186659428
3,2.59365173134504
2,1.96165987087597
3,3.93124150194997
0,0.591977466796527
3,2.65110144641369
0,9.9003415033083
0,2.18229128953194
2,1.28273952830053
1,0.797055512933828
1,2.61257512295441
2,4.71805468455969
1,3.3164566425501
2,2.68474290620006
3,1.78803523813566
19,15.2218466740409
0,6.23522516164668
2,4.26110991289888
1,5.07395645713534
0,0.985553422715433
6,5.96828821620337
1,1.19324086580483
3,4.22083141848367
14,14.5268806127949
3,1.57396664799966
4,4.13637485278941
1,1.59453559405914
11,16.8161779664744
1,1.41702468104212
2,2.23345729661623
2,2.15491663871265
6,6.82823326156299
3,3.3957929743572
4,3.1647899540746
1,0.976689304845543
3,3.87264076150503
4,15.5722688093777
1,1.53347414771682
1,0.645362405710079
0,1.29700330245062
2,2.70285873295932
2,2.10142256436945
5,5.91701206965719
36,34.0290645646566
31,35.2058838016478
38,37.0485045993491
34,33.0321981695357
34,27.5709165326337
34,29.7580212650095
1,1.07745421697982
2,1.46274870522262
3,3.95830492942553
6,3.79838600739909
1,1.64401298339279
4,2.86875804028055
5,3.54395454343802
7,8.25648962522033
4,1.78893341979975
0,8.49952877299185
2,1.85886344163217
0,0.673725691333139
0,1.13863564336448
0,2.45235279888257
1,1.15404521308079
0,2.83410894388612
5,18.5933322002692
14,18.1474114778021
9,22.3024368984997
0,0.960827054142632
4,5.13835591279735
1,7.70121998336417
3,1.54581480186332
5,6.95139167410392
5,4.97353298180911
6,5.02397029661518
0,0.862629454342677
2,2.41579779569581
26,20.5229359934111
2,3.18386865570638
9,6.15456070845507
8,6.06290412919199
16,25.5633862554138
13,17.4414313667225
26,24.9948913705887
26,27.5598078251051
34,21.1085917243333
16,26.138061305948
21,24.0754095424952
11,10.7088522009679
8,7.12713903887285
0,1.3826881102226
7,2.79433731717169
0,1.02770861204502
7,7.64266269173362
1,2.38341148260202
2,2.27698400838849
4,4.05851525963196
0,0.947927127299176
1,1.73545713251892
12,9.27800956254666
1,1.3661142776563
5,5.2985999582
5,5.76507112634066
5,2.96551839777853
1,1.85098301750146
1,1.46358770290593
3,3.80399749915866
2,1.90892989150114
2,3.31308016406272
2,3.3177926225547
0,1.85813075044096
0,1.09742021588719
0,0.805153558898551
5,3.4828617702493
10,8.85173174785697
1,2.63701593263156
9,16.4532113459032
4,2.38759565450108
2,1.40545532851219
2,2.10585540898376
8,8.62848125032582
1,0.726542251886511
17,12.0788201034969
2,1.96611080496568
3,1.54532964304822
4,3.71441895688201
0,1.38557396339953
2,0.809981081400769
2,2.37354368395155
8,5.4504969130796
0,6.07879821226677
1,1.43343819857775
0,3.44858216133349
1,1.10472987733352
6,8.66521928603581
2,2.83474678768141
0,0.785222387464223
3,1.81522867865604
1,4.91514506751439
5,5.10521154366582
7,5.83362320079549
14,23.2038699254652
2,1.20679766110212
1,1.56505596551213
3,3.09278563550082
2,1.67151660580546
5,2.99345069836073
3,3.11293736587381
3,7.5373751369869
0,5.48255334469346
0,0.186873819623748
0,0.217932143413552
1,1.76374769493493
0,15.8715658743659
11,13.6479026649045
14,10.3506858859946
2,5.44130148163769
4,10.9717271057121
19,18.4601361303213
23,9.84441124393343
17,12.1010092992782
8,4.89060997362194
6,13.308088083753
17,12.6997804855525
0,1.13195597783602
10,4.82247145174225
14,12.1011892355313
9,14.6855857008684
3,9.32456442189783
0,1.07652104003911
1,0.138128868488991
0,0.60883800339826
18,9.98114741326433
21,12.0627009995301
0,2.13347198242488
36,10.0599606342939
5,11.9052749411846
16,19.1250575015247
5,5.61068650153282
4,14.4044904962444
22,13.3675677641068
0,0.478479630023859
14,18.8994340527373
11,20.2688284684544
12,12.1783520258066
17,11.1776949616158
18,16.8697135110522
12,18.6745321185122
13,15.758404052977
9,16.9156765961389
2,0.835445090940036
17,13.5530279455251
41,9.75352516230683
15,20.8313459622378
11,11.311688775318
0,0.793069878699913
21,11.2300365742235
9,4.13803865087077
27,16.2917417963824
28,10.5132445827163
9,13.5376495034895
2,0.202479542975154
1,4.59446161624451
13,14.5576257311333
1,1.14658184669399
11,7.41546011917714
5,6.4219575552951
7,1.94598724464272
10,6.75720456385905
1,1.1371316225427
21,13.3843504781649
3,4.68603170467285
27,8.73384487402531
8,4.46015133382684
4,1.60054806119847
0,0.644520847640577
9,5.56167988164548
1,3.4134655470548
0,0.241331101040316
1,3.06951683873821
2,5.0640300728326
0,0.173108432243491
6,3.25356337706549
7,4.84904108885169
1,2.71122212105079
1,3.46544656502866
4,4.39972489082658
7,5.16678947235018
3,4.9396820918732
0,0.252577126537591
0,1.67770222155329
10,7.64686137041915
0,1.15824547485568
1,2.63663242259074
0,4.48912883367761
0,1.14682968768586
7,4.25684463272122
9,3.83028789488557
2,4.11188115714025
4,3.18987861917541
10,2.66680241012765
6,0.967377787009748
4,3.71321339905296
0,0.0418475897217848
12,5.50075635389692
6,4.20380058623475
1,0.903006490452463
5,1.03749845092296
0,0.423320315026396
0,0.94105437367083
2,2.70496839658725
2,2.74565427795224
11,6.67327710141106
3,3.34102988872115
3,3.06159672099976
13,5.34274402572052
10,5.7396173955216
4,1.23799191538185
1,0.93418587772243
0,0.863125398938629
4,1.55058513781123
3,0.989320824399834
0,0.385529073392592
38,16.8112363071658
22,10.6497863826444
47,21.2533894742508
25,16.871425125874
29,11.3139234564653
33,16.2806529403038
0,0.910248043101852
4,3.96974790831504
6,4.66340387646398
1,0.949066602049702
4,2.81737437924031
2,1.16821540476189
0,0.719625865588758
1,1.00805675944583
2,1.50569787405272
2,2.21398988497535
0,1.41349856906038
4,4.20217374985768
2,2.02956731951201
0,0.175587034436908
0,0.974208778171581
0,0.552815182389994
0,0.645712423805883
3,2.04703684075433
5,2.65026581206822
0,1.22894054449066
0,0.550240133077352
0,0.700148659630345
0,0.989135943596204
0,0.979540338362924
1,1.01356180273938
2,1.94940915499138
3,2.56951987664932
1,1.25869304267843
0,0.243729698175679
0,1.47983575895343
7,3.00617595784837
5,2.77959356623588
1,1.1403655330718
1,1.63824049433353
2,1.36450132719621
2,1.18749631331931
0,1.70557548071451
1,1.30080124723031
0,1.20826781157012
0,0.308648294129302
2,1.5568076718288
5,4.77942532795968
0,0.820726156042993
3,1.40227861360446
0,0.606262022275234
4,1.94611608124932
0,0.508765460600987
11,5.19653657605692
17,5.09933204235298
1,1.21532513226099
0,0.0457804722649061
7,3.26104208302914
2,4.33315029090481
4,1.57298309003732
0,1.0694512095385
0,0.124426498668145
0,0.117029492162341
1,0.653218385287338
0,0.749989124635005
0,0.784398167832732
23,9.8271292317139
0,0.674813736916915
1,1.46050213426619
7,3.53903763361792
0,0.994717098014856
0,0.182657105336773
3,2.34665533939753
5,1.38535303330905
0,1.54581321315203
2,0.802376300499479
0,0.905772782778786
0,0.415795216013718
1,1.38116624464156
0,0.822768762706734
3,1.56876018543444
2,1.55853228593643
2,1.56149631163622
0,0.779854386082172
0,0.373729830715083
0,0.267953989404442
6,2.71016424606674
6,3.1395921056125
3,1.14396759461449
0,0.580377683566203
0,0.233269251063051
3,1.64318320743182
1,1.20954892264902
0,0.444106406454585
0,0.805113500091675
7,2.70627705180283
0,0.380560789866432
0,0.77830240480107
1,3.64186903867247
1,0.838151845723416
0,0.858431588507268
1,1.27046298799346
2,1.43532242979492
1,0.352690699685329
9,3.07594346950099
0,1.51907276072746
1,0.899429082826669
4,3.15493319961301
0,0.454534862232256
1,1.12062591816087
14,6.84536643337678
9,6.33225837388469
9,7.5844257985454
3,0.608743321617602
7,2.32988291325793
9,3.56893436052332
3,2.38168788661204
0,0.888133583724575
0,0.48812130372787
11,9.07730576685981
22,7.61971001134697
13,6.93575835172537
10,10.4085234206201
20,7.1718141446323
36,10.8577764651959
0,0.839533730557027
0,2.81416903183582
0,0.830399098366167
8,5.87079467295449
0,2.06797719421051
3,2.86582562972816
2,3.24393773434541
0,0.277175891347757
4,2.0847634500385
4,2.23198843587029
0,0.738226691385291
7,5.95138174426406
1,5.35992222424533
10,6.0325370864912
2,4.69080712898523
0,0.378133407849097
2,4.98744149025403
20,9.3620981400258
1,0.468456974661763
25,11.066329727185
0,1.86024977914957
2,1.81665213361399
0,7.06583590247228
6,1.89076114423784
2,1.47613157875198
1,1.2862082054276
0,0.139332591077438
1,0.728643395383367
2,0.868483381232227
0,0.655879350642227
0,0.241533110623064
2,3.40821970994202
10,5.56270906773307
8,5.38899173713108
3,0.71822180194794
5,2.65504410706355
1,3.94708905347753
8,4.52705096495367
3,4.11947606781021
9,4.56165834810863
3,1.95539167269795
0,0.0166131483017646
12,14.2298281704645
23,15.9140116117498
15,7.40255169399107
2,0.766026264627512
12,4.41642460078414
5,5.04311498516244
11,8.18495343150968
3,1.42617318046771
5,4.20736672868754
0,0.637848037839912
3,1.3091359089134
1,0.30525679351178
1,0.52412242796317
1,0.519403721404881
2,1.41514755850877
2,1.43645937201945
3,1.99658321519675
1,2.14179676870254
0,0.194752991075759
8,2.26149873358612
0,0.133720552987665
3,1.56153556410496
0,0.562809639475859
0,0.373812047788619
3,2.21550431847029
5,0.982802444150437
0,1.57091936133087
0,0.931734002817456
0,0.606865821781428
2,3.1388119988921
4,1.01738576469001
2,1.62229772338703
0,3.38854812130444
0,0.210787837062036
14,5.27926968396526
1,1.58081561063293
0,0.11867188109631
0,0.236571994696408
3,1.53115238641279
1,1.53927074187873
3,1.72471091334769
0,1.32929312169764
0,0.784581008480886
0,0.369021396447125
0,0.434723521796044
3,1.67172312646831
3,2.3629880074414
0,0.246385072573899
0,0.016963798872341
0,1.31684565908086
2,1.10568436247358
3,0.747507440693031
0,1.05738285390098
0,0.34518350548515
57,11.6641505506368
10,16.6459817665687
1,4.55150368474155
3,11.0340815938657
3,10.4319853147618
6,11.3860914486547
20,15.0899091856221
0,0.46697345954902
0,4.3197180288895
5,2.07021023861852
41,3.53972725114837
0,1.5289071368206
0,2.78005853992847
0,4.25665270272271
3,1.59104967168404
5,4.55541909003665
7,3.11092619801087
4,1.63818702681981
3,1.34604174077674
0,0.355354643741292
10,2.40231859740945
5,6.39146656873235
3,4.98285380731466
0,0.809763327631319
10,5.47021512092156
5,3.3236382676082
3,2.93930062943143
2,4.69317506044939
6,6.08345310630229
0,0.842800046523923
12,9.29279885406377
0,1.68662827951325
4,0.632072384534893
0,1.23250896195992
0,0.0161856844389219
10,8.60883008422317
2,1.62350425224535
47,6.18555414649754
0,0.139143347950953
4,3.30414633242881
1,2.00343114152731
6,1.6090166125206
3,3.31009677408077
2,0.698280101810572
5,4.9092027577506
1,2.77698721599093
1,2.81476895830033
2,4.35175424863842
0,0.560011015333242
13,4.16186195566023
20,4.96213957585363
2,5.06911057978641
0,0.527896571064747
2,4.71099182212531
17,3.24636355221166
3,1.48076413042203
10,4.7821069547655
1,2.18996886839052
0,0.632132257647511
6,2.58572191451122
2,1.77882618937756
5,1.83297785394109
0,0.0428637141717168
1,0.848712060292877
1,2.2248446861634
2,0.624151523860792
6,2.96106716862505
1,0.881695908337931
11,10.7926611488262
12,16.2314109627779
16,15.2509117572218
25,11.5766111674184
1,3.80801104701264
25,11.0205501407733
26,13.5319111109724
28,8.21682309460058
19,21.8444692698956
24,12.1641213724127
11,9.14981658804771
23,11.5498812514945
1,3.84987308294212
52,10.9847388222343
13,6.9055831610023
1,0.133479242956011
37,16.4657111658038
1,1.57404398132587
2,3.70054215400017
1,7.5468697148588
0,0.261673030021041
9,2.70932882036806
4,2.11584562764853
4,2.25046369930829
0,0.0881557266664396
1,2.00835540477991
5,1.41957733535689
16,1.52067390495765
16,13.044661553271
0,2.79632647273238
4,4.25412942968074
0,1.59492540008823
6,1.63659687752484
0,1.00282384508957
0,0.543330400984436
0,5.41173541260589
12,4.8878519445027
0,0.2895261580128
5,4.57230562356529
5,5.91219705631836
1,0.570619610299216
2,0.800183945814353
13,4.76542088459065
10,4.69222762302197
0,0.626942352081308
1,1.23626467250086
10,4.67097947655717
0,4.02345277743344
3,5.49368326222619
2,3.88289394597999
0,0.810719362426261
6,1.19558638581652
6,4.36659239059859
1,1.47769345410248
5,0.718831801286062
5,1.86808459223147
47,18.63472093845
2,0.497703699720113
0,5.79759152328609
2,0.697684161640096
3,4.14739530658394
12,6.54782026769717
8,3.5808042451895
1,0.239053461373371
2,3.03537540362234
13,8.089874376909
3,1.50403993128145
0,1.4732246040327
1,0.971507065775427
2,1.53384434454499
0,0.245204344300698
2,0.732083230057547
7,2.9982810944151
0,0.207039012840158
0,0.487183993360657
1,0.368504198435962
1,2.64637080953768
0,1.20635346977505
0,1.39652579136053
0,1.69474787391301
1,1.87517866395338
13,2.04712397083554
0,0.566497591142376
1,2.53187975763632
1,2.99797117272688
0,0.431094714586119
0,0.0461710898545117
5,1.18237564525435
2,1.18439929922639
6,5.5974736854375
10,3.39280204016477
0,0.065109890087587
1,3.00049852240274
3,0.805563990540925
9,2.98291783869532
12,4.34571452373084
2,3.75383925615268
0,0.237261145732541
2,1.20397777211019
11,4.7096702965597
0,0.212400753120676
22,13.8442827677707
26,9.5978393813246
19,12.1547752971466
1,0.653623323915318
28,14.5344143210267
1,3.45388026207245
1,0.770874518333454
0,0.232855880808321
2,0.769942385415691
4,0.559777324577614
3,2.18511105526411
2,1.34254007913353
0,0.246110816811987
0,0.316496915655599
0,0.729263028673156
8,3.81648701939135
2,1.01728173630443
0,0.491964298431006
0,0.565398643812231
3,0.783384119663613
4,6.42375243780004
16,18.3031928760534
36,13.2119184908749
7,17.1910043339885
13,29.9057012223676
17,16.2802597383973
4,6.50902418914617
24,20.7277092196767
10,23.0621989654298
16,12.468986675387
19,10.6514665826829
0,0.719341583715277
18,25.0700637861093
0,2.85042082267555
23,18.3146134584647
26,15.4825589038986
21,15.3728597621781
58,14.6827505031862
13,18.2935988655302
1,0.936140411270507
24,45.8761413877552
6,2.51278337208966
0,2.11346593709415
24,12.6926731414773
20,23.4186412457081
29,12.9714921192257
6,2.78421545773143
3,5.52954019141815
8,4.52338866765513
17,7.87537189952755
2,4.35236528119107
1,2.67234183125162
5,2.59554619508346
0,1.42912233687336
1,0.372124019311685
0,0.106095879045886
1,0.413469501018299
0,1.00378653543034
11,3.81830964096147
15,11.3381699864549
10,8.00545132333928
0,0.742665773398153
12,7.07188502280472
4,2.23722822637389
2,0.934964523663987
1,0.216325802683373
0,0.898999320346937
0,0.468074377310853
0,0.140940107793813
8,5.3585962210841
15,9.34880107571625
3,4.85947860691546
3,2.22792473578413
5,1.98529268288158
4,0.826924511693906
8,11.3079444275037
29,11.7330045586339
3,8.32443099334247
0,0.103738945532014
27,10.8189732816151
0,2.45509465715648
4,1.69456755258666
2,0.485897913552636
3,1.96817059304726
3,2.65461054932268
1,1.14563431511281
4,1.76227854307361
0,1.42369043906576
0,0.153628758506559
13,7.17496430071546
15,7.84018607670415
11,6.15855568647276
7,4.54566627946608
3,7.04276578413612
7,7.13339054088212
13,6.36249668415268
6,1.88068697552311
5,2.83131793750163
14,8.53611471382609
10,6.35507014024521
0,0.367189860779891
1,0.68803327528865
8,2.98942378758872
0,0.683043458619393
0,0.0499765037016363
1,0.644253447305414
0,0.1494439391142
3,3.38405571129434
21,8.23893681168094
5,3.47281921949469
0,1.38104465931641
1,1.33200769650175
2,1.34807149060792
9,10.645012269011
4,2.65943201268856
5,0.918840555671231
0,2.13857811492892
3,0.418090018852797
2,2.68244278392644
7,3.88274366667835
1,3.8262331345053
5,3.68736389836601
3,2.25844156468175
0,2.00219904904475
7,3.43908227264471
6,3.69715027992486
0,0.420465034795063
30,10.5068274146088
2,2.78389361127296
12,5.27605684616329
3,1.67339018342888
0,0.459083160120775
9,6.58819727828277
4,3.4483894147883
5,6.56613190048712
6,3.10417736334232
13,3.76274157069209
1,1.09315459487666
1,0.67476509616587
1,0.899516317523364
0,0.665000525157009
0,0.0136903513923909
0,0.322865835132897
12,5.311569477462
1,2.67325236808077
18,4.9699355421795
8,5.18458226655269
4,3.89357844482569
0,0.125736041985606
0,5.97964130706857
2,1.26686121047278
2,2.56017137822543
4,2.58669564225365
4,2.70578907354984
0,0.483598840312117
5,0.977077516055799
6,2.17149452813005
0,2.17421442445467
8,3.30651257869504
4,1.90523036159058
1,0.982978044287696
0,0.0853873254283444
0,0.44662827130779
1,1.88843219522147
2,0.889734082589074
3,1.75056942466699
2,1.30166155824799
4,2.03937678980654
2,0.727687323971038
0,0.142457461375283
0,0.383403596546466
1,0.419257472000983
8,2.67688116824942
7,4.05197008368517
0,0.670984483517891
7,5.6364302045497
3,1.51306838237256
2,2.51536479388453
7,2.91771093857799
2,2.37902901521981
5,1.05775190874614
0,0.273542334008537
2,1.36223573994006
0,1.70460827826113
5,2.89874323575808
1,1.2855840852619
0,0.436736767576166
0,0.348955310311316
2,0.851059184516499
0,0.585787801891408
1,3.69843413553447
0,0.738859122665522
5,3.959263580082
5,5.10993655925441
6,6.48023559458675
5,6.43050374718022
22,4.8837075393878
17,10.7636996694757
15,7.42237794279844
21,13.2206876741701
3,2.18371994215262
10,9.91411147259216
0,1.4334301774607
0,0.382832933753609
1,0.464224207044853
2,0.393828501695083
19,21.6966297368199
47,23.0223239701554
18,18.2114610134378
19,17.1176441179422
40,17.2056671648582
19,11.5037558544657
39,16.9297272105679
14,13.0717878101818
5,18.3362883433215
21,14.5664676890797
18,19.0102531989741
15,28.5769121820031
0,1.28586212750326
0,0.644623130980782
27,10.3205156547424
52,34.958525659512
17,18.5257589483721
10,15.6285029476905
49,12.1568215868711
61,38.7942588216586
23,19.7762763815957
0,4.5931379900195
8,4.60457714296642
22,16.6439155053995
0,2.34175527580551
0,4.30121185463538
14,18.8816578706785
5,4.1721478319527
34,26.5844908695614
5,2.50088601364261
1,4.09781962547175
0,3.60594828673038
12,13.3029473396326
51,35.5608602641928
0,9.15560047347616
1,0.720174339706119
0,0.257738554601843
0,0.249926001904313
5,1.4087552191085
0,0.523784032868416
16,13.4518264214694
11,4.95372933946036
0,0.121903051761708
0,1.67316105271402
5,3.72522343395858
3,2.61826039434362
4,1.796343113518
4,2.73984237861067
1,2.14007448938763
3,0.801952499044904
1,1.44550697448241
0,0.0469905146849608
0,0.782087062770677
4,0.816270271022693
0,0.926349651554647
0,0.0578804581268809
1,1.96940581600107
4,2.44830283114908
2,2.4419924818332
7,2.46529280064516
1,1.37084471580051
4,3.89073079104421
12,5.98615539134667
10,5.89605073976659
0,0.279257182600188
1,1.74686617577571
6,1.31199989822553
3,0.444592271656421
6,3.52899580487359
4,2.43840195867094
3,0.216438846427028
1,1.33683111048167
0,3.37257888355584
5,3.01148417734425
1,1.01284890382435
1,0.155731344608375
1,0.129460520549941
1,0.906663324331159
0,0.375907669865331
0,0.789172499029841
0,3.76963747882238
2,4.75352121371925
0,0.621463934086553
0,0.786781725744098
0,0.778297577285373
0,0.709292678822439
1,2.19872723667015
0,0.418539236219076
0,0.205978136723895
1,1.486999719921
0,0.360577881871285
0,0.539802241886334
0,0.682938423462624
0,0.571928202545879
0,1.60524583084504
0,0.203984893722664
10,5.48854628978204
0,0.568104365106423
0,0.607646421925565
0,0.552568571865228
0,0.434765704384992
1,0.579685061970617
4,2.77888136453488
0,0.513269556279809
0,0.327962767787456
0,0.344183861864001
0,0.726371089229531
0,1.36017570059321
37,20.9277028864543
4,5.44665953828625
0,0.675161728091087
0,0.524582725129364
3,1.46361543501106
0,0.138248365439589
0,0.2399224513086
0,0.226170284089117
5,4.59322545218175
2,1.66705069040359
1,0.39322744255276
0,0.496846867824
0,0.532051542015078
1,0.459774443689373
0,0.718673502373457
0,0.547706758867459
0,1.20225108758483
0,0.255068713730224
0,0.274918834464645
0,0.290225774353084
0,0.331912661503905
0,0.313357869266772
0,0.381641602955572
0,0.361057214575804
0,0.268586723360209
0,0.355991704623196
0,0.476339499672373
0,0.389352597978571
0,0.69238382873048
0,0.551401215116973
0,0.332963955991455
9,3.5289158099509
0,0.278651809392272
0,0.332336975594242
0,0.228549625137859
0,0.246748366876784
0,0.320102619595902
0,0.386474060684297
1,0.71810487708303
1,0.625175960087235
2,1.31746318192246
0,1.16529166197221
0,0.306815477044407
0,0.688748308082955
0,0.277638538257321
0,0.495308290852342
0,0.26479855624492
0,0.386461859418579
0,0.289455029343794
0,0.736292109415368
0,0.0860273300277165
0,0.566554896346196
0,0.314052510139362
0,5.77531086498377
0,0.323049834169668
0,0.554144257030828
0,0.211317890848056
2,1.41280361921954
2,1.08034965851743
13,6.90164675543047
0,0.588520011538897
0,0.519537387825377
0,0.530993870365828
0,0.496411154744261
0,0.536318295687816
0,0.344412759028488
1,0.290636075706057
0,0.425541861438099
0,0.417159267801978
1,1.34910290321621
0,0.374871233502241
0,0.183110313522842
5,2.02926848370655
0,3.92788406371589
1,0.543204705538927
1,0.380848076434363
4,2.16522079708308
2,2.20366362536907
10,6.43332343864102
0,0.333560805210737
0,0.358252249797509
5,3.79683866822661
0,0.674180925017615
0,0.46196089862611
0,0.245578010908763
0,0.786345206487675
0,0.400029580201256
0,0.398406182935056
0,0.265745151550114
0,0.642392628010393
0,0.502574064982126
6,2.59587389995918
0,0.381225003640294
0,0.495423873495283
0,0.246574810778775
0,0.650007906352266
3,2.87698678852728
0,25.5796050549775
0,0.48681842232588
0,0.646030621374246
0,1.07227478838629
0,0.30198548168788
0,0.551747276132037
0,0.663291751757169
0,0.339725994363484
0,0.586613204533495
0,0.427949857865928
1,1.80127270530705
0,0.49790941586875
0,0.155488551022353
9,9.43639084826969
8,6.90120807376374
12,14.2853600861584
10,5.33352478282626
9,5.67988467199572
7,8.64186995846107
0,1.86537277426953
4,6.62067529559944
10,4.67232691057614
0,4.50766319197041
0,3.67630729537254
1,1.73458230846634
6,4.49017528623174
0,0.922442571997192
1,2.36973446409653
21,13.7436036684995
14,6.76216108170375
10,6.71300937894801
6,2.61125804691997
1,1.48571423028469
2,1.73117987517402
4,3.15627536351387
0,0.188892115909099
1,1.21199532288086
0,0.0864555768844143
0,2.93490154435175
5,8.43883450806734
9,8.3635535866954
8,5.71213719289877
0,2.39271386821071
0,0.160983530752134
7,5.82396822065105
2,1.15146092036625
6,3.15738925362512
2,1.65007950502854
1,0.559831849014821
0,1.82350694063055
0,0.207726057923023
0,0.279157255362189
24,23.1176703009949
8,7.69539743208059
0,3.54231630719007
2,4.41991574265794
2,2.05632831538047
2,3.67405261746257
3,2.32349235863517
9,11.9148779834768
0,1.15436696380255
0,3.83100920167681
0,1.7335814358474
0,4.08064420482878
0,3.78858503924045
0,4.19747759497788
0,5.03802403449564
0,3.21044312663104
16,4.7460607926003
2,1.8823413781333
0,0.361913108923506
1,4.47725941294214
3,3.23153719559536
6,5.82246335245916
0,0.558687144609112
1,1.28071451508184
0,0.969874293223163
0,0.647689141039562
6,1.51925897696812
1,0.926744279259781
0,0.739332410899359
0,0.481925290766748
0,1.15575511544733
0,0.333922464859311
1,0.713519786646042
1,0.714446155434602
5,0.757739529533123
2,0.739496535185423
0,0.52584427533947
0,0.588830341652798
0,0.798588228200813
0,0.811642610373586
0,1.4489456164995
6,1.10783197910699
0,1.02821555495434
0,1.1160774844242
1,0.931010320146413
0,0.553752971444003
0,1.05061839565341
2,0.73663333665205
1,1.23088472130406
0,0.728670128135595
0,0.88773834079104
0,0.605170353924687
0,1.35124088927558
2,3.66951139091913
1,0.399744511568814
0,3.67959543724472
12,12.0352252967278
12,18.1956960813254
18,15.0225514027265
9,8.52307747552126
15,12.7970465829797
6,11.4681850638138
8,10.1624509809302
10,14.2854948538533
18,16.5041541997367
16,20.4784030261579
18,14.6206014167116
9,12.5051525231101
15,15.2784054103966
27,17.612756840415
9,11.3602198131309
18,11.965477983957
24,1.21496522105081
21,2.51847891102215
0,2.30173584755502
7,6.78291449032356
6,6.59696967379284
3,2.22530633973756
0,0.326543891585184
1,2.61896715452741
1,0.299379903559376
10,8.19533438348138
0,0.656072760668116
0,0.35951203960961
0,0.235835308728492
0,0.226841283755759
0,0.228029548722693
0,0.269057643919588
0,0.203834086580402
0,0.00282053380542851
0,0.068369128417911
1,1.66671465127503
2,3.63697085776162
1,2.39785527235785
7,2.3510266752345
0,1.19592006492376
18,6.30067271934742
6,3.27730757621181
0,0.135624049642749
1,0.903579712116642
25,15.2779952521198
12,11.0430878713193
5,4.27510924595643
0,0.371434366333102
1,4.81526561481236
1,1.23643239230728
6,4.61185208313481
8,6.35322732409134
0,1.42554752546256
1,1.46513601144159
4,3.36360655593813
13,8.93891609135465
0,1.23294743993782
0,0.0125639345629551
4,3.04677925171005
6,5.27189103032356
16,7.97814779385083
12,6.65318453252183
6,6.25763365654737
0,1.11931310229746
1,0.922293899998659
0,1.16453895133813
5,7.11978608920245
2,1.84919930040825
4,4.20313972415849
10,7.59307293282059
5,5.48664890384901
4,6.99893281595226
0,0.0536999031421918
1,6.10009470237933
0,0.560636321039089
1,2.07011268079943
9,13.6522943722441
1,1.43267384738939
0,0.489442803488889
3,3.2762419225347
7,3.77449170541351
0,3.64140766110357
0,0.375367103506232
7,7.23238124391642
0,1.65754808911961
2,1.8717816218336
1,0.538800425436855
7,3.75069624478822
0,1.49606113938523
6,7.41595606831723
1,0.915829952508683
6,8.01373665162477
4,5.03719016857832
4,4.46480332752139
4,5.63435714993374
1,0.188754929990566
4,3.49122474385625
0,0.0219199190129978
0,1.63077698476156
0,1.6616832409364
6,6.59497170345827
1,0.8786114376101
1,2.42421273032555
0,0.405970247941691
3,1.56188138991499
9,7.55296386063731
7,4.97969486882138
7,4.40079718137546
6,5.56766038190304
1,0.964096096229111
0,2.6848442187986
12,6.70743641197273
9,8.442153015487
2,3.58157393174501
3,3.01373126154443
0,0.955274845043868
5,2.84474206666025
0,0.552793593185062
77,27.3057603480548
3,1.80454024166145
8,4.76938903736868
6,4.30820614979484
7,4.76057082435042
0,1.45889089033992
1,1.18590683476129
13,8.26303542174822
0,1.73146978078714
1,1.19134741631084
2,5.86332451899699
18,9.2550654510012
0,0.572177578554269
8,4.1897043377801
5,2.97604101437481
7,5.96412690844224
11,5.13260592960397
4,4.22687072613355
0,3.09889814528824
5,5.0019980821116
9,4.16758405166655
8,3.85537337726354
0,0.924541818307627
9,6.35911921279447
0,0.797147589783263
14,8.26721935928405
4,4.01362527448288
6,5.01923295933026
0,0.341411052531823
0,3.14894819480622
9,5.12189935751682
0,0.170129473654176
7,7.87732138969734
9,4.17196852958233
5,3.4963645861741
0,1.88156987129683
0,0.109742277511203
0,1.30858972279625
0,0.314961783559772
0,0.0558246374039636
0,0.177237261539152
0,0.326692536611941
0,0.251775928541177
0,0.182274784316806
0,0.0249041385334229
0,0.144253216232956
0,0.079401957194477
0,0.183966491154431
0,0.117113642456215
1,1.01509558076722
9,6.59913342229056
8,8.61511381811574
0,0.609835956383008
3,2.36316981487549
8,6.87059383171652
1,2.45995895901443
15,9.93145449413203
0,1.03128000198196
0,0.0736969916853954
0,0.853500559898599
0,2.03559121701071
3,3.39453199373374
5,3.29462991100929
1,3.55743448616645
12,6.80314429958551
8,6.37901768072129
3,1.92580431682195
4,2.69812208687999
6,3.41191358519068
11,11.8590601250684
20,10.3388756875536
3,3.54216122936766
2,2.91463983515129
2,2.47101359345425
6,3.92055904244344
6,4.71325919371446
0,1.15400655796116
0,0.920230228954449
1,0.0984867368502891
0,0.474300179764682
0,0.0929655758390834
0,0.180526865658154
1,1.55619575321148
9,5.89910077665047
0,0.271048671051441
8,8.76088177916471
0,0.903340211199594
1,1.21515839740185
0,0.84410612779754
6,2.9403132880795
7,5.23544156128562
0,0.701062433275897
5,3.33413889170081
5,4.36129968446255
2,2.11710784058298
3,3.3083057420206
0,0.965791952418735
3,2.35522191858212
4,2.67085932402905
2,2.41674668633875
0,16.2148601744578
6,3.67474704489342
1,0.935759645905387
6,4.87078912999871
7,5.42070450508583
0,0.722663550376194
0,1.04510479092528
16,11.3505920467051
2,2.79748683729917
0,0.770330290335645
1,2.26140994538027
0,2.09650318941197
4,2.94476530084799
7,4.33731913385009
8,9.54806659818266
0,0.549595927084366
0,0.911169693897843
10,4.39175978372483
2,2.84144806726844
0,0.698128373509657
0,1.68890872023433
3,1.7595858527427
0,0.185183489892845
1,1.48967619117769
0,1.58261339979564
11,4.94042425034531
3,3.97211407079605
1,1.31822419585351
5,4.00204662426319
4,1.90294568606865
0,0.424064220326172
0,0.616638200943918
0,0.752182473473869
0,0.977859839422628
9,5.93428041721754
0,0.566513817230427
9,10.7214760607802
9,5.42278737356822
0,0.646473637251767
5,3.77182250793798
1,0.494116856347633
3,4.03344323934014
1,0.156713376906964
10,5.44614306694763
0,0.29039728310636
0,4.14454008695648
0,0.186842225560397
0,0.844849797572425
0,0.0294197376102744
0,1.02795941627154
3,5.65782386330674
1,0.899650749906084
0,0.0152763996512931
12,6.41123316087191
1,1.21517704676019
1,0.713797999186494
1,0.845772420688253
5,3.84699151838433
5,3.28687360818171
4,2.26426601541248
0,0.794928259797717
0,1.12493804778649
0,1.3876507193554
1,0.616659052006475
1,1.6379646773093
6,6.57931804235235
2,2.93379443346252
24,13.8363459458052
24,13.9526409778909
0,0.957998965011678
1,0.944403587263682
4,3.9242328415626
4,3.80751611099404
3,1.34307562983739
0,2.87357625925826
2,1.39711141740208
3,2.97154060717186
0,1.49452847215176
0,1.25618981853231
1,1.08941021297713
0,0.715345397084904
4,2.33170025003956
5,1.91727602195314
0,0.990890355162906
0,1.10083381467947
6,4.30996699221794
5,3.888827227101
1,1.06646163181551
5,4.6869257378564
3,3.11932476924506
5,3.09755301442197
4,3.60221034656167
3,2.37723336474727
0,1.08023457014809
1,1.50746008855912
5,4.23896694243674
0,1.4265620100653
0,0.0101561433140377
10,4.33326421318966
2,1.38528767016256
3,2.58658513026068
0,0.640092384368503
0,0.786939480431527
2,1.50613378386869
6,2.59636390032063
9,6.39700511662898
6,5.17307198509726
4,1.83760458690288
0,0.0997827869171442
18,20.4775659941655
1,1.20729239865741
1,1.55684552969222
0,0.70413303938289
0,0.678829119989796
1,1.16823789966282
6,5.74692379079285
2,1.2604470642716
0,0.776359447201773
4,5.48552585872674
3,2.17288032077654
9,7.81344968978659
6,8.70556386376032
7,8.32942949264455
9,6.31731904371348
0,1.03861939299798
0,0.942448543198676
11,6.81275539441073
1,1.40631894549925
0,0.109063518725535
4,2.27543856033688
0,0.78647586523956
1,1.84483372994442
3,2.66831608862034
0,3.40572671668058
14,14.9344756780002
13,13.5448269485881
0,1.13738251219138
3,0.931249338967209
2,1.22439663121013
4,6.0546828289539
0,1.24952261067316
0,1.77268809853002
0,0.0646110799545028
10,8.07538416732764
10,8.35600551822758
1,0.939159798574485
0,0.433741384961048
0,0.495506846694117
0,0.599800248824335
0,0.934892007919858
7,8.86527696103847
6,9.6257273550568
7,8.84266891915643
4,4.43115809977522
5,7.03148502770212
7,9.02421426809434
2,2.33947787934268
1,1.20276241915481
0,0.417939657624754
0,0.591589430366497
9,4.1133140663765
0,0.874609002648178
2,8.69700469549214
6,0.0418397053826232
0,2.79998803665923
0,0.0740595993743153
1,1.47237517801019
4,5.87311172380879
1,0.039911399790554
1,1.68460403602308
2,1.86808735378448
0,0.798166892846703
0,0.695998319646547
1,1.00237336711313
2,1.89057961010558
0,1.15846877456919
0,2.24553231063573
4,4.4846580586152
5,4.23409571448856
6,4.96467648875756
3,2.87771790902161
0,0.346710576611834
2,6.53036958747736
5,3.8125483874164
1,1.26595473283349
0,0.0638626288776239
3,1.47600636308062
0,0.837241734169447
5,4.79504335666058
0,0.423688897000747
1,1.92566966215659
3,1.27891212659185
0,0.586958182849856
0,0.535619194816774
1,1.50043879176557
0,0.626844567521859
1,0.82902779390257
0,0.783249207740534
1,2.60716640094201
1,1.58068251476462
0,1.21088818646861
3,2.62113342030763
8,4.26769034287619
4,2.85605547668466
6,3.43209758166475
1,0.292731792194816
0,0.8846468076963
8,4.04439350063491
1,0.806687883549227
4,2.26817721437831
8,3.9752179349448
8,4.97385982912652
6,4.39862637379509
11,6.52808811023756
2,4.14332306472683
1,1.35907535483003
0,1.03172285010801
7,4.43767059800241
4,4.04990066811121
1,0.229475985940802
22,11.4431248055036
0,0.0444047714138336
6,4.21037440193532
3,1.81741018794521
0,1.06181793432815
0,3.65962608297466
0,0.622313103195088
3,2.61270264505835
16,10.557896759341
17,14.4799259493098
0,1.22448687288114
0,0.141952830109881
0,3.43374045325732
0,0.0754341461022064
0,1.46726351451923
7,5.77434748934712
9,6.08575244427013
3,4.40439975276642
0,0.691643648844523
11,12.4193634849061
6,5.66033391081126
2,1.7672850483929
0,0.160285694788208
1,1.96048286888451
2,2.04606091685894
7,3.89628927994878
0,2.13074128822203
0,0.207641693776694
11,8.51426372559989
12,8.24048966383902
1,1.55467835519788
0,3.20665323944853
3,2.88901642552227
10,7.82481222667874
4,3.44709521667912
0,3.0996052351182
1,3.58454660695629
0,0.166901357879175
3,2.70052389690479
0,0.783371465119495
0,0.592428594158913
4,3.44850485590786
1,0.948639899303594
0,2.24061657540504
0,0.723638069840308
1,1.72002573155122
0,0.150981550054941
3,1.90713997059027
12,6.16057538965112
7,3.27651619265298
0,0.108494100983217
0,0.655108253648541
6,5.60126868845918
1,0.196538655406935
4,3.46420221084759
0,1.13529955234964
2,2.04389846725588
1,0.290458239699418
3,4.56261375712248
2,1.06815118533916
4,8.65101454388155
0,0.70416826891854
1,1.46536923722066
4,3.32419842705418
4,2.29611191705016
3,2.8434461266458
2,2.67618899358927
2,1.73749809747271
0,0.389851620437896
0,0.778719272834522
0,0.859736093987282
0,0.813582211510366
4,2.99658177103871
1,0.400229132379457
0,0.027902802767223
1,1.13295764739899
0,0.175653111821521
3,3.78892575494217
0,0.108143326336756
1,2.22609844031461
2,2.14930873415226
6,2.86297507086725
1,0.478459759984026
0,0.985135092010783
10,7.17026825558994
0,0.0459391902737492
1,1.2563272046089
0,0.729824371127301
0,2.42084055197661
3,1.74641007671039
7,6.00786797776111
0,8.51729640436625
0,1.07971578462266
5,3.73200789944259
0,1.82034601856253
0,1.88762250602981
4,1.79675867161777
0,1.1173590925925
2,1.81038701048777
0,0.0831622027495411
0,0.855689427928757
2,0.448946108811786
12,5.4470420363803
4,1.87516448665125
8,5.90477955760343
0,1.71320326614902
0,0.624959761977428
5,3.14153929631688
4,4.36896289299566
6,4.45987157091988
0,0.716842783756153
0,1.98029140983333
0,0.947876429793008
0,0.705498049263873
2,2.60765208071909
0,0.904119970774191
0,0.0114725235548262
6,3.31650889977694
0,0.869772136316877
0,2.16157711357585
2,2.25026292672739
2,1.63341477614899
0,0.7914098187672
0,0.791646850061789
4,2.86353096920682
0,1.75596837319426
3,1.94119013412329
8,3.0181734854442
3,1.82805279305585
1,1.18249733780657
1,0.806011054814684
0,0.641416207958236
5,3.07213989410228
0,0.778578629015986
3,1.49587221146205
0,0.977302820256171
0,0.790513147577988
0,0.0535771816011783
1,1.69958202948474
1,1.5957260206509
6,4.62649149742946
0,0.597848673239889
0,1.18448190803265
9,5.11412938175192
0,1.21668847052075
0,1.18290469782987
7,3.08558901980554
0,3.73632302498744
0,3.35230619095201
0,0.766284068622963
3,1.82597948273657
4,2.97918641304008
0,0.555729382302373
0,0.867053761806544
0,0.920896082700621
1,0.922188264999569
0,3.14933487521129
2,1.92631181545554
3,2.53071600236903
0,0.747818141793563
2,1.1039265868358
0,0.904340237262689
4,2.64605212484315
0,1.27713458445412
9,7.90813165027241
4,1.64638528786057
8,6.51344946617529
2,1.35924731988633
1,4.04612870523691
1,4.77491313870924
6,4.86679135828529
12,6.47536236443311
0,1.05349137084438
1,4.63292547370753
0,1.62385557056551
0,4.181481334358
0,1.35369704116883
1,1.00395140734633
0,0.776580149444473
4,2.43571100456821
0,0.189021087766099
5,3.01612171586908
0,1.00911136458105
5,3.31535745391054
8,5.90831340196582
2,13.1424436309916
0,0.613077702039709
4,1.86872775847346
16,11.1568159474055
1,0.958880164279072
0,1.30093686767572
8,4.67901078459687
10,9.68351580640458
2,0.665277327983446
4,1.26774837662272
3,2.8308714648455
0,0.747780806524418
0,0.0642685701637727
0,1.08467589073555
3,1.4101970658825
7,6.41750234125741
3,1.56992656869596
0,0.0748085679516906
0,1.16311277429458
0,0.770115424630527
0,0.562841977652308
0,0.719029407868879
10,6.2120752578868
0,0.646581977134538
5,3.13857422927034
1,1.47257415460552
1,1.26716044176312
3,2.8658480822713
0,0.86942471046443
0,1.66755765570478
0,3.82972079140993
1,0.582695146193851
2,2.62081058490092
2,1.59314956228306
7,6.22837326718402
6,4.7355854075458
6,6.08088430558589
5,4.88409344523488
5,4.25832365473747
33,26.0395205476094
6,5.01457563775528
10,5.70438831544428
0,0.58981875357856
0,0.0259464294961741
0,0.586371038517181
0,0.0157125915503527
11,5.55342021841141
1,0.754274709740902
0,2.23918140766499
3,2.21299381029377
0,0.946574109006086
0,0.872889674783673
0,0.876281168861316
2,1.31617436010421
1,0.712489784335638
1,1.42983884359933
5,2.24959930986626
1,0.573935746294729
2,1.60984494131501
5,3.06613151899053
9,6.69579869813403
4,1.47364880735976
7,2.49833689488976
1,1.90713344412219
2,3.14859482999884
4,3.09194073260027
4,2.31646832193386
6,3.25245749784483
0,1.21994643533925
4,2.01858428260419
6,3.18596194390442
0,0.612282682779727
0,0.618569835543111
0,1.05666494647966
8,3.87564074770541
0,1.42912407223618
0,0.903224503614021
6,3.06704932501428
1,2.50556518612143
17,7.90153428942786
6,4.01747813495092
0,1.28624040350083
2,1.5837298622886
0,1.41639074929504
2,1.33818504225196
0,0.898820734487841
0,1.1734999445656
4,2.95681135324505
6,3.30891981905084
0,1.59286908640207
5,3.56109777608504
14,7.48402832075564
0,1.10785951243083
1,2.49783860208743
8,3.40456234495387
3,2.08387328053964
8,5.76250508107035
5,3.20089952929213
0,1.43858875112511
16,8.16595986515502
10,5.7115752612936
0,0.553827684667845
4,2.44486651223625
2,1.20540265783594
4,2.35271734224348
11,6.0113358402896
0,1.56288044277614
0,1.92445063866431
2,2.65944543564382
0,0.0599384545897736
4,2.58263613903623
0,1.38908069696797
3,2.11786841909294
0,1.9828960160423
2,1.71041787267372
1,2.01604505674603
2,2.12104288529765
0,1.41580607274339
0,1.21863001288003
6,3.95753751524569
2,1.66376270118448
5,2.44072122836832
0,0.893844907201187
0,0.885901949407695
0,1.60644466259276
0,0.329339257640006
0,0.624721212931449
0,0.131878794439628
0,0.82408366562279
15,14.3896880572614
1,0.574037642746992
2,0.845404929476687
0,0.946713766985494
0,0.605128764837832
3,2.41737490282835
4,2.31550744550966
4,2.1638833859409
1,1.360843218058
0,0.634112828366761
0,0.62432161739295
0,0.0306023538380421
2,2.04357089072121
2,1.98706207865256
1,1.29630186082479
2,3.28809326381885
0,0.811566349013804
6,4.00848109489713
0,0.107214189696301
3,1.78420223982232
0,0.0759358474150411
8,5.54149231500324
8,5.44663739452143
1,0.328083058056246
1,1.28902925447114
10,6.87530119548108
0,0.320629955722089
0,1.36282009929808
0,0.717586767184713
1,2.2888236569547
0,0.965216543267619
1,2.07795015316384
10,7.10982772677228
0,0.543453768263583
0,0.884379365264099
7,3.90915789849484
0,3.50022944099379
17,11.1238035300136
1,1.23890310888363
0,1.12096492951375
9,4.95838123661105
6,6.03127430446881
1,0.735323814315345
3,2.84393572878342
10,8.05357442550496
0,1.41349114671229
21,16.6869285580548
27,21.0327352785269
11,13.1810582436612
2,6.09644141649528
0,5.68195183591306
15,16.0448501496252
16,22.4372668952619
1,0.498728309498554
0,0.135616860757476
0,0.207781935386484
1,0.719362120899319
0,0.28072502262637
0,0.338807138008732
0,0.538057300016221
0,0.4765785544463
1,1.6379691540039
1,0.394216910440835
8,4.90677758623124
7,3.43260979135123
4,3.9314536637394
4,4.11263938427413
1,1.70129563001664
2,0.943102768621322
0,0.385755547483007
0,0.36860801436522
0,0.0665349262201289
1,0.207764334202996
0,0.0548685736294427
0,0.0285108092920132
0,0.0343079709481216
0,0.0989817838529746
0,0.0528019495676793
0,0.327621337935598
3,2.96701680211641
0,0.268259164355325
0,0.296353631165192
3,0.815387254314526
3,2.3146130305701
0,2.40332967928172
1,0.437541302959654
0,0.676287159020021
2,0.950376853561838
0,0.0827859051067941
0,0.217407317627533
0,0.823250821647881
0,0.707445912337327
0,0.444398972815158
11,4.38569377658693
0,1.15291753554498
1,9.44676769308122
13,3.24527913519314
1,0.165974938210995
0,0.414824634081613
0,0.582195068912244
0,1.89165362569175
0,0.374147705748046
7,11.2876057858318
4,5.29996599895823
2,4.56280986926267
30,10.1525417057956
7,4.95256823673819
0,4.30009230337246
5,3.90710198851888
7,6.87330342660816
4,4.83730987111946
5,1.98507430521166
2,1.92014493669874
1,0.863028563196744
0,0.411763731114713
8,2.41584571631701
0,0.520770049008668
0,1.12187465852581
3,13.4783503354039
0,1.58833412634336
2,0.844064730762506
1,1.01842495838482
0,0.482295638423305
0,0.0180939328614964
0,0.323687619910269
5,2.79135776536903
0,0.982795424314008
1,0.23147042269708
4,5.23905692153468
0,0.843902170663128
0,0.435730203795261
0,0.688055570828804
1,0.750883317815864
0,0.63950046106379
4,2.24934353645021
2,1.4222889386744
0,0.42737164570406
0,0.205421858888769
0,0.341374208654091
0,0.312705914447621
8,3.59726431831133
5,3.75679406008937
2,3.45350518483884
1,0.556275115315071
0,0.333011974116587
0,0.866993569478807
0,0.180409180495474
1,0.782720005602502
5,2.03611338095236
0,0.232792714022989
0,0.142268182818491
0,0.57942106349819
0,0.710716357126571
0,0.159728107469293
0,0.28871451265555
0,0.439178466586557
10,4.70329697396889
0,1.51813121908211
0,0.693281947278962
0,0.505834964532645
0,0.692938938332862
0,0.361318524436166
0,0.602651194251222
0,0.0900055199306412
0,0.12404602835617
0,0.171919967434582
0,0.369215999296831
0,0.341303010385219
0,3.05268733751745
3,3.76631816760695
0,0.280198700981239
2,2.9039072073972
8,4.13964265027056
20,4.3745724366008
1,3.11236167821286
0,0.442535312557894
0,0.327987268185279
0,0.758934810452225
0,0.182469115409215
0,0.808181924823948
1,1.83934623795394
6,6.91865445759631
1,1.07742746152305
1,1.02098091567649
17,7.29384988695102
0,0.324652890009577
1,0.610953352423364
0,0.332764600818393
4,2.18785738056563
0,0.321044353979936
0,0.295685590522544
4,5.52408382588078
7,6.62531188878624
3,2.11896332647509
6,1.10460355534215
0,0.257440576529933
1,0.986118551115536
9,6.70023871707927
6,5.44801459913471
0,0.172348341511854
1,0.502985298193672
0,0.44758060155044
0,9.17169517336902
1,1.92109790177578
2,0.859975750896763
0,0.145874150840384
1,0.801588901296828
0,0.38589637274659
0,0.209914562534477
0,0.32083502063456
0,0.127901239683569
1,1.13805401507072
0,0.080730414415918
0,0.356089820921829
0,0.0976218012842836
0,0.34406608545474
0,0.0982905885104288
0,0.0706688278455107
0,0.102862325933007
2,3.89261455073109
0,1.49357925331521
0,1.09376024277435
1,1.19542349016616
2,1.60532431722986
1,1.36722292353176
0,0.0304398442801972
3,1.60815168352437
5,3.83971079818904
1,1.04644151027977
1,0.827483921980191
1,0.487427876396378
1,0.439378760950891
0,0.123508474725195
0,0.28864372363552
1,0.19616628978586
0,0.316817525063199
2,0.478464416741555
0,0.832261909228799
0,0.17260792470453
0,0.867196195417171
2,1.55976148061089
9,2.32913094908353
16,9.82531337218319
9,8.00447464511691
4,3.3968076712329
0,1.94232422508951
0,0.554766451717678
2,2.20809555290024
0,0.569762507620785
0,0.394683332135291
3,2.9341602625985
5,2.29932615296069
2,5.01407491801547
2,1.20077625293856
0,0.092340820939459
0,0.330828858132252
0,0.0914409396924675
0,0.195389262875783
0,0.281434705965916
0,0.244808920068491
0,0.0532000307318945
0,0.364227049047501
6,2.25611574704937
5,1.81911042474216
2,2.23790889905066
4,1.68482011803966
1,1.90266161116773
0,0.473894849903051
0,0.214620966052432
0,0.270134302232021
0,0.105844579552813
0,0.093815835165646
0,0.0346541688048448
0,0.0965096194856545
0,0.36547093836111
0,2.0972244199068
0,0.310374605165364
9,5.07138363040429
0,0.458402030918438
0,0.389626240134143
1,0.84418358342864
0,1.32238619528228
0,0.151148304853074
0,0.242423111513761
0,0.34456670922066
0,0.319482211423014
3,2.32313379526151
0,0.690156301718659
0,0.119519378833578
0,0.0627989590390971
0,0.334164564700476
0,0.361652519161585
1,1.06342188932507
1,0.181303949659137
0,0.607710098866356
0,0.115714022995818
0,0.334256332177691
2,0.568690237855779
0,0.557744057295531
0,0.240893913488387
8,4.16716549471319
0,6.76642617026732
12,8.16818251804104
9,7.40938612046807
2,2.13667772611574
10,6.34690764801759
1,0.995250573502872
4,5.65328011283864
13,6.19055329842742
1,1.02533595795171
13,4.55478760598324
0,0.15194335921989
0,1.03495113561458
8,3.01595783432351
0,0.274900281984561
0,2.56080776051021
3,2.133668477117
1,2.39584610869306
3,1.87551101492782
8,19.2687887236556
12,1.53333346969839
0,0.326385653926592
3,1.19212666317742
1,0.494475603495265
0,0.229596031931916
0,0.151825103067284
0,0.551604853735893
10,8.52276901803368
0,1.24585173692724
2,3.40818285505054
8,3.08711429606781
5,3.56239929858108
1,3.74372160517981
1,3.31985497490711
1,0.500042088494314
0,0.65736009088459
4,3.08990237458602
4,3.70768882954632
1,0.595136865581153
1,0.98817935256579
0,2.11858871107621
7,4.18399566811612
0,0.641478275852921
1,0.831330746401472
0,0.138083592912373
0,0.350846137007155
0,0.304114754593771
45,21.7267412751038
0,0.254442152662966
8,5.34269466180715
0,0.607060366953794
5,3.37406838133489
0,0.696894465656736
1,0.32864031344994
0,0.998103784509743
0,0.628553424190031
1,0.786703030828561
0,0.0837995365234822
0,0.367571685028799
2,2.61998391313118
5,2.78260908959666
0,0.229242476732906
0,0.715119620456307
0,0.597473223069326
8,3.01466750380446
0,0.415248324202105
0,0.552560049622521
0,0.29009151766603
0,0.596469761106784
3,2.13427074373302
7,5.4056387323539
0,9.61362430189973
0,9.49637022861914
0,1.16269120574864
0,2.36028334244957
7,6.22887184463567
1,0.232174759467126
1,0.801585281484243
0,0.567680879238419
0,0.457325889457892
0,0.273540655579586
0,0.523309285856686
15,10.9752317028269
17,7.57176720206774
0,0.652229470712519
0,0.550117909641799
0,0.513958272866538
0,0.113277973598828
0,0.257170053593256
0,0.194406730043841
0,0.0385577203092553
0,0.202247128169328
0,0.244684244444509
0,0.274859859420449
0,0.178221407469071
0,0.178855762634431
0,0.0447794124745999
0,0.0912875221369701
0,0.0177657320222593
0,0.0196637790925832
0,0.0582979367410656
0,0.385621808837781
1,1.07928485998396
0,0.490501622348848
3,1.83143974214212
0,0.338314582789436
1,0.212085782232589
1,0.496690439010714
0,2.03545614007211
28,12.8139295847153
2,1.43342624838042
0,0.526191535774781
0,0.206276722920029
19,7.82270947768515
2,2.08575797376993
16,8.05723240659484
0,0.786641551464361
2,2.92620526731623
10,5.84032687380217
0,0.231745244092579
4,2.70189593113092
0,2.73273424343272
10,13.1180075737788
0,1.7363658863672
3,2.2704502862277
4,3.29365806054024
0,0.914512928159502
4,2.0387904714075
0,0.543733379801535
9,5.92837201446567
2,2.20400129564901
0,1.00739768626453
11,5.68487305292392
1,0.340439322170287
0,1.09804783386718
0,0.768234712430642
0,0.433002685290151
5,3.14079020509134
0,0.946006707730982
4,1.83010803619657
0,0.398150241734169
11,6.34023809290356
2,12.9036330958556
0,0.798367398804034
33,16.6899819711426
27,11.511390925248
2,1.63847864151854
0,0.260312535190387
3,1.77709880720713
1,2.9918825997477
0,0.766194570709051
1,2.82475811305691
5,4.15392226619882
1,0.515515272635778
0,5.93136016819269
4,3.42522770276241
0,0.961128951807469
0,0.652305610768052
0,0.647059959833951
0,0.895468983386731
1,1.42184143860081
0,0.534950143500065
0,0.385512599671489
0,1.50230673153889
3,4.6346568967076
0,3.54420745207765
1,0.493007990086291
0,0.874154563119895
0,1.19330709433278
3,1.94829203307722
0,0.55308037448773
1,1.04298396010563
0,0.413687740918349
0,0.856058851707518
5,8.65358034557842
0,1.41520457505378
0,0.623416960747289
0,0.860317836526786
0,0.619238240403661
1,1.84868346960245
6,5.14787301174382
4,3.96049346558161
2,3.24984893582795
14,9.19498371591826
0,0.68283656519064
7,3.02648989225
50,32.5685070595329
38,24.4490809833756
0,6.94351887438797
0,0.888185109060994
7,5.97942840343737
5,5.33655654344627
1,1.94361104819978
1,1.08920394284145
0,0.912893635228339
1,0.951948489164382
11,6.4110154898706
12,14.5810191348053
1,2.4037563354687
2,2.01971609465167
2,0.495682262989576
2,1.89579763310036
4,4.01378139302964
6,5.69778547316824
3,5.14661936790403
1,1.2966885130752
0,1.4074692270024
1,0.258140572305229
0,1.30547989634617
12,10.5842076666131
7,7.26480948456424
0,1.06746764253931
6,5.85497465530491
16,8.17096684084371
4,3.03612244386141
0,2.23786347771332
1,2.32658928734125
10,5.36630310821098
4,2.47974837511753
6,3.75545859330115
1,1.5277709727521
5,3.04184993509325
6,6.65193192290801
18,14.7359288556341
14,12.1755050488719
1,1.01890071357366
17,6.52848134438493
5,7.83291701116195
2,10.0147599151908
0,1.82356424303499
3,2.28969334995685
3,1.77196134285624
0,1.17907329330834
2,1.78224382145997
0,32.3361867251844
0,1.28181286891084
6,4.04720138480083
0,3.42089063512429
3,2.77156102699146
0,0.677801696849587
5,3.32809075126446
0,0.80496310520403
1,4.53267364627442
2,1.6872931701045
3,2.79436546798258
7,6.33782810006522
9,6.42533569545111
19,5.5564487581767
9,6.37654169191073
1,0.614720587492754
5,2.5446411246486
0,1.54217733382385
3,1.57403842224609
2,2.18785741265364
9,6.04971925221588
1,1.71297779416912
1,1.20708389110552
4,2.66920458930484
6,6.24105824864822
0,2.39645943394779
11,5.64677048782476
0,2.45739706615269
0,2.62271533504654
9,4.56482846263775
0,2.71985252691285
7,4.44224943627786
0,2.79119568528802
6,5.51332935681838
0,1.30877702665443
72,43.9696450421281
35,35.9013818767122
3,2.09461272573847
4,5.10307533873881
0,2.20950114343687
6,4.47762577541588
4,8.16900231903943
8,3.61760435449772
4,2.6303377954267
6,5.73284042433192
1,1.3188417689324
6,6.99896273730463
1,2.04386602445299
0,0.799967372583573
0,0.914325324815526
3,2.24918143558817
1,1.14879648366239
4,2.2626280028398
5,3.32365412472051
9,3.24741583157487
1,1.5667339452027
3,1.5501167099655
0,0.837808401182284
2,2.49287019088741
0,0.948398357507689
3,6.86789573501443
0,1.98732739445946
0,1.10328299299887
2,1.55802668756992
3,3.68400858848171
0,3.2435409568757
5,2.64736612233472
2,2.42727655214843
10,8.80843969649791
2,1.16041657225338
7,8.49396603991378
4,3.0675821892407
3,1.74495372025592
6,5.88670377016281
9,5.71230488105797
2,1.74441392146833
1,2.34559967868146
2,4.51117582855192
9,10.7629283179372
2,3.03087038919258
1,1.41030688175622
9,4.21780140909496
0,2.15814395879613
8,5.77036647425342
2,2.92760462016147
0,1.34290771596753
0,0.463403455062905
0,1.21210487115821
1,1.55876773852716
4,2.51645278244644
2,2.72138592304598
0,1.44464559587121
1,4.41272384062351
7,7.26169081231143
6,6.24195790601718
6,6.67633668505407
2,2.03412461442177
7,3.73250287963722
15,6.66531312851702
0,0.429256351828883
0,0.716281933213481
13,9.77867027825407
3,6.57587010652894
0,7.66458391702514
15,11.8776147743803
14,10.7650983315442
12,14.6078911208744
21,11.6039289861685
0,0.889692872188275
7,8.38741873453161
5,3.54620435234457
17,9.24527129680552
2,1.39839633434434
30,11.1278517641002
6,3.56251954187978
0,1.40449580655498
9,3.92158192004095
6,9.86432100435372
2,1.31608417515987
9,5.58119436982487
5,3.68337160394324
4,2.57862004713449
3,3.86092278424547
5,2.16839681488563
0,0.538667776713911
0,1.05245355576835
6,3.57752844748764
2,0.939325935850257
2,1.19820205099718
0,0.167451804313227
9,2.36801343741862
0,0.173281456898522
0,0.236169236662907
3,3.18975791854501
0,0.827205083795481
0,1.24496517298092
2,2.83322584621499
7,3.9168945914239
2,1.93886069739999
0,1.14551211343266
5,6.67858537183782
1,1.02417334478738
6,2.81750952257179
0,1.0206620353288
0,0.574914770573235
17,12.8345545905017
2,2.95604276087211
0,10.2895666795064
2,2.44783304336514
5,3.81597392290753
2,1.50252355407628
1,2.10798067250072
11,9.68935379830342
3,2.50989593185433
1,3.53806817310503
0,0.458236892638761
4,4.69386143454622
6,4.38357691900439
1,1.16489377885358
2,1.27647746258321
3,2.22030700806929
0,0.792618563064644
0,0.691380881933912
1,1.68948471396139
5,4.10280532629781
10,5.05997415823241
2,1.45345783672138
0,1.07021388550665
1,0.589440255300052
4,3.50916587175997
17,9.92554098279206
3,1.50065240915034
18,14.2079827644092
4,6.26490332314007
18,14.2939252218279
4,2.44422705851682
8,6.25165033829875
5,5.41754156368385
4,3.88445237588705
2,1.69866370877707
0,4.57379796762813
2,5.76149485050346
3,3.66445489151284
1,1.84299799996148
2,3.41103711377891
21,7.58421143974572
0,0.899619816912062
0,0.582780806562833
0,4.52852482243228
0,1.0588415269444
3,1.94891071938435
2,1.63356727394397
1,4.32364842826896
0,12.7508373704134
6,2.17130645511437
0,2.2090686848865
0,3.23846748619518
4,2.64494092812512
10,4.89701194096643
2,1.9890880660951
0,0.829176581871466
0,1.07910263810065
0,0.219889938735624
7,4.20951745904631
1,3.85545988173943
1,1.32326415141823
1,2.89001664671765
2,2.12222762734957
1,1.20404148638603
6,4.2089390291408
2,3.53356845589932
0,0.827527260569581
0,0.480306806272042
3,3.41965530521154
0,0.700062858387332
1,1.02405414927908
3,2.75621914579874
4,3.22087162530616
3,2.36318256152713
2,3.90149414649159
0,0.533709744488184
13,10.9136243491362
11,8.09229060228343
3,1.92671008454503
3,3.08813907237171
5,4.21835527340099
0,0.180357722430768
12,13.6976011691873
4,7.52654843635855
1,6.24155348769585
5,5.86927970629153
3,5.45896162647574
5,2.94354317298819
0,0.966859582199947
0,0.786187876661407
8,4.8181803970441
2,3.02972122274471
14,6.66981186578178
15,8.5980876025166
0,1.27336967047441
0,0.805444338411769
5,3.73311950981784
0,1.25114782935408
3,2.55442073976026
2,1.87653231260344
1,0.772698659568602
20,11.7971777539288
0,1.01628998232752
0,1.08674691899045
8,3.64388977068272
8,5.76889954349649
10,8.29823124075782
0,0.695999253968249
2,1.26179997409851
6,3.31349584189204
0,3.29209901129381
1,1.45337152870662
0,1.27857879234554
0,0.721488052710321
1,3.88936784053953
0,1.07096295459825
3,1.8107018681894
4,3.96853004264938
0,1.12012199761588
1,1.06965223205703
2,2.21698023393466
0,0.878858650502642
0,1.01124298152262
7,7.04388373254679
32,16.993416776534
0,1.15818725828873
3,1.50832968966266
1,1.61535223997054
2,2.03874867853651
0,2.39492638442519
4,4.23391239824601
1,4.99739733063319
3,2.67677491328194
10,3.39427455999654
9,4.72474949850652
0,0.933398768165661
4,2.38273520476683
7,2.88622756638378
4,3.34717972703032
0,0.369052515130589
17,20.8060250174708
1,1.13486486023175
6,3.00261366382773
4,2.30222724043408
19,15.3140281530549
0,0.955651406081166
0,1.01960865618719
0,1.2056541993664
6,3.31768286935078
4,3.43861346855119
1,2.8879194596066
7,7.67445319039323
3,3.83489359639919
16,11.654951263916
0,0.739267655493048
13,5.43787724311411
2,1.98426940318987
0,0.811835797790503
0,0.576643908345028
1,1.40256824024572
2,1.9591900855991
2,2.8516503152639
4,1.82480798299093
3,1.91397732570152
1,1.57059381982846
1,2.05378778730456
11,9.60160156158433
1,2.69341596827256
0,1.17923864520777
6,3.05647406334405
1,2.0760613496792
1,0.619058628985152
2,2.19304124401404
0,2.46957630678402
7,5.83332311590408
4,3.29962932876077
16,8.51620772772333
5,3.55530927051931
18,11.7170151955996
10,10.832392907212
1,1.80181509287679
11,6.25798784722178
0,1.29373403470572
9,7.60141326524973
16,9.55182522116954
0,0.346480028187932
0,0.440867645894459
0,0.405309679734869
7,6.98509034812673
3,2.28559557301289
0,0.941963958204674
9,7.11045698837448
2,1.81250214115309
6,6.31744301144034
13,9.83950836191974
0,0.885802285691378
0,1.7036268959733
1,0.595558186306358
0,0.851996323535479
1,0.520982433091054
0,0.712062769951633
0,0.999135209061188
0,0.777230547412943
0,0.793055101520773
0,0.807534891726512
0,0.702557340308661
0,1.1872000871554
3,3.67337783377461
0,1.24800763407752
1,0.792072998012539
0,0.970819190751453
0,0.163293035440575
0,2.05071278765639
1,1.77909558764607
0,2.60739918501485
0,0.776743148784119
0,0.399820438242396
0,1.59893150684517
0,1.121701581914
0,1.21467196699654
0,1.58318602874304
0,2.4285615163147
0,1.02181595752866
5,7.67161753631794
0,1.52193050979059
1,1.54636862414225
0,1.14249558233033
3,6.83384423188664
0,0.848719489087271
0,1.03044713330018
0,1.04485423872952
0,0.902345949828575
1,3.68249056018867
0,0.510146155215295
0,1.11310659049507
1,1.71162470359089
0,1.17315176255658
0,1.22703152694136
3,1.61492287819071
0,1.24443266301704
0,0.737847612598765
0,0.740626930631837
0,0.452159424319683
0,0.802191216200747
0,0.546891775658337
0,0.529626507301404
0,0.228699278462581
0,0.941826060115285
0,0.155363241257972
0,0.706337437048108
1,2.01587930974959
10,9.06006075826572
1,1.2525284423582
6,6.06701877056485
1,2.94570739662857
3,1.60239972100167
0,0.469400670250024
0,0.319776801177059
0,0.73819841125332
7,4.76413302544683
0,1.86848736105814
0,2.61112154216416
3,2.65560806854653
3,1.34559757492458
4,2.3090236639939
0,0.678743329394743
3,3.36097350254434
1,1.89159114209055
6,6.07852666361671
16,8.95341702543436
7,6.56607404909699
0,6.13891998143888
0,0.83697828262612
0,2.41868740095198
7,5.79652017511744
1,1.30179783357791
2,2.08604355931976
0,1.00475936613279
1,4.22101622946894
10,8.37844527552876
7,6.81310264584556
3,9.2114702805314
12,21.0229951136507
7,6.78555944193434
4,2.97540268247071
0,0.808683321090642
0,0.971261822671096
2,1.09226464094081
4,5.4759494531947
2,3.3045443685522
2,1.53275359096147
3,1.13705976307869
0,0.7279777300113
2,2.39738818256664
3,8.63702529432657
8,4.53846269800233
8,4.78831369965064
0,0.38296849500158
0,0.924853041061409
0,0.83840460469904
4,3.35927154542077
0,1.14849476039934
0,1.45740454759677
0,1.17334304578306
1,3.66833207834375
1,0.729176033429927
4,3.42621599527848
1,1.43096667754674
4,2.03222929000647
1,1.08838771721793
0,0.927538004094797
6,3.43077981898322
11,4.7401189408781
7,4.41626234646327
1,2.01935173678627
1,3.14601219417539
0,0.785860000241004
3,3.53645439963481
1,1.131940715398
11,10.337372154036
5,3.3170220914379
1,5.65797794964011
2,1.75641084711415
2,2.92871668410946
5,2.82088047467893
30,19.2446903830614
3,2.03651294659234
10,5.46305510327934
6,5.35686950497933
1,1.20876750917874
1,3.12741423840165
4,3.67008285382977
1,0.624005089857412
1,1.25257672080794
8,10.5418541216048
5,4.89840412446099
1,4.9025472025298
12,12.0567626318662
14,6.62919004214638
4,3.73684276989394
9,8.2223676362008
10,6.86601236687059
9,8.19173860528615
9,7.71693871464662
0,1.11621324639332
3,4.23495409032759
19,7.94327265927847
0,0.747886029847308
0,0.744948506337398
0,0.555939060576117
0,0.927556047897416
0,0.649729216730587
2,2.33758779894059
1,1.43599261115413
5,4.3406350648524
9,4.86324336840761
5,2.37753437118137
5,3.55929953689626
0,0.821408971587726
2,1.89505132407289
8,10.0259002065495
0,1.71270210258179
22,12.4308841954431
0,1.02019127599599
3,4.75077246529889
2,1.73714690198719
0,0.43998308777152
0,0.812556391681069
5,5.33578999506386
4,3.16159981642405
4,1.93011891242653
0,0.761703333797882
0,0.678294919723451
18,6.65364686489172
6,5.02068353728309
4,2.68888031894795
7,2.75160989831653
0,1.23845206290105
10,10.7967353340631
0,0.759627057559335
5,4.31602915421171
2,3.13179971872291
5,3.09712796305501
2,3.86070771787146
6,4.88003583235965
2,1.24401037560962
2,2.0620435374288
0,7.12159333209351
9,7.3939982329317
2,1.07877709392564
2,1.48010490120044
2,0.839797589604792
4,2.29005071505409
2,1.73680766080687
9,6.55747059207406
0,1.6802833443439
4,1.93679179173963
1,1.7194146349893
2,2.67110888859353
1,0.61968012481536
3,2.71520947693784
5,4.4532508905169
3,1.60275511359578
3,5.26082528581286
5,6.16580959254566
5,5.25572660907948
2,1.67902450895401
8,5.30582577020376
2,2.02778814846422
2,2.35082316404644
4,3.75023516777719
0,0.79105342521318
0,0.755804653624316
0,0.835145016179353
4,3.71823613594049
11,5.26877456145196
3,4.16431393796568
0,1.18183204430472
5,3.77433659109204
3,2.44246957454485
9,9.56353180101513
2,0.454440321756182
8,4.60955284456046
31,14.1052367600177
2,1.33899091420074
0,0.675948966144425
2,2.07345772812645
13,6.08228054988403
1,3.00672944443779
3,2.67627056471809
2,1.77999487339374
2,2.65787235333843
3,2.99894986532263
69,28.5799697322432
6,9.30163729131816
0,1.57011511214862
5,3.54440925089668
2,1.22961306148426
0,1.52428640285177
0,0.927706034890675
0,1.0372973507079
0,0.0634466301588644
0,0.12384320173273
0,0.0784591035939093
0,0.0906924555926546
0,0.35896750976952
0,0.285748272357767
0,0.285822372142378
0,0.443760792063201
0,0.166947388473726
0,0.0758702232020356
0,0.120307205132049
0,0.189964022900502
0,0.020548775129317
0,0.140952988397591
0,0.518806503437606
0,0.0240572592451862
0,0.106231961316754
0,0.0438696582070123
0,0.0349404860267803
1,0.0434770151824298
0,0.0597854139593525
0,0.0954041117174756
0,0.582511742313778
10,6.76128016025833
2,0.680496184392756
2,0.758772004786916
0,0.563373899320713
9,6.43081625377504
8,6.22192531412462
16,16.5140988363887
25,20.1510440265129
14,4.54760688484008
9,5.17696291963408
20,17.8297049422668
19,18.6574415163823
15,9.86558103870297
1,4.19712315148684
0,1.78726356403421
11,11.3885605904226
11,14.1898970946908
8,11.7890140992131
10,10.3865676536558
5,5.16101871301541
12,9.74603235387005
407,160.245527030246
410,134.669162767362
26,12.380524811408
6,6.17334093372854
3,2.47390359519975
5,2.36942481225743
3,2.3535460013534
12,10.0787037053646
0,1.85540778392776
0,1.19086373471719
0,1.75217006535473
0,1.79565369412875
0,0.680934751811757
0,2.21232023999138
16,14.4203655242227
30,31.1674788817401
4,5.65301099339747
28,29.8695440588078
43,21.6437496518374
36,39.5236498298729
32,34.1912424209333
1,3.71566255662806
13,17.5324977620949
5,4.8710433673791
12,18.6937416277574
15,21.0261108323407
6,9.51851968788858
28,15.8002208485162
96,57.8568635368797
10,9.12717574633366
42,28.6595559081234
53,35.7860727647362
5,1.96626685208204
32,34.2671988116263
14,7.88956994206082
13,8.18458842222595
19,11.224967785272
0,0.612059435778556
2,5.51182269195798
26,30.1896886529668
3,6.66185309571574
9,16.1654170389512
12,12.6588777481362
7,5.94343854554095
0,8.65519085655149
20,15.1734298430972
21,13.1651526464071
18,11.3231955794958
7,13.8133180195293
0,4.79780221597314
7,15.4262958251611
0,0.736260458235511
0,0.325330829282448
0,0.834607828339056
0,0.27468223350153
0,2.55078620492413
0,4.13908600382952
6,4.58233928152337
3,32.3635938344985
12,43.676786379132
19,36.060637202262
10,12.7896905248484
14,9.71678821292309
19,18.6926265816284
20,15.043796664258
22,20.3965443173526
13,6.85529817575346
0,7.20737978843253
0,4.94774746071903
6,4.84098158325249
5,4.83510832272219
4,6.65640626949748
7,10.9834630620022
5,4.92833670639669
30,11.5678215592868
14,11.1394112990638
17,13.5257051890406
13,9.29081015383851
20,17.3564983201785
23,15.8352997133087
18,13.3447640760924
20,18.4114031322041
26,21.6552105851194
27,21.9463425983311
27,23.5662365058349
26,22.3459403689456
12,10.2442832777913
12,15.2172361310289
21,19.9217024166621
0,1.53479218780246
12,5.86757980676859
14,12.0120201457121
26,18.3682674435886
0,6.92229880049382
23,14.205554172545
29,24.9362397293469
7,16.1021579056182
9,13.9610841272527
6,6.17924761848538
21,15.1987685755502
8,8.41459700215078
8,15.4443683798308
9,10.4188027573455
7,18.1376392607109
2,3.11101180739367
1,3.82224246494206
0,2.48525949015076
11,8.93949983125831
23,19.7035894605586
21,13.1319950618691
11,8.17123327652126
12,7.12604429316284
11,13.299305876104
16,10.3110020189248
7,6.86932383463686
2,21.5480394175293
13,11.340940056141
4,4.04358045554738
25,20.1849953246405
1,24.2164410329518
9,9.04996215293003
17,13.2228420765769
35,24.5873054520069
29,15.7376332601406
11,14.6325135028043
5,9.1687276804081
0,1.30206278126908
0,0.688400628613925
30,29.3034722939062
24,21.6678092245008
22,30.418129174482
21,22.5974938466366
0,4.36477009982671
8,4.17657342704316
2,4.18036382858756
2,1.7122510714921
2,3.61046187542225
44,17.3157286837572
42,20.9829217606436
20,16.8298949592883
25,22.9334972969305
41,27.5306901523368
10,15.0481919167074
25,25.4028417986413
15,15.7917794602279
23,26.3075777037712
10,12.5066980093601
30,30.0447359144673
11,9.45791972738021
21,16.0743617152236
36,23.4167441177221
0,1.50311700502644
8,2.93925691999685
0,0.469385209124672
0,0.615238417883265
0,0.691288577599313
0,0.419120952347214
0,0.472082193704084
2,0.25588774659756
0,0.770547519849226
0,0.475471148744104
0,3.32690135541565
8,7.08168561752045
11,4.86434435370561
18,20.6350652257521
9,7.6037669450458
9,6.29235515334312
14,14.2051062894479
29,23.3507971784328
12,10.9848891695008
57,43.414968130797
25,20.4386919958947
16,8.42393214249035
1,1.01751383763951
2,2.09979836124815
2,1.10374749310327
36,29.2481769235736
55,52.7685951922148
26,23.1317634223254
30,25.5892048130693
23,25.0991835594216
29,28.1164123222808
18,20.8008541660461
34,8.26209405098542
15,10.4952128240928
27,7.02028542663813
16,11.850157170737
14,7.03420244242302
2,1.90395390458776
8,8.90896594601131
6,1.51743459756427
0,10.0463588010633
7,8.75055871015027
12,5.46565732054851
2,3.80029248401972
0,4.31068496091204
11,8.2478952398581
6,8.22891788149588
5,2.12591698437099
0,2.31289387255336
2,5.90806137839445
5,1.08012823130167
1,3.1686157288057
5,8.04763655234615
4,8.36984706362205
13,15.3499563096611
1,0.998343027227733
0,1.22762185753194
11,11.7603790384092
9,5.60120119321992
6,4.78773137622335
0,4.82486279097502
2,1.24003985678788
18,13.6857513850039
4,17.9544227488177
4,3.15287794621128
1,2.20605590407986
0,2.92115445378328
5,1.73203960756022
31,11.9525526165673
2,1.0152895810058
18,4.30492240812217
0,5.95639021155833
5,4.3431566799372
2,4.2614226130073
0,1.95624275177677
1,2.00138310132596
14,3.95306560576521
21,6.16010940400778
13,14.7516140280068
19,18.9686826092159
2,5.75384836235671
8,7.92259200585613
41,13.9779304230937
24,8.65275958023277
4,2.05252903732102
5,6.14106584649301
8,3.5635402432531
25,3.76834818114954
3,2.32440404839152
2,0.75312617414353
0,0.148531473811216
0,0.0406093046605754
0,0.059321389628849
0,0.094521719217648
3,1.29007869700422
0,0.0384090199965364
0,0.270747733343602
2,1.74303045109988
1,0.975248995754938
1,0.101573674589151
0,0.330093715076452
0,0.70576576850345
0,0.668034138900229
5,4.40017025009308
3,4.46516470718848
1,1.04732299048666
1,0.591030321753158
8,7.1267029066326
0,0.0648822058001457
11,3.58978943003348
1,0.239434631129698
4,2.509195148573
0,0.453662761385395
0,0.59858323928731
1,0.856429219860593
0,1.24632179387389
1,1.10089151328587
0,0.209072282776591
0,0.514869934121062
3,1.95490557430458
0,0.602911771135258
0,0.623726732709603
1,0.577869739015616
7,7.16615030848937
1,0.529622823117889
10,12.4287671481335
1,0.743628455097539
0,0.549635693272553
0,0.502004463744898
3,2.62301038535101
0,0.562508367929254
3,2.69094584892415
0,0.864120426595955
2,1.15435185180029
1,1.05504286322807
1,0.625369057266093
0,0.562587400992436
0,0.529659373196726
1,1.36653560169281
0,0.733495816841168
4,3.30600458550006
0,0.336481317265982
0,0.0143609343866063
1,3.9013517369185
0,0.524348792983262
0,0.395634333851793
0,0.195621375340638
0,0.989092380551673
0,0.0396642826622715
0,0.0518213766782892
0,1.00866284894436
0,0.939703791044788
1,0.879356308199037
1,1.188818650295
9,5.45372240734712
2,1.147513937116
1,0.372738911420844
0,0.512799258973096
1,1.2286664398382
1,0.170647171519199
12,4.94468225772814
0,0.482494106114465
1,1.06090659149828
2,1.08020191807884
2,1.89624050558379
2,0.982255753623831
1,0.881160397153534
1,1.48736216810489
0,0.514534970697449
0,0.788202335855269
0,2.04941282694827
0,7.32826311993223
2,0.531404015110324
1,0.218677532716077
1,0.857329398042548
2,0.55131819895902
0,0.932334050915722
0,0.485592228863611
1,1.19904098231013
1,0.587575336270303
2,3.67508376096457
1,0.153235321595741
0,0.845470723138587
0,0.604894973758483
2,2.1582329263248
1,0.893123608494592
1,0.27252158252317
0,0.372606130265396
5,7.13628017700691
1,0.770990197026971
0,0.534650020812671
4,2.09793470876099
0,0.541156294851688
3,1.22969434150713
1,1.91310052013824
0,0.27980890999182
0,0.155921766789925
0,0.604115828110023
7,4.63997017315838
1,0.43675509943112
0,0.312445663967483
6,2.35092094344449
0,0.478004109508133
1,1.06575580850622
13,8.9241836839877
1,0.326808286195122
1,1.57062116656068
1,0.743667826932832
0,0.509692112648934
0,0.180159204434151
0,0.634524058762871
2,1.24007059647181
0,0.375463223879086
0,0.457754731356926
1,1.09795140509501
0,1.43501584373548
0,0.105646044188449
4,5.12283273912293
1,0.97442055354569
0,0.132474474831974
0,0.0853362142830534
3,3.60790871609262
3,3.36451679924213
2,0.903249393495876
0,0.192602128251911
0,0.0271348311967389
2,0.213701155811909
2,1.18915126202118
0,0.138141561592657
0,0.678458488806798
1,1.16879162570735
0,1.08512303872483
0,3.1888042789283
1,3.40127037707509
0,0.0524016810958901
0,3.23217445322898
1,3.12596559025181
0,0.138462973036417
0,0.303122607183408
0,0.192188843817865
0,0.0296763554256251
0,0.109806956234815
0,2.62486503006379
4,2.00156640431446
0,1.06730638320334
0,0.159900467722559
0,0.0429816486354616
4,3.9306289750076
1,0.816777334810232
2,0.826234076831103
0,1.1729345717938
0,0.0635564627772198
1,0.774941127416031
0,1.6055084432321
3,1.38782610246851
6,2.87866918311878
0,0.417627470244316
0,0.596056406918834
2,1.45749966858379
5,4.23867473848104
1,0.397538151093239
1,0.960697922591964
3,2.31538034803964
0,0.392940897974441
0,0.296240437668847
0,1.12675906655701
3,0.737738077183611
0,0.819498725407591
1,0.794068215909485
2,1.83231021338938
0,0.531913404256092
0,0.123316964804461
3,1.61416741923902
0,2.14920188446251
0,0.420793982694387
0,0.584723835241389
1,2.61670929234714
1,0.84205548900833
0,0.734251113103503
1,0.853213246940247
1,0.614712980018318
0,0.03409326061851
0,0.388367233934082
0,0.383544576895038
0,0.250018125344822
0,0.119145501977544
0,0.388078163003357
4,1.46809931446018
0,0.370586080880932
5,5.90532697258012
0,1.90787368525845
7,4.05519279761312
0,0.237386603206375
0,0.724071287460797
8,3.71651152561154
8,4.78959419682293
0,1.25804128658969
3,2.64493793679144
5,3.32480159072575
5,0.506095509691677
0,0.116368533319764
0,0.170207992960298
0,0.132274022336379
0,0.0999975137696428
0,0.129613327147031
0,0.158197293408861
0,0.117230786146631
0,0.123695183220413
0,0.125206988752814
0,0.193570938790607
0,0.124329994601474
0,0.0967767052496182
0,0.129925260849639
0,0.78909854862854
8,3.01460734935325
4,3.09711867365806
2,1.03557733389099
0,0.532932247371162
0,1.19187006721433
2,1.06240196809437
0,1.18632662625224
0,0.894053899707705
3,5.49112693050961
0,1.20542521535498
0,1.14044743651695
0,1.04749816980865
0,0.937905003647464
0,0.84807643208032
0,0.740161989824619
0,0.864769397317646
0,1.16618148291305
7,4.58521423196826
16,5.47993748396057
0,2.17672747965846
0,0.55503029080542
6,3.28425226248895
0,0.233982872093161
0,0.138776621840531
0,0.0685791312985952
0,0.113430680873005
0,0.0915842756368383
0,0.587358423251321
0,0.524159418693254
1,2.53535192307082
0,0.215311830014797
0,0.288863201745517
0,0.162867494868313
0,1.46719415210727
0,1.92473520758122
6,4.4344480401557
0,0.288877923681765
3,1.68349505858502
0,0.322318850987526
0,0.162494775192457
0,0.199095375327716
0,0.116040509938366
0,0.239826769954925
19,9.32353379877731
1,0.647708800096871
0,0.430205966389074
0,0.548482919716267
7,1.90676478713391
10,17.8646515878764
0,0.0242353549481043
0,0.0246218174911596
0,0.00243977927749448
0,0.047141142848963
0,0.13065428600504
0,0.121900086940321
0,0.0431218793497923
0,0.0469242341753438
0,0.0166316704775445
0,0.0386239914760456
0,0.0179307707207071
0,0.0085642775489109
0,0.143123123991958
0,0.0105963345303731
0,0.0163709762689518
0,0.0127070351221942
0,0.0862571167828442
0,0.0250179001740617
0,0.674417307781145
0,0.0280021461309016
0,0.125832039098154
0,0.108453144355086
0,0.140680338276414
0,0.158015995969631
0,0.144016670434232
0,0.216596225417725
0,0.123846551202826
0,0.110287717405616
0,0.0821746347690788
0,5.32948188106157
0,3.21959269100318
0,4.02710172194788
0,0.468135822474466
0,2.63307923427067
7,0.377487365687864
0,2.36399729197414
0,0.77719450353899
1,0.457933176711255
0,1.30222686407321
0,0.592851629110715
0,0.961989898222991
3,2.96001741236932
0,0.563265774017586
0,0.446802171837088
0,0.699532021932721
4,1.50748359551424
0,2.31194172862555
4,0.854978155357452
0,0.0864899554643487
0,0.297167230795499
1,0.862728731795737
2,0.900732425494932
5,0.892093163247428
0,0.800801605706401
0,0.195808491081761
0,0.447424228855786
0,1.36646983233282
1,1.07497406649214
3,0.58472410325955
0,0.329296170534962
0,0.481257216518986
0,0.432466920635145
1,0.431095705455358
0,0.789076843535607
0,0.335913638279398
0,0.369033683565796
1,0.351819758760106
2,0.492798746425548
0,0.750457820091498
0,0.299987325177098
0,0.366986751903038
0,0.870590382378862
0,0.190967600063294
0,0.0350689965741982
1,0.441236271124229
0,0.261782609667196
0,0.202995784900252
0,2.51999338404858
1,1.43192739901506
6,1.63900737329501
0,2.62485880552899
0,0.30183064431462
0,0.466014428875178
11,4.15936389867938
0,2.9374490467172
3,3.20502524054094
0,0.184922157335174
0,0.133822060887239
0,0.181879712382457
0,0.212179761368349
0,0.219527427406624
0,0.174792364562123
7,4.39584113828261
0,2.26717927660021
0,0.287445432523927
0,0.283375423298099
0,0.0868562142575151
0,0.0855904716581465
0,0.0460485520217805
0,0.139882819206154
0,0.110521756821509
0,0.132345328588617
0,0.0875022666515724
0,0.114927394742545
0,0.13552861990918
0,0.0473907262053033
0,0.0719904703177957
0,0.0768719160960581
0,0.0753869863533617
0,0.0742508992125228
0,0.0786673544673934
0,0.0813486420814221
0,0.0744299237278057
0,0.0604810510023385
0,0.0949731775723148
0,0.137178085430229
0,0.0903883277604376
0,0.160530913818024
0,0.0277871376701813
0,0.0786929017879619
0,0.195143347021627
0,0.065476278629267
0,0.078865531737979
0,0.0827876156961392
4,1.12126829353632
0,0.0832754567503749
0,0.127261408726766
0,0.0799271993925213
0,0.099316391722821
0,0.0643285434261123
0,0.104817312840507
0,0.0805741332516318
0,0.024836706522566
0,0.0624650278829853
0,1.37264964472848
0,1.35479654006057
0,1.43829035376934
0,1.36493297478566
5,1.62322070232179
0,1.3150427860709
0,1.43877095260283
4,1.28675594030776
1,1.39759980309806
2,1.16861461671043
0,1.28969859903111
0,1.28125754785872
2,1.10961416430879
0,0.656891612593038
3,3.08757523335606
2,1.81771856717733
6,4.45685860946012
1,4.86600404977999
4,4.62715866024377
12,4.64427642647182
7,4.89620821468876
6,4.856857906429
8,4.72789066535208
5,4.95514808517837
9,4.76472559265612
10,4.63173354272444
10,4.82435843674674
1,4.98334983304547
8,4.62438181003977
8,5.07800837617681
0,4.48275894742013
5,4.70766147940978
8,5.10025571641352
5,4.64610874783255
7,4.8269841755581
7,4.2954241919218
7,4.80138798333314
25,4.90852849255451
10,4.23978901064966
5,5.05416813497362
2,2.42684302198662
0,4.58519966973634
6,3.41234960770699
9,3.11159122936211
7,3.46828596358369
0,2.30473833467741
4,3.56566721410302
1,3.07889397322309
5,3.58130813498489
7,2.98369155844418
1,4.11223748031496
0,2.66604700025426
1,3.47160683030121
5,2.49799634404578
1,2.34917282596577
0,1.31259073934622
4,1.84961737817431
0,1.17286537842929
2,0.617956595312034
0,0.215937668959666
0,0.153895182392712
51,19.4041642987112
4,1.44189260458943
0,0.187485779120987
0,0.511152114629746
5,3.13415987743574
0,0.305979945472864
0,0.372002908348835
0,0.293370196278397
0,0.268508189500881
4,1.94198882011389
6,3.04715452695323
1,1.58145402678808
5,4.23463270201005
0,0.229280834282839
1,0.353524874639414
0,0.689628587736142
9,5.23848107563997
2,3.72277730735359
0,3.44264424212689
0,0.0559322750337453
0,0.283725700254838
0,0.0794763701369616
0,0.0172824552663213
0,0.0228836117274586
0,0.0719578683978558
0,0.0285572629683952
0,0.041911288270316
0,0.00558932213867099
0,0.0465408054032687
0,0.0190717942397243
0,0.0301918094966884
5,4.34505012726539
0,4.41578624911251
6,4.46184861555713
2,3.83205324193676
3,3.54370205133317
3,3.50757628182059
0,4.03929203724324
0,2.44943969456012
9,2.56380390404957
2,4.06530758050125
3,2.19012584284691
0,1.0299678495011
3,2.14498916377235
5,2.69530344961308
0,2.04792058018532
0,2.68099078405563
23,8.2555152210766
8,9.41392101325168
6,3.9366540216261
11,6.16812091642826
4,4.6767920815877
5,4.41166780245401
7,4.51074699959922
2,0.925692350028636
5,4.82861401429847
8,3.30267450324267
3,2.35131648307918
5,4.56682325976416
5,2.75026062727492
2,3.7920349082117
5,3.92055941503505
3,2.30221982182848
4,3.20994674033433
0,1.18094696484613
0,0.320061903762968
0,0.0600595422338214
14,8.20975588728612
1,1.76850207297387
5,4.16814614789458
0,0.490783509740372
0,0.275174896776042
0,0.405120666244949
0,0.254589611223435
0,1.95456726071489
0,0.23623509803522
0,0.470748780435648
0,2.39515637402834
1,1.34547937601293
6,7.65718549343829
34,9.71012269602396
27,9.47493542351862
0,3.26597780316461
7,7.58087662189217
2,2.00397112982656
2,1.37966384761058
2,0.909998322176378
1,0.711387257583259
7,5.73707566358363
0,2.08154846198082
0,2.01429736091251
12,7.08874377719678
0,4.28974278905974
0,9.59960506428906
0,9.2468662849317
0,9.46169615432367
43,12.3199414803812
3,1.20272520848855
0,1.00998433983988
13,6.75179645828067
1,0.252836195489633
9,3.3506533179912
0,3.58601411815027
8,4.42342754963723
0,3.81242026841528
0,1.33197634650627
0,2.28611642024368
0,1.10197077768641
0,0.254965262827695
0,0.540334334668332
0,0.706105106891291
9,5.50065874385111
12,4.39970104920312
0,0.268101071890369
0,0.158947901115236
0,0.0814142221501532
0,0.917667403405854
12,7.28106961034611
1,7.51820684315467
3,5.00914010949971
1,4.78696699936802
0,1.84261487144171
5,2.30993062716732
0,0.72936163940162
0,0.605848516299932
0,0.699072822633197
0,0.230319568482323
5,1.2999181565167
0,1.24578008944119
5,4.06097396125223
0,0.00938019589241568
4,4.30301568694142
0,0.301208977707006
0,0.659310372718528
0,5.1356326774889
7,7.15062429784439
9,6.70920611677677
0,0.911909505984864
0,0.561166132032826
0,0.0386383236470295
0,0.0514972789581622
0,0.0755638903523387
9,2.4820007758739
0,2.31686998137087
7,1.20094394736635
0,0.485896216913779
0,2.3965911429972
0,0.837139519641534
0,0.0712712393186508
0,0.663023136879364
0,1.41923608432548
0,3.83852238799688
4,4.22981428752663
0,4.13533050731159
0,0.172573467959324
0,4.69377410531945
0,0.0344872830851693
0,0.735862893052928
3,4.77964317478678
0,0.402013814402624
4,0.745254692532164
4,2.28937429606378
0,0.354405080612902
9,9.66778909969376
2,4.7489402341695
0,1.31239391796904
7,9.39984797536355
22,9.19869867987862
5,7.31613107075572
0,0.474394206110452
0,0.0299579977621139
0,0.216709682083527
0,1.53281768758272
14,6.55828558777421
13,10.4610262999044
0,0.0114013735024442
5,5.98859275054137
1,0.855856101072658
0,0.50938566628288
4,4.03784130637287
3,7.03408840078682
1,0.445622305733003
9,9.81258468707847
0,0.918765624029237
0,0.990835937352388
0,0.723080158416418
0,0.0839344313326822
0,0.828917740106818
0,0.886200269314345
0,0.0134128977424831
1,0.593482176669219
0,0.8474557681835
0,0.896068865601587
6,5.27789336849895
0,0.447756456492969
7,5.00397782604487
0,0.039146740864473
0,0.0676619531077406
8,4.7717840253207
0,0.0153308811372049
0,0.148601801956039
0,0.986108027379085
7,3.02146660973338
0,0.292632453818417
0,0.360363671280986
1,0.702590692215159
4,4.06567919751628
0,0.868870549096506
14,4.82090808652099
2,3.64909790237777
1,2.55263415450617
2,2.91290563149869
2,2.38363381790461
7,4.0786535315315
0,0.161167486874812
0,0.366598282199949
0,0.201757511231844
0,0.0537632494859645
4,2.13986152851721
0,0.468955064872137
0,0.351442568884636
2,2.93303214764288
5,2.4656013758652
0,1.77108560202061
17,6.163100328949
10,5.62483907925203
9,6.91134610675317
9,6.59687005665042
1,3.91134158715155
4,3.64295874825952
3,5.17252677055026
1,2.55856459166783
0,2.8615394467674
0,0.553599674666775
0,0.0501907558894503
3,8.28673005624418
0,0.0390311171898252
3,0.577341397996857
0,0.140150024287639
6,5.53056249194515
0,0.31848994425615
0,0.0510196553677083
1,0.873746295716005
0,1.45457435122491
1,2.1503739526332
10,6.54510582426309
0,1.82602787614926
0,0.0499433165608468
0,0.243594235412347
0,0.241822686100636
0,0.0718139444259882
3,0.590983849436156
0,0.523517770615813
5,1.53976611186791
3,1.02550079471044
1,0.792778692177798
0,0.12901681031229
49,21.2326169204011
0,1.07846746766432
4,1.87279947873065
0,0.654592584639351
0,0.241688339355255
3,2.84031444005611
10,3.63425835897376
0,0.640489274287835
6,4.8810529440601
0,0.207536095450113
0,0.0666632357380298
0,0.540490659280728
0,2.72968669094168
7,2.85781000026704
0,0.557855605815943
0,0.366967000220505
0,1.24451718114718
9,11.116931057593
3,0.850422091103461
0,0.0490304853787483
0,0.924823510432914
0,1.69212910451967
17,8.9456919398534
1,1.14676328619328
0,1.1187354388148
0,0.372156369565392
2,1.47510172456367
5,4.27690618945038
11,8.2521746732461
5,5.93540741878995
6,2.90886059085801
2,0.534379151100642
2,1.02852290367435
0,0.797214278859458
1,1.45913414827873
3,5.17887300339298
3,4.50588196082028
5,4.28843061788027
0,0.437823024466762
3,1.7125868865424
9,4.23958891698935
0,0.598917284976392
0,0.314828258389275
0,0.507462361184735
7,3.10839905167024
0,0.447378450998235
0,0.0648614530993919
0,0.827843325664288
1,1.65671240981566
2,0.937935696928143
1,2.96698359728825
4,4.09771243378296
4,1.95335539936217
0,0.745703135031781
5,2.28414793794983
2,1.20155356079467
2,0.779020940203894
5,4.35921181205797
1,1.28870545403094
3,1.04201497480403
5,3.16854707602992
0,0.874924167736676
0,0.460357270703724
0,1.04926458705408
0,0.716524631278582
2,2.57192924534532
5,6.39452917284631
0,0.174478656266947
0,0.0884187889303512
0,0.346152905373406
7,3.24709025505278
6,5.47807299981381
4,5.99296477979807
29,13.8654869692217
0,1.0754573882618
0,0.418145744506524
0,0.682539687992991
8,6.11256051292801
0,0.475105565909746
0,0.57768544127016
1,0.348507860419757
0,0.0207752143174908
0,0.0502460645210258
0,0.132644489321796
3,1.4788002100878
2,1.19792382793972
0,0.132272294826454
0,1.36816416776842
3,3.58561112086674
5,2.91545234705264
5,3.05256421481386
1,2.99389377500628
5,3.45978310706574
7,3.23129845764934
0,0.702058453609314
22,10.3706400935828
0,3.25374934113082
0,0.081889645363251
0,0.436354566805992
9,7.31724552458364
0,0.625817427170685
0,0.201387880833055
0,0.0548860876245667
7,5.39281433220601
8,1.61937030263417
0,0.683508617866937
0,0.568097508498044
0,0.894016058650793
0,0.664605060469286
0,0.83154326570049
0,1.56517573260175
0,0.936435695034384
7,3.86586217743858
0,0.250931020298637
0,0.103204879335589
0,0.453712135467037
0,3.23508387956571
0,0.266323094818656
0,3.68968896493712
0,0.695177922898854
0,0.918885156442081
7,3.91647743480424
0,0.367147877316131
11,4.24845098433126
9,2.01817241943232
0,1.02735677609769
6,5.81820593377039
0,0.0158881084813595
0,1.08245618553358
5,4.4392043822718
0,0.202752793064613
3,1.57249212213965
2,0.534174560795072
11,3.61489833251724
4,2.65756668280249
4,2.93528302539081
2,2.0759802847378
0,4.21413765295782
3,1.1665576028686
8,6.19924072216306
0,0.369346182445016
8,8.28883401440413
1,0.527197639066004
0,0.716997630923798
0,0.883965763031229
21,18.6009979883588
22,19.4025188949469
6,4.590080914142
7,4.53362878993648
0,0.23914472013524
0,0.424313847180899
0,0.166703201485907
6,4.58799142544874
0,3.59038258876158
1,0.918796802952225
4,3.26944197333257
8,4.59466678163634
0,0.198628974365105
0,0.175410896582464
3,1.39623516343379
3,2.09707505411431
0,0.571189481204798
10,2.41805682910045
4,8.28387904279556
48,13.2183086066914
0,1.15635599839922
5,1.77833100575362
1,0.486550582678194
0,0.793672803603768
0,0.846747733630386
0,0.937613502054808
0,0.041764492823441
4,4.46852936406033
5,4.89983584117486
0,0.155087977117126
0,0.00733091521263164
0,0.308504421017135
1,1.36066546260304
3,1.74718794869326
0,0.456078660713468
0,0.282033392172567
4,1.99743512041687
3,1.09752635036002
0,0.790490505141448
1,0.444621293319623
3,1.2863218081929
0,1.26679874249041
0,0.0131806538362461
9,3.60919063264547
3,1.8973189698036
7,3.32956577341574
0,0.273194373173341
0,0.880740475492787
0,0.0156541617070108
0,0.666593787454788
0,0.526603285367561
0,0.548676025519555
6,5.75355331157012
7,6.83949722948021
8,7.52404127172799
0,0.688236180018259
0,0.450997173605591
2,2.15552537110815
10,5.90557867375018
6,4.96694778376514
3,3.64336505695453
0,0.210315254003096
0,1.74218636402314
0,0.0990337917405227
0,0.0535649531661595
3,1.51732769055371
0,0.343297832765648
0,0.382112204883487
0,0.679275932010346
0,0.157207425357927
8,4.73253029081961
0,1.20121220738258
5,3.14586793846876
6,3.26259096907228
4,1.86291411426312
3,1.99824110554434
4,1.95253264724921
0,0.1563078110997
6,3.83207781474465
5,5.4019892136153
0,0.267910622526314
5,4.38596826310084
7,4.9353506629078
0,0.32399077743411
1,2.71586919874218
2,2.05026334987101
2,2.27164832449227
0,0.0778723614061731
1,1.08751596804871
0,0.0165211465105736
2,0.462706590407911
9,4.2132031947328
0,1.19619601372075
0,1.00405349310891
5,4.51325441134458
1,0.0995311127324465
5,2.29958190043975
0,0.384582382240656
0,1.02148966636229
22,19.3600991218722
0,1.33627596372258
21,23.4818657206852
29,13.5652200161038
12,10.4049031117893
0,0.472902498506711
45,18.3877850373059
14,16.8516787147017
0,0.425773839320712
8,2.15921822559285
3,2.38745910409769
8,6.22740095766186
0,0.414970692141178
29,39.8769380652379
6,4.35998656917597
0,1.69583592240066
0,0.154019403975567
0,1.47970547122704
1,1.41172899694563
3,1.08848385745721
0,1.25231743015573
2,1.61111657946845
0,0.0524091913547657
0,0.196046436022099
0,0.0218806500840405
5,0.488213621159822
1,0.337064719505221
2,2.09054204865197
0,1.01853590087643
0,1.73648186626616
0,0.209823032997547
2,1.37538742203964
0,0.648718164038144
0,2.19886048493853
0,0.150921716643645
0,3.90950597222243
0,0.285410399994132
2,1.18962012406106
6,3.47899707106512
0,0.813009754059807
0,3.6629219274385
0,0.106578531762198
0,0.132187685895867
0,0.476199216183101
2,0.981111595350131
0,0.343446547710629
10,7.01698963547615
16,10.9471403331689
8,4.5987423899611
3,1.850204151497
2,0.829796046890731
5,1.89223152426731
4,2.07712548964999
8,8.350923951384
13,10.6277860151845
11,10.2083644526165
12,10.1671901945552
10,8.51899763339049
12,7.57321465575005
0,0.0573680335456248
6,8.91502669960929
19,11.6359985162589
11,13.9150146780438
6,8.72082737509626
7,7.77481404173612
17,12.3118909935935
3,1.34841458918065
0,0.689786463534013
2,2.07055616434524
0,2.43392707556848
4,9.93098755763004
26,6.9092646778924
0,2.97806545407748
11,6.6485978304081
0,5.40063445511123
0,2.39519779777597
10,8.45554644266159
39,6.82518892932171
5,6.73765907757702
4,4.15523090785199
0,2.80604868814098
37,6.4144795773349
5,5.33373938211598
4,4.29173066609765
1,8.17028785705228
7,16.4986255145157
3,7.81773323458201
9,7.58005268810344
3,8.83444385583851
5,8.39119052245512
9,9.41246327916226
25,9.95854648495408
7,4.85566890883424
0,1.1703671564727
0,2.68161380154614
11,4.94449001316497
0,0.248307214187226
0,1.48464368718954
0,1.31528033848185
0,0.125423695716022
8,9.07986641531156
10,8.08430045403723
2,1.87023438244006
0,0.0184647522814917
3,2.3523345406841
0,2.20848788971825
0,5.5294660330353
3,3.42865080673086
0,1.63562092607323
0,1.80736013414061
0,1.34258500135267
2,1.23940848203882
2,0.50940956171105
0,0.330421667935675
0,0.781388818740248
0,1.66930922643592
0,0.0311799248115725
6,3.9337785720019
0,1.5741272612413
12,11.9159980936329
0,0.0626980669743553
4,3.72810324881506
3,3.61245850775782
0,0.404127885683403
0,0.144409814313034
3,2.96413236045299
0,0.144493383297963
14,5.85945220328342
0,0.0985512108287236
10,6.29869830453719
0,0.226998138155363
0,0.0613929476749033
5,8.35038184840329
7,7.81904870804059
0,1.2282471821402
0,0.297285097449075
3,1.86340495366642
2,4.32873957283305
0,0.157975785615164
0,0.535243687678747
0,4.44133770073921
0,0.317390357221037
0,0.831831279673268
1,1.0614146261568
0,0.0571452534364722
1,2.62089224550325
0,0.0279514962158904
0,0.0366337443033797
0,0.00701903430362049
0,0.0951669425760122
17,7.58347087077948
4,0.943729750396719
2,1.28392273918678
4,1.66580425795754
1,4.15844227870345
0,0.0141514468887732
1,0.612718688579037
8,4.34109119751088
0,0.426073810818839
0,0.704630648557355
1,1.07617779981246
5,7.07494336973003
0,0.329871331749168
3,3.08966801655343
0,0.139690051217658
0,0.00507345537324142
6,4.84165142423797
0,0.36360003612179
0,0.21829532023506
4,4.34867697892102
6,4.3566577862951
2,4.42172946409686
0,0.101100120912163
3,4.08979733104209
21,17.2911530986314
0,0.510062041150401
10,4.30225817550506
9,4.03298933907987
2,3.61665004528667
0,0.0321897975315966
0,0.108841469172169
0,0.0664621479193225
0,0.243834787146149
4,2.1507373215373
2,1.4488823324375
9,4.9559995242607
8,5.17263055143711
0,0.144065077602103
1,1.19323277245906
0,0.933886833103133
0,1.15405904927854
0,0.0757029348735032
0,0.48013776642367
1,3.46886104739515
0,0.162212998326478
4,0.98586414413563
1,1.02189521163389
1,1.129617018032
0,1.11693059830708
0,0.0354196111988923
0,0.05605247178673
2,0.388089300727453
0,0.0755250549031557
0,3.09016177095175
0,0.102477267290206
0,0.0464684045560718
2,3.32901566823699
8,2.96998172363101
6,3.35960817385862
0,0.790614388178504
0,0.107775516425206
4,3.45782270595398
3,4.48139582431133
1,3.77314463613874
0,3.60388523833004
10,4.35103069611534
4,6.91374476499592
6,4.60379101629989
7,3.42064698369047
2,3.52625466394153
3,8.41657131729119
1,1.80771943096432
0,0.228119375535819
0,0.718795223496818
0,0.187910005953933
8,5.33115969590797
8,1.43275316115543
3,0.942376758590947
0,0.445378635393389
7,6.67894711153752
0,0.328066957147005
0,0.0323632563817435
14,3.97657966875224
4,2.03782643344775
8,5.47277719039507
2,1.14488724346055
0,0.920955227404428
2,2.2317956965982
0,0.588773479405721
0,0.357854163817017
0,1.63826721194367
0,0.116902595830774
2,2.18323711956678
23,10.4013244310213
0,0.753756959822448
1,0.407866419153479
4,2.39949538475136
1,1.48006339917122
0,0.519879019078763
7,4.48272507639978
0,1.36051393055395
0,0.0715645112926252
4,1.72824371706315
3,2.33002155889685
0,0.0809466407905135
3,12.431896352333
0,0.493058648024483
0,0.0353183223849947
0,1.01148437051178
0,0.393172169346515
8,7.30637297791237
9,7.57209444234805
0,0.787392263551918
16,18.7089188995674
19,17.6218481637494
10,4.05424048927133
33,24.9532600416365
8,11.2640956126672
13,19.0338119700658
0,0.111223110537919
8,7.95333129112391
9,9.73182159293484
4,5.09952778939351
8,16.5404718469025
0,0.578779967959744
8,12.4918117214502
11,4.13618238199392
0,0.117311792029253
0,2.35942090676572
0,2.20467959492156
0,2.13153719943785
1,2.75728070166267
2,3.40268533370868
0,3.42656990100982
22,4.91195613453191
1,2.81171313065904
0,3.21951493794346
4,3.2390369866486
0,2.33608743494289
0,0.605757990877102
0,0.428718497101126
0,0.204053723398029
0,0.073997681861156
0,0.0559255954696442
0,0.836043731071626
0,3.66785262518917
0,0.0541469435437814
0,0.0840503290813836
0,3.27091183326331
0,0.96953408614105
0,0.718529531150312
0,1.37995146029188
4,0.942369434056785
0,0.915544923596255
0,0.990368404106571
10,1.49390739026034
0,0.381547531823779
0,0.103469752915642
0,0.0181603838036594
0,0.959778601120283
0,0.782708541750547
6,2.10933038764543
5,5.41362370015226
0,1.21444739966867
0,0.0466338621801937
11,9.14780689326407
6,2.21239722646581
14,18.1227944861065
21,32.756179343913
11,17.4712044738056
13,28.807867241872
16,25.8270371062555
11,19.0486584842507
13,29.0815376664058
18,29.0840949250699
19,28.0897816272744
13,19.3004868457783
10,11.406987765075
0,0.556833610222787
0,0.0435679743934788
8,2.36412696654868
2,0.999264504114102
6,2.39657590416401
0,1.19720219830525
0,0.805009291058201
0,1.16866488802304
2,2.43870016690785
7,5.35899363985
0,0.0242488238108847
0,0.00232582665201715
1,0.705585779029167
8,5.63092099755034
0,0.00444751885275315
0,0.459791880208089
3,1.79442076866858
1,0.233711017524753
11,8.32049717543238
8,7.91037078040937
24,12.7578398643775
6,6.49318244427219
6,8.86645914823708
5,8.61512771993279
0,0.0242388903427008
11,12.3253606900878
3,1.07460769417297
7,2.81958204638278
0,0.0258361516193994
0,1.19519321653387
0,1.36183678213552
0,0.662266360049244
0,0.0374809770832403
6,4.54404318892921
0,0.18090930910017
0,0.00889305567240479
6,5.31250095322796
0,0.0381042701461507
0,0.423586665899271
1,0.526525188270986
19,9.72760364711206
0,1.32799044505949
4,1.96198245485376
1,0.575355662582559
2,2.09877788008634
0,3.66307327906683
0,0.360650223685466
0,0.59631746456063
4,1.65288312196357
3,1.96573269539853
0,0.0735898225481693
4,3.41235046074602
3,0.721416647789475
6,2.5161045562164
6,2.90642389291196
0,0.333268113740313
0,0.265289163846794
0,0.0809584199465548
6,3.12818689221435
0,0.725410776244652
0,0.877848886686038
5,1.36430570505951
1,0.434385111326802
3,3.81767680126343
6,1.94733765023311
1,1.3396206499718
0,0.0553492847468583
0,4.32806215353316
0,0.180152880479746
0,4.66123351817351
9,6.03888006278449
0,0.442165152373458
0,0.0375425723669363
2,0.747145340032172
2,3.0353710039657
0,1.07476495771501
0,1.70385610085754
5,1.14576627525986
2,1.25899430066146
0,0.0732458063907994
0,0.351996642287814
1,1.20806909903554
0,0.00220654817538824
0,0.650205988030697
4,1.82098385951966
0,0.0901225536303311
0,0.0990201495317981
0,0.651544113271923
8,6.95632397212511
0,0.610351635456585
6,8.55791852755006
0,0.0981994072851578
0,3.31482213019133
0,1.72456520952969
6,4.24527751436072
0,0.42515055895136
0,0.0912696382600942
13,6.1064074125386
2,2.42067004001307
3,1.75887738632778
0,0.77949337087021
5,3.39023865478286
8,3.05366494933281
8,5.06304622146881
0,0.268442343412986
0,0.418136360225187
0,0.477961204964149
1,1.09256520637984
5,3.12564267459161
11,9.42500302073293
0,0.870513437151442
0,0.595975074719145
4,3.63496178023118
2,1.02083494929345
0,0.945118405577289
0,1.13999449535607
0,0.0312439927306189
0,6.00244164180619
1,5.61757323898099
0,0.106147522177933
0,0.939462734625892
0,0.267497541070109
0,0.0722376348447298
0,0.0501262051201393
7,1.90011682707219
0,1.19342919774614
2,4.02685671268263
4,3.3541954458414
0,0.257702895562616
0,0.104222301307085
2,0.894875307435259
0,2.38695574513312
0,0.712339025205089
0,1.29268129634731
0,0.720908666938935
0,0.308413567964711
0,0.293141586867244
0,0.854006377478532
5,1.32266901621574
1,0.67717231107902
0,0.846917507330024
5,1.93938837317188
0,0.717377021737365
1,0.534895803734312
2,1.23078215388761
11,4.36655509977345
0,0.136912389505507
3,3.19150493879183
0,1.07095435694505
7,4.60391490664003
0,0.427263246215118
2,2.11578430774423
4,3.85510275091148
0,0.369828010960641
4,1.47307790557485
10,10.0312788237404
0,0.97457217774466
0,0.888287788016657
0,0.888538053312687
5,3.63652869015007
0,1.05808007548946
0,0.711472871771927
0,0.835213912237463
1,3.48300454181182
13,9.25424927611714
1,2.98640604174099
0,2.72289634167553
2,4.28471460398129
0,0.878372868315596
0,2.19640277203278
6,7.46552373375072
14,5.02378371754606
0,2.07900085397729
0,4.51256698393554
8,4.25053912169811
0,2.68407487742757
1,5.29340161333294
0,1.97783840512299
0,4.05535433405955
4,2.86079198014213
6,4.10138603580422
0,3.86825958290504
0,2.40010357421384
2,5.16245564711676
0,2.07580514275651
0,2.37801272365624
1,2.66922274558214
0,1.15071412323695
0,0.188818307912797
0,4.85019952411186
0,0.686563976570243
5,1.14827447920193
0,0.0225077655722316
1,5.33469489204568
14,7.45027861751626
8,4.90978940870219
6,1.48741694851225
0,1.06769442221441
1,1.2669248594237
1,1.18965012802179
0,0.0332241849989868
0,0.799974503747582
6,5.48913139009453
0,1.76151333206992
2,1.24655628996492
2,12.9451119423122
11,1.51258076785604
2,0.739684395153684
0,0.333583680620501
0,2.67380384875564
0,1.18664588327666
4,2.60734330704752
5,0.46666893710288
0,0.43177608424177
0,0.355973577609951
3,2.20933170891389
1,1.21227167660187
3,1.43410950085204
10,6.89047592116783
0,0.100032495544918
0,1.38851465270375
0,0.00584420392008829
3,2.66598447403065
4,2.53325053990324
0,4.38228327415034
11,6.10599100684153
7,6.42934860072855
4,4.18901266005153
7,5.64407682651889
1,0.313590149559712
0,1.00447174448102
0,0.0341531807815225
0,1.10722272881776
0,7.54449548755923
13,8.26435304697867
0,1.99872448773761
19,5.35810059304786
3,2.51296188942794
0,2.50356875895456
0,2.40726572713071
0,2.12744370969848
17,6.45050585165303
0,0.269296652831291
0,0.0266617888080178
8,5.10277368538479
3,2.10986609158818
10,4.63754715154942
12,5.21986208025651
0,1.05203783078771
9,5.27240752841147
0,0.631060347918819
1,1.29932344604112
4,1.56849465454814
2,3.08258021577772
2,0.712871235412217
13,8.79689271940565
8,9.85424130493148
8,8.20718510102723
0,1.17958127131905
0,0.137275860311329
10,6.49382959415219
0,2.05399015801749
0,0.567044957401591
5,2.71181961764908
0,1.5871829651926
0,0.0258950183208715
3,3.74733732610019
0,1.19346875217179
3,0.841003108906274
0,0.93855563781378
0,0.64189776352911
13,8.07133550865446
5,2.59126719319118
0,0.921386128500937
0,0.635515779925179
7,4.77684808683617
0,0.303334415799106
0,0.0257743780632502
3,2.31296351556617
3,2.76859708492093
0,0.0877260269493529
0,0.0238287050972182
0,0.16356677764656
0,9.821576508163
0,0.66242762891918
0,0.584543320600455
13,8.45730836847996
0,1.84201097771255
7,6.86695566098237
4,1.47696542683583
0,0.694161199887205
8,13.2914632970771
0,1.00815973714608
12,16.2184854793666
4,10.950960325456
16,17.7770387875561
8,9.60401262009506
30,24.9755559423554
24,22.9533531128374
4,12.0726599261893
14,13.0573335396341
5,3.75884768727029
0,0.11748008317061
4,4.21621479629967
0,0.0983201106541919
27,33.7375454742791
0,1.34190008170783
27,25.4133217852316
0,0.0910063998307956
27,27.1588295724052
27,31.6139277280031
0,3.25362974265586
0,0.310050915649179
13,5.46067555046718
0,0.33172394728677
0,0.541465168897255
0,1.04559239997902
5,4.36064532958906
0,0.0212165755289839
7,2.67107823437459
13,5.77216747090107
1,1.75333038819439
0,0.0821635303119775
0,1.51374899781134
0,0.0345173766812854
7,4.86674908826512
10,4.2174444854344
0,0.503058614456772
0,0.0130015156194979
9,5.10186725215163
6,4.290955754087
2,2.22012498316222
0,0.989200735217633
0,1.15762931438118
0,1.00891043203976
9,8.60125500998672
6,7.30428430239779
19,8.73334982306289
0,0.0667599282158232
8,9.923162935443
0,0.594169207004202
11,12.009481818485
2,0.762469641530497
1,0.680201990773982
0,0.360778488470891
5,1.32804616613039
4,2.10220864973442
0,0.393825847041114
0,1.09999555214957
0,0.946583210638699
0,0.0730184554507365
2,1.57923056078824
4,4.04769570550907
3,3.23865211663001
4,3.32153924845264
0,0.174381817197747
0,0.812249453782169
4,1.24478587662699
0,0.407332061968935
0,0.0136487824357078
2,2.70116296935854
0,0.671915417271368
0,0.409874786996874
0,1.37490676799092
6,4.73085272478655
0,0.461913529117554
8,2.96058862818473
3,3.17164823185552
6,5.74305663415644
21,18.7199260095898
0,1.29623760595806
3,6.96654862568515
9,6.26051217051288
0,0.464206197962915
0,0.136229064125334
9,9.93899363302496
11,11.7466587316001
9,9.83435836227751
0,3.80376036555062
0,0.182571402105916
4,3.00747305267581
0,1.51151152821509
5,5.5656414284276
0,0.291899553349378
1,1.02406378001058
1,1.1364113978938
2,0.843187899204309
0,0.0503210819068843
0,0.00921358869898627
0,0.270636088478335
0,0.373769829098679
10,3.39406164252001
0,0.310281173791157
0,0.92373835875864
10,10.1320106613041
9,10.2339449998226
15,13.8350413245712
0,0.778744929780172
12,10.3937664605078
16,14.7051532958491
11,8.32906193916249
0,0.188628950888001
0,0.0762093941349269
0,0.499127253017367
5,1.1985141425625
0,0.692618493669446
0,3.17298734586113
2,1.87016170762597
0,0.299281514709162
6,34.9193606999908
7,35.3186908685301
30,17.0906870814021
4,1.88122707795556
0,0.390905718676499
65,44.6114583375039
11,52.6082121276718
6,2.73123406708101
0,1.101086465499
8,6.84997541063817
0,0.0198400444442094
0,0.0198400444442094
2,1.63887401972691
3,3.50404475348679
0,0.59306505753833
5,2.6283314200564
4,1.15298576724495
2,1.25126321504071
7,6.148863521619
7,9.15095951963481
10,4.39014240493305
8,6.58595044668915
1,0.297836469945097
4,2.38713189412694
0,1.7254142897153
0,0.0789695663882259
0,0.429255083696239
0,0.262226830656183
0,0.664822574002709
0,0.314824514903962
1,1.68710905484721
8,6.17653631816136
0,0.200440664759495
6,9.95288846143683
0,1.56766196283729
2,0.890507792544233
0,0.26741437851905
3,2.69971015336492
0,0.66437208297683
4,3.88218826591563
0,0.0558214070121929
0,0.0333364319823563
0,0.482509866844304
16,10.7994546401564
9,3.60826423921832
0,0.638102862735401
0,0.226061370506436
0,0.316255122608346
0,0.0529570672510624
0,0.114723158285613
0,4.74669453598517
0,2.23385207228694
10,4.91689116306351
2,4.79855141885031
0,0.821189837140331
0,0.15868755246682
0,0.0313904625649052
0,0.159610262776205
2,3.95517950696047
3,1.79726533561219
3,3.44177445893785
0,1.9293854716116
0,0.0705351996022016
1,1.63433520024425
10,4.08766810087672
5,6.4677902242913
0,0.0255625625842598
0,0.436828498019018
5,6.23073994099007
1,1.68590246859059
1,0.0561493450891459
4,8.09122959523015
0,0.596224603949808
12,2.97221770622432
0,0.421392264909371
6,6.18523918568626
0,0.0410991654184774
8,8.63368470297657
9,7.30022944708409
6,7.45011570411867
8,8.56213403903488
2,1.39201993964828
0,1.31504958840812
0,0.127352457842209
0,1.39978904113474
0,0.0787906861356356
0,0.461175710734747
1,1.07449599990881
0,0.0285155119115647
0,0.607201885407756
0,1.8720405829794
0,0.21754490421568
0,0.515440093787516
6,3.13217433346029
0,0.572651173822812
15,4.95920803195646
0,0.761321343527886
0,0.747564834298419
0,0.459460597946726
0,0.88929386436963
2,8.57376191282638
4,8.13782914810045
0,0.279345199852089
13,2.03519625709313
2,7.76998284786911
0,0.516089112312869
0,0.401272736835913
2,0.77184167913695
4,2.06704222123551
17,9.62604969811809
0,0.0214156973624824
0,0.0436793093859033
0,0.454604081417127
8,8.01080469829454
7,10.3994784726839
0,0.365502119728666
0,0.547636918705709
0,0.512632874360224
12,3.75787668499672
0,0.562783031509333
1,2.33830999137977
3,4.78156452058391
1,0.779671795949236
1,0.503800350548353
0,2.94753325163457
0,0.263869823506766
0,0.0517152697768185
5,1.2328670007136
0,1.42342397154583
3,1.6010340938594
5,1.93716564702504
2,3.03279650472801
2,3.33445527353488
0,3.33501330475981
0,2.99901766417982
0,0.0292387198396999
1,3.74711334865746
6,1.50708143227941
0,1.40809046753664
0,0.0722697643127142
3,1.5405210168712
0,1.40706489606654
0,1.17851614193121
6,2.93899884579444
3,2.69885498618922
0,0.303582118732698
0,0.583869961074535
0,0.0461063374990923
0,0.0165626197962398
0,0.364339016818961
0,3.74099644164485
1,2.47774652120071
0,0.005513891010236
9,10.566201382836
2,0.561495394694934
0,1.12954162134468
0,0.919217719765014
2,1.15204559973592
0,0.0900818287574308
0,0.0332057623032505
1,3.50118883510473
0,0.544826705212597
10,4.18531416888439
3,1.91156530108842
0,1.26318615235868
0,0.0417465426277481
2,4.83206467077141
0,4.02334616002066
0,0.142413067891406
6,1.17242690592701
9,3.94971213946558
0,0.239846100076601
0,0.639555840302721
4,3.79314560226644
0,0.0132137830808594
3,4.1257376626334
0,0.637365916267803
0,0.278866427467579
0,0.500300772977346
1,0.822527380585891
0,0.339774711153961
0,0.390254856965885
1,0.683439505321382
0,0.643329593396374
0,1.40823021023653
0,0.0649589601745912
0,1.03788764639773
12,5.79044418906917
7,2.83883933056252
2,1.41581123677288
0,0.925176744318414
0,0.52891805493049
0,0.159850357629566
0,0.510555272767882
1,0.834883930141442
1,1.7935954903644
0,0.114446930038106
7,3.66368154009729
10,6.07726494383783
1,1.64025112405697
0,0.150598340071151
2,0.802836202541005
0,0.466168623957711
8,5.9033336629488
7,4.58297367791811
3,1.93680952939488
5,2.71779614732245
0,0.202112308289749
0,1.36920223514377
1,2.37401775237553
0,0.120311759690395
0,0.0647520615435535
1,2.55911666059797
3,0.554810211359497
0,0.602866797330828
0,0.0274589498398304
1,1.17090689598262
7,2.61386409183558
4,1.55435752705184
5,2.23122050469212
1,1.54800747017576
0,0.763036775335329
3,1.64898351935773
0,0.731221188617161
0,0.282009221799964
0,0.712598085773933
7,9.61516368998
9,8.07425424833216
1,7.61667359796328
7,10.1194068297824
17,9.25906181602663
5,0.745049320190943
0,2.58070633264377
14,13.7597629250152
11,13.4503954814829
3,0.570398792255391
3,1.17745110586654
1,2.39282046224186
3,1.49596781982095
4,1.593257482314
0,0.678808774066391
2,5.36543785278903
9,5.19472476102657
4,5.84371603070172
0,0.259686396572267
8,7.09830815074001
6,3.43359595703624
2,5.7361838015045
1,0.817512266957166
0,0.0944051228936689
12,6.73529259242671
0,5.97627276037529
3,5.37797003551934
9,7.36941560426148
13,6.26540580592626
12,7.46173117205464
0,0.279473398910782
14,6.8141227991873
0,0.0488107807983253
7,8.98988514589238
0,1.38658799101877
12,9.04471766561423
0,0.52390461511747
0,0.310374998439373
0,0.623546201766637
1,0.544669886713127
0,0.481124333686053
0,0.390387589663383
7,2.60513589914114
2,0.813229852711502
2,1.44794262461232
9,6.82363286737291
0,1.21854111547398
2,1.27016114104214
0,0.648876196549046
0,0.378107631835563
2,0.570344411479937
1,0.678127735192877
0,0.0262614513423997
1,0.0351263810973136
4,2.02255134258873
9,8.10573149546238
3,1.42083792831166
1,2.19543534880543
0,0.636632150352376
0,1.1566795586513
4,3.09456247839219
0,0.239880634289315
9,8.27101055950777
4,4.02227037581394
5,4.75922697352625
10,4.31932726358046
0,0.0225888345619644
5,5.80460171048828
0,0.570070137716794
6,1.78060691554311
0,0.696653735249305
0,0.20350787969239
6,6.68923373506081
9,5.97058919895286
2,3.180100163533
0,0.895172602302151
2,3.27793217805552
3,2.28797527484261
0,0.491678106319976
6,2.11025000865306
5,4.95990058709448
0,0.39335682989988
1,0.512195318429571
0,0.593845484591936
0,0.598194304467666
4,2.01681752472279
10,11.6354805936373
11,12.0141721941058
0,0.0259455886795396
17,13.5926511502356
16,14.3791265190675
0,1.49330806298249
0,1.319300030595
0,0.0731122909916818
0,1.16708973636868
0,1.09019870773671
1,0.450813041244262
0,0.347519909263947
0,0.103612901420999
0,0.0463098472036532
0,0.951362312163995
1,1.75853653727534
0,2.53942983845486
0,0.435227392180854
0,0.0371984007735222
0,1.38947107150513
16,9.40807584949728
3,3.87072081680288
3,4.82535878494819
4,5.42377533246264
19,14.796192207156
4,5.3278748020447
8,11.1320942780911
25,13.0243283149018
0,0.0741996848238293
0,0.0995996241721941
4,5.67693209799348
1,2.52335325542446
5,4.34753938612843
12,11.6567469431995
1,0.187257473476873
0,0.328486710970904
1,1.41370285088743
0,0.0147746638373158
0,1.23811878527887
10,3.86871635122289
2,1.65330824814926
3,3.43399605231731
0,1.65537503372329
0,0.0251722223353429
0,0.477932427698367
0,0.118340354980557
5,3.10673888778427
0,1.22836328316531
0,0.00919404829007176
5,2.45252383160641
5,3.27274942387845
3,2.00341367571709
1,0.459608524025848
4,0.971953264950103
1,1.96874908197696
0,0.555123261072287
0,0.730763890261736
0,0.298785182637566
2,2.02428745089667
0,0.92116955430777
3,0.688766046112998
10,4.80328408973117
14,15.9441618504048
30,14.8641528460229
0,0.93066156254424
0,0.925392392867448
7,3.48527185201131
12,4.40169917680622
0,1.12423610437341
0,1.90198169881521
0,0.0999919703147738
3,1.76884048875068
0,3.49711889476319
3,1.193174475653
0,0.635765139888152
0,0.613086417939475
0,0.0790769856294159
0,0.569426506055008
3,3.47705680197054
0,0.00776908823834938
0,1.00293046121667
0,0.568140305141227
5,2.392611610423
0,0.547142153519736
0,0.244785937289521
2,1.02252587390094
11,9.06683430589491
9,9.22219790046366
8,7.58433036368782
20,8.92412966641732
1,0.227213137314241
0,0.0277808369827649
4,0.825604014062973
0,0.693394287426536
1,2.24064589674617
0,0.919317396118384
4,0.712951944808783
16,7.52600792103566
4,3.83862333282418
10,5.12337861130605
1,5.87122294447281
2,2.30857055932723
1,0.781422746336828
0,0.0125057815307368
0,0.306041063818999
0,0.985802532784594
0,0.706762006117206
2,0.89464307753027
0,0.0446786519724484
0,0.00965764857718814
0,0.0383025533014491
0,1.23428008283596
0,0.0444694732817186
0,0.737288323038721
0,0.0525298836676577
0,0.558985856996762
0,0.383846660275695
0,0.868389396308564
6,6.96081982238455
0,0.303169639253898
6,5.24811402855679
8,6.40213663181728
0,0.0542521766711631
26,17.449573479742
0,1.15784447076112
4,2.21297291370281
2,1.36420622892646
0,0.513318169200995
0,0.645942259878834
3,1.06613118030743
25,19.5899631465389
38,21.027573076159
20,14.0780603580144
0,0.569702713038917
10,9.754592823948
2,1.77606596774809
13,10.7182893810938
0,2.78887341890894
0,0.354613737972115
1,1.34443729993896
5,5.87222391339371
2,0.573961710981311
0,0.272812523360655
0,0.00759190156783899
0,1.28273900655658
6,2.71410365382512
0,0.362679528521668
6,3.54643478775765
2,1.07724893931194
1,0.600877284471271
13,7.26932348185476
2,0.926568466447235
0,0.572126973831812
5,4.70382484163781
0,1.80954144097009
0,1.47715136122197
0,0.16551485138351
3,3.78444391929876
4,4.00152491429631
0,1.39243283984558
3,4.5584007493594
10,3.14886499912295
2,4.58712458274472
2,4.31726079700373
5,4.20844932557898
0,0.492457013143229
0,0.460862955711089
0,0.0177021901810963
0,0.0851325702429644
0,1.49211092077796
3,1.12793875630639
0,1.12327098168582
3,1.12836775163941
3,1.25549885584711
5,1.91285225212253
13,2.09113879007577
0,0.641667386953517
0,0.806068724099441
0,0.356316856970255
9,5.7053789204691
26,15.0491522085519
0,0.57861347504778
0,0.112480577170178
0,0.26813538011402
9,6.70733245637155
0,0.211363885722161
0,1.24788487401448
0,0.906732755229805
0,1.14669826285026
0,1.16394072627315
0,0.115573317975304
0,0.288053963942129
1,0.312001716036966
16,9.3384276418339
0,0.265506543252238
1,0.806263476032506
1,0.537658741019121
12,6.78927226954716
0,2.19486731947188
0,0.0931556477585211
0,0.114666166556274
0,0.41283090794678
5,4.04998727913797
7,3.87595027218044
5,0.322749423913286
5,3.15699739560086
0,0.583696563904441
0,0.562248158819998
1,0.539350908288652
5,7.11380416216252
6,7.03553869011918
0,0.794850269001661
0,0.442073017963905
4,1.97513804039556
6,3.24282438657418
0,0.95464416422165
2,2.04670178205471
0,0.0345777122390043
1,1.83100261352502
0,0.0959388981381259
0,0.0107933987731559
3,1.95923357278454
0,0.126057363507726
9,2.65047833905784
12,8.75027893287652
1,0.523575905959325
0,0.682457279150094
0,0.655225773393702
0,0.244178167371912
0,0.976891974430683
5,5.68719498860837
0,0.293556970054421
0,1.05340443324473
0,1.63773771705894
0,0.060780871622029
0,0.0324050472468921
0,0.0557101849070695
4,2.9724642169252
0,0.29455000916048
0,0.219482014076158
0,1.33160774145771
0,0.636963454607179
0,0.644474980351468
0,0.951053514676316
0,0.0358151720007209
0,2.88452976729703
1,0.966759205047465
0,0.0215994009938129
4,1.82381808869054
2,3.66986721149043
6,2.89318030843961
3,1.79242920945773
0,0.60003749171449
5,3.54033048973709
1,1.88954201390129
0,0.00117572243750043
1,0.458242310376854
1,1.99758861410402
3,2.20286582968246
2,2.08797055879099
2,2.04634249082817
1,0.485475071351793
7,2.28946845861482
0,0.11772003076532
2,2.38617165446505
0,0.186961819261038
5,2.41248642976528
0,0.00867759845167468
0,0.394629145753652
4,1.32424527587519
0,0.569647365206475
2,0.43926699223064
2,2.2730305805067
0,0.0876723223330821
2,2.07291536658459
2,1.91011127721008
0,0.403251602491992
0,0.625070887789801
4,4.99438255052873
6,11.4438635485535
0,6.53588732378534
6,6.85292214978474
7,10.1594934973697
0,0.015353816005799
6,3.09241214605366
6,1.2679618563663
0,0.207627347851755
0,1.06149656136591
2,1.48357145477481
0,1.45858215540928
1,1.19597727271403
0,0.795458676728253
1,0.317162283901019
0,0.0894738481878335
7,1.70242454470243
11,5.55240711645286
0,0.521059187464552
4,4.6329956669996
0,0.628598354084406
0,0.730517959092734
0,1.53308686466825
11,3.16996695148952
2,1.79202249925149
1,0.774873882624262
1,0.606183722881148
3,1.05690545455104
22,6.80885876860223
2,0.716446218614628
4,5.57281059804267
0,0.294878996009666
0,0.539756290046712
0,0.0610164509945663
10,6.02145188402233
4,3.01153065865584
1,1.23380323371514
0,2.62709267654978
0,0.609423103156154
0,0.66231285816136
4,1.60610628428922
0,1.21521182153006
11,6.59110642599336
1,1.23824956727439
0,0.326308209286468
0,1.21716673260604
0,0.102533593575233
0,1.32197494402687
0,0.0467097692049593
0,0.00337128961645523
0,0.132485389941366
9,2.39350011050455
2,0.674900124744421
0,0.239317879115233
21,10.325745786688
1,0.233520200976048
0,0.444655116931374
7,6.50389176733199
0,0.381589939199459
1,0.97904870302145
0,0.538820994794584
1,1.15986332245946
0,0.0044966567417365
0,0.0575468468048547
0,0.00300031578224127
0,0.321731162345096
1,0.489071513911303
0,2.80850564583919
0,0.703366939178407
0,3.13454583362695
0,0.399564845404967
11,2.44568840357194
0,0.670285746417527
0,0.807803150531194
4,2.7113233782463
0,0.707428574766368
2,1.46641589568386
9,10.6505339486815
13,14.1919522092872
2,2.7278770049145
4,2.55250376450674
0,0.317834807600687
18,7.34910561646499
0,0.290123716501979
0,0.85097723972103
0,0.910228731167513
7,3.63334742110762
0,0.85185984141826
0,0.658144682675218
0,2.44559643120542
0,0.187113144307376
0,0.504385072232143
0,1.41322999593321
4,2.00246276365951
0,0.303915142005465
0,0.121646883346906
0,0.734240679063977
0,0.512091575113241
11,8.08102476222499
3,7.01649929509427
5,6.53056542951406
0,0.0561497047744389
0,0.556198153729453
0,6.6760497460419
0,0.107133945801063
0,0.0252002865669098
0,0.0916518594309161
2,0.730492056527985
0,1.16476748221489
0,0.0703622191148414
0,0.107406639176947
0,0.630580493873699
0,1.42322237510158
0,2.87257230580055
6,3.83677750061905
0,1.07577744555354
0,1.33147813910337
0,2.26963175255972
1,1.0143572098555
2,1.62265240034231
0,0.0232611891408285
10,2.86241593764735
0,0.208075919944398
0,0.131391888628104
0,0.864708205496103
0,0.0398186411926799
0,0.0790667684663949
0,0.941368345496491
0,0.139916467572663
0,0.0779763126953905
1,4.86703447410097
12,4.83503539299803
3,2.57539635552594
0,0.835308120880689
0,0.663224941325033
0,0.0592918470933621
0,0.034264429566885
0,0.016552399863679
0,0.0779101367341143
2,0.928066498634494
7,4.1172213807609
0,0.0563181937880985
0,0.0802802566242207
7,8.22113111157019
1,3.87113260271411
1,0.412400932013704
4,2.13407645429701
0,0.759215371972123
0,1.24932759652588
1,0.0390299080911461
5,3.68149369597529
0,0.121111531553143
0,1.08516989427905
0,0.0261664308850294
3,3.56175525345121
0,1.60541958864949
0,1.52144095893887
4,1.60721626317278
0,0.454055491706323
0,0.49459535933888
0,0.404218472546864
11,7.68533746750171
0,0.115715874737821
6,6.29759524659739
0,0.420733570480246
0,1.21763047325864
0,0.753935110378955
0,0.509135155936768
14,4.41046608668903
0,1.02943341613658
0,1.3596126214853
0,3.62680262636421
0,0.842888777123354
2,0.771567878674683
0,0.992571105986414
1,0.745538330647186
5,2.68421237757851
7,3.72563422179429
6,5.39494804350247
0,0.0126677413126413
0,0.466652925223955
7,5.98437057965745
9,4.6407255729694
0,1.95625265639197
0,0.436084832601438
0,1.00390394094992
0,0.00909985969934268
0,1.97467313245313
1,4.00638752017561
3,2.88197661580754
0,0.169279117532565
0,0.482893097048618
6,5.96067492666037
0,0.0412782115599795
0,0.0890370643008494
0,1.32551568672831
0,0.22057679935475
0,1.44336092084368
0,0.499645819794555
18,6.96270937788968
0,0.859913964204341
0,0.481547086793653
0,0.0340044795730451
4,2.88140769630949
5,2.4347702857808
2,1.26984794596034
0,0.354377639850924
1,2.53579659416444
0,0.897809029988042
1,5.03288650419109
16,10.1627870201378
0,0.331014460709571
12,7.39634935411216
3,1.33475927343643
0,0.917091967157124
4,1.78919961522031
0,0.283362767360955
4,2.53876755479669
5,3.25503839785279
0,2.22253217148918
6,2.59672569231549
0,1.67781175381147
0,2.12272752535624
0,0.183997110501244
2,2.78486058659708
0,0.249866813460649
1,0.670776576149984
0,0.381785448112866
0,1.16993549073109
0,0.506927216194553
0,1.00593357456699
2,0.557577239543256
4,8.32582691251035
0,12.1927305525005
16,9.5942328705443
5,10.5665452869135
16,13.0572627979674
16,14.8669626805753
4,3.45984730832374
0,0.369946076861179
0,3.30142009088176
0,0.602036582877808
0,6.88558983117802
0,6.72654539840392
0,0.275128940819291
21,13.9724346523141
3,1.91998741388451
19,10.3811383375618
14,8.91896945854863
6,6.83894966354442
5,4.79743536255669
2,1.56765105690543
0,1.42875069705331
0,1.40798146867094
9,15.2101442204746
9,15.6744264819198
11,16.576463342901
0,1.71895840990601
2,2.07750413197636
3,2.7795880365119
3,2.22049153655212
3,2.74855559946376
6,2.98358573269026
0,0.605368385070003
2,3.09065010335755
7,3.82272941817987
10,4.9706787479369
0,0.847529343157786
0,3.37711707399764
0,5.54132641818394
0,7.53742024243109
6,5.00977196805462
2,2.16049495618141
0,5.8413572115879
8,3.03518203567834
0,3.14472439493019
0,3.06592407407415
0,20.1225024411975
1,2.55595245300946
4,4.51193937117191
2,3.74685200741427
2,1.73788410294489
0,4.25249222873309
7,5.78378573862353
1,0.621232344900059
0,7.78719096594074
3,4.37814550929248
3,6.49907323080607
1,7.95417166298758
2,8.21114867881351
3,7.27574721753143
0,6.31184007166793
4,7.03418974305189
2,9.39448933675451
12,12.8564838311574
18,11.9611739001267
10,10.6851790037456
16,10.0595015607372
14,9.93943550790043
16,13.507714094258
5,12.0775442413763
1,2.21277387953081
4,10.2938243515741
19,14.1344888771151
15,14.7818513058935
2,8.06868046023924
1,1.27729591693469
3,9.96626442813075
10,4.2465400577861
0,3.30695109346309
12,10.6718324912315
8,12.5067821083506
5,3.51648329548162
10,10.5800576341447
10,3.66833138936458
0,3.82863358251605
3,2.65259339929841
0,1.03894033081355
43,40.9453198006123
0,1.78645138972184
24,18.8423204511919
31,17.6231691814207
27,23.4164581573271
21,16.1126410650836
20,17.9793062470515
20,18.7591513056845
20,16.8207028360075
1,1.73967157433574
18,16.2425016383266
0,0.840249074268858
0,1.00718517435737
33,29.512066929915
23,25.630905228271
21,17.0792691826938
25,20.6469787975184
22,21.2642961679245
32,26.8615060973566
16,12.7556268044593
31,32.2799308300907
24,23.2377164652743
25,19.969086321137
29,21.6763326486004
29,28.6797017530881
0,2.14047796823682
135,53.6512545526704
28,31.1697007178048
19,21.3003536783774
26,26.5972935433113
5,5.67612893221645
6,8.68461116365092
4,8.78518190554712
10,9.23284492185988
4,4.16271909360289
15,9.66164336779176
1,0.993219890262613
1,4.55319883120266
2,3.27435156029974
2,3.26465651102238
1,2.90476086035486
0,1.32043409253792
2,1.38473842190032
13,5.94730901809681
5,4.06728286956789
0,1.65076539634634
5,4.79156674967389
3,2.07103653547086
0,15.8861343429233
0,1.31398350084144
0,7.20055959931292
9,13.3757092443664
12,11.1802371293646
11,13.0894274288815
7,10.5703635861274
7,6.46295479850333
9,5.53011358924117
6,5.36038668048349
6,5.88642577285417
1,8.00920906106438
0,3.02706954263495
3,2.25532008321372
1,2.44488985064591
0,2.63235620087077
4,3.1616607219114
2,2.14251302615594
10,3.80222687143052
8,5.32542785597679
3,3.68968916021804
0,8.24973825414872
0,8.60894974193069
2,0.889730163363992
0,6.78715313633894
13,9.39012562019875
6,5.1007379881143
0,0.554269057630596
6,8.61280600235749
0,1.20709962972851
0,0.866551291196511
9,6.96183383222826
15,15.0160323448538
5,5.08527998204194
7,3.52888456016686
3,3.2153688075373
3,2.8225753801067
2,4.08878640847108
4,2.31997841091026
4,2.33106211146284
7,8.56169290120687
5,6.67396939070575
5,5.38192289507233
3,2.26081860683975
4,1.94593803356333
6,7.23439812174315
8,4.85092894262092
6,5.41272972548746
5,7.3629773183294
5,5.71148429540016
0,0.121507290692502
1,2.57510813180347
3,2.33694297520687
4,2.53451334222085
1,1.9461636629371
0,9.88078257097795
0,1.38154758746412
1,1.51527822108837
0,0.931374619107019
0,0.835712747336145
2,1.49635059339826
3,1.82315929804166
17,7.12568812110623
18,19.0536207356938
15,14.9513691992213
1,5.78014723645075
1,2.41632922351516
3,3.37139907935084
1,1.84878226911967
1,2.54962150166724
1,2.17924781981584
1,1.68463868541981
0,2.21821551051386
0,0.654262969296124
10,6.07511212267985
13,10.6520166444416
5,6.89860941081482
12,9.92473837636119
9,10.9947604064977
0,0.870841855120029
0,0.878683086339307
5,4.05698424954751
6,6.58151370006878
24,10.4041680145235
7,7.43383994467561
8,7.9317971612645
5,5.79160433430419
0,1.24649089879345
8,4.43802861859996
15,4.5500169861716
0,4.26905035593751
0,5.96746601844324
0,1.88162888479658
0,0.942551982253649
1,0.732316966052461
1,0.858169205655145
2,3.66459979353186
0,4.55016943544724
1,2.14733419142278
2,3.36248858144111
0,2.86228989969456
7,3.74496967770798
28,6.60755228804019
1,4.60292389208005
5,5.97381531991647
3,4.70472069981794
6,7.05373126644116
2,4.31112709692998
9,5.92571397515594
13,5.0296446342399
9,4.72875024261638
2,4.14106778719528
1,6.30418974381357
1,2.65717061967813
1,3.05175132282306
0,0.0159645232246607
1,0.281623952436333
1,0.891109916590705
2,0.288597151892701
1,0.609607765743115
1,1.08497932838083
1,0.785855469104304
1,1.15847733620037
1,0.33297800474004
0,0.180622946606289
0,0.0406814618880766
0,1.1585568725492
15,13.778261492134
8,11.6102973719336
0,0.517872482136878
0,0.367092264220711
0,0.443690509044
0,0.536851347946107
0,0.448543446256051
1,1.92533554109248
0,4.60481551503881
2,4.34655434857507
0,4.65828492359434
0,3.57834298041358
0,0.34553041561854
0,0.456873918119607
0,0.528498419406727
7,6.9706928504089
18,17.9009869250405
18,7.19396206518944
11,5.90024880132111
1,1.19426613627139
1,1.04921999383469
1,1.02699187872848
2,2.40629624056802
2,3.29522727854715
3,1.69151343407739
1,1.47318076474328
21,20.2472986705231
28,22.1478729196731
26,23.5468017122073
20,19.350979915676
25,27.140325273513
32,26.8878979467514
38,28.8401985246757
43,26.7793185124609
40,23.5772805746178
40,28.8836086089865
2,3.38495153487948
2,2.16679133500958
1,1.53558203694675
1,2.09028758976061
4,2.07127283660072
8,5.25360587412709
21,8.4460451737682
12,10.289644701484
10,8.0540401319234
16,13.6133512672394
8,12.7035378351358
13,15.279486597376
6,13.0645317668389
12,12.754581449055
23,14.8095659954408
13,13.284994302519
5,10.5910458914447
7,13.0358297811687
9,11.8082385796416
17,17.2663910082395
0,3.71259788540953
0,1.57235265878107
1,1.45821969615193
0,10.9451952205886
0,4.67930793755208
0,8.77773169726697
0,6.20458009396842
1,3.73963659498942
2,4.49547381211261
4,2.26846659049325
5,6.42064479409042
4,5.78854533355315
7,6.37737614918598
21,11.919503726949
0,1.17570465404566
3,1.89975664194273
3,1.59430498916135
1,3.01662712274356
1,3.08930445067285
1,2.38564631110768
1,2.70103937125823
0,1.51338561987457
0,2.47712215223644
0,2.42613694763317
0,0.361808034302684
1,2.01665533942431
6,4.45847542049764
5,4.24231593447217
0,0.839964579755013
1,1.63757641930598
4,2.37632724663703
1,2.85667525098306
5,2.69213810475964
0,1.2725900600504
2,2.75448770468298
2,2.35236134351001
3,2.9138041717104
8,5.33708177692001
10,6.15337938121629
0,0.0467842878784539
1,2.99677897577889
0,0.241393154538573
0,0.420032421019493
0,0.198641111378535
3,2.11375334159225
2,0.75343296603295
1,0.350444337039964
0,0.508934833135277
2,1.36482992049805
2,1.58859908810219
1,0.653841390507525
0,0.773437837959795
5,2.35696216059714
0,0.524355236188394
0,0.551432297558574
4,2.52704359746777
0,0.443437050171405
2,0.411579840389303
0,0.600775669662193
5,5.6715276392455
5,6.30571360633317
1,1.00725446052241
3,4.83382284263378
1,0.755678728696688
2,2.72190926500731
1,0.523209189651994
3,3.07216584727821
0,2.87489050160313
0,1.36130117053746
0,0.671860829757963
0,1.64397519776823
0,0.514050386645711
12,7.93363092135259
1,1.18018842691162
1,0.768492063285735
4,3.00475512379537
0,0.395755789850928
0,0.166427752079356
2,1.62015498040439
0,1.17782621095499
4,2.92378246759473
0,1.09935560208076
0,0.347790663857568
0,1.87963375633716
2,1.3653343889111
0,1.05633724368615
3,2.41662005607788
1,0.421716194744775
0,0.297703869961693
0,0.194345037502714
0,1.2042100506995
0,0.470833273268367
4,4.37003075977148
2,0.949689141559666
1,1.46171874408103
1,1.03136269076818
18,8.746880006481
2,1.47795492851584
1,0.673619815999559
9,2.84207406044051
10,5.58314325037461
0,0.434484774963576
10,7.02715743522374
6,6.40481791240486
0,1.15235191190384
2,2.21722029639351
1,1.05652001544028
0,0.288516764047662
0,1.06061302878198
0,0.11364548513086
0,0.0730558393340117
1,0.212724478672189
0,0.329911757142612
4,3.09040710378165
3,2.18250843209269
0,0.247912164235788
0,0.12587313660935
0,1.23392863126473
0,0.184557836566662
0,0.392608853256631
5,2.13815598583624
6,2.7236475919583
1,0.414308364827044
1,1.04024224751994
12,12.4510700729322
0,0.660064893066657
2,0.440642618985699
1,2.46136575701992
1,0.997878514978377
1,4.91436590306041
2,0.673198107367145
3,1.6181324335868
5,3.60442071349673
0,0.0125865329617908
0,0.0207348782272689
5,0.444928057238135
0,1.89257143067599
0,0.15082151601612
1,0.0758824545177627
0,1.24247493690937
3,1.34888560753215
1,1.81951387843234
1,1.73934858044283
1,1.63393312629243
0,0.91222627633948
0,0.618878269932158
3,7.51835704692924
3,8.80003607454221
1,2.15613586887409
0,0.969994459394108
2,4.55451546407618
10,5.54641331899268
1,0.947011124247834
2,1.50830091721437
1,1.31649727259601
6,2.85032844711473
2,1.23809250969713
1,1.08081777182854
0,2.51630889955155
2,0.994963099155107
0,0.709379512124767
1,2.41597049457021
1,1.88120096150128
5,2.10510703976971
0,2.23976078675873
0,0.632539081856742
2,1.23010456497266
2,1.81454927968847
8,4.39129380840351
0,2.50098867671113
1,1.13578082851624
1,1.84374019962422
0,4.3958040008927
0,0.512590446880874
0,0.53448914640717
0,0.330473949131139
0,0.573731355287065
0,0.491647363016985
0,0.423166265041317
0,0.522985117249456
0,0.763933452642605
0,0.371813708718305
2,1.7729375516559
10,4.63188760675511
1,4.39531687403651
3,2.62663248817372
1,2.11188649523132
0,2.37543409103111
0,2.11848477696625
4,2.25837144568765
5,2.5252503749869
6,1.98863262451186
0,0.251035623741021
0,0.241150321057161
0,0.427011378811115
0,0.304243596995633
0,0.293311112816448
0,0.320278506762948
0,0.274031418865817
2,2.1156488717394
2,1.33059020882861
1,0.615698516321179
0,0.338857453574938
0,0.256288092457937
0,1.49581451188805
2,1.16044919658645
1,0.824746590388107
2,1.14027432135096
1,1.27089969626426
1,1.13937045372796
2,1.23878767498791
0,1.07558240146836
1,0.499606515257567
0,0.673379916879551
0,0.384233932087119
0,0.600392940865403
2,0.472236274320511
2,2.98803315941925
1,3.64534284562458
3,2.29063297410063
0,2.65263198136076
2,2.22396931598752
2,4.85928895511107
1,1.27348015958101
4,1.38052529667207
1,0.81982445069954
1,1.04477069334909
1,0.912169848477995
1,0.611753419391946
0,0.468136389189116
0,0.414124452190105
0,0.533612813430685
0,0.478334183186067
0,1.25164818791464
2,1.77270183582334
2,1.89241027591201
0,0.348113587770477
2,1.39411441700018
0,0.186518399555126
0,0.235842138932336
0,0.181304919471576
0,0.337883641304126
0,0.33556573279536
0,0.463421625328082
1,0.454712186881296
2,1.96691577031751
0,0.645247631577789
0,1.03972873507147
0,0.948604294971192
0,0.752138234882126
0,0.718978052166951
0,0.724679950795199
0,1.10125825997448
0,0.364182909278383
0,0.33309729697772
0,0.370441345903851
0,0.272052420841786
3,1.25525215185907
0,3.48212812560903
0,1.66850252513807
0,2.38586536316918
8,2.2470525998908
4,3.14352958506266
8,3.32425814954534
2,2.44248392770902
6,3.64069488973321
4,2.76854348081928
3,1.55887703185376
2,2.47715250903229
4,1.92968576797533
0,0.222582043826465
0,1.11148035929377
2,1.97063813050092
4,5.1910630160828
11,4.36379981503521
0,0.507924100109662
1,1.48187010336624
4,1.57762754017106
0,0.540734348246906
0,0.47733888059167
1,0.575220794165014
1,0.547479456145922
1,0.750969825931272
1,0.962879494971055
1,1.33810805441429
2,1.35443220640655
0,0.827219139179827
0,1.00174705541613
3,2.1632690151623
2,1.37465812127239
0,0.559669215233346
0,0.607535484773494
1,0.958862489661164
1,3.84521968260643
0,1.58552791055352
2,2.29248738323215
0,1.3820224678848
0,0.816292913234356
1,1.73234192208164
2,1.47135550346235
1,0.958568420147578
1,1.26535901551493
1,1.44842209081989
1,1.0036182041119
3,1.81156276099904
1,1.51471664372439
1,2.63814291568736
1,0.661497840380368
1,1.14005830095592
6,3.22300329505506
0,2.50777326139356
1,1.11370758219871
4,3.9699541939447
0,0.219427754099218
0,0.34063031491717
0,0.371621430132836
1,2.34755547514445
0,0.621399729178762
0,0.541236210108106
0,0.319925584929074
0,0.842423144263083
0,0.616808822460528
11,13.3589511818023
18,13.2370317962892
4,5.52806445989563
19,4.77731401962116
5,5.98233191775329
5,6.07633039410362
1,1.10192371007753
2,0.999829973533501
1,0.916533279461328
1,0.888462559785523
1,1.00161612607917
2,1.31792195453474
1,1.14324406177086
2,1.5997756813607
6,4.06621640451586
4,2.67534117538733
4,2.80003738545272
4,1.98479707199688
4,4.11288416461267
2,3.92454710247206
2,3.76413518947732
3,3.70657933665585
1,2.93448009012949
0,3.5113285125133
2,2.21798705381749
6,3.87278321658075
0,0.638582266797088
2,3.24882600841334
1,0.860011938940256
3,2.53668128213574
1,2.29045667002495
3,2.22216670799523
1,0.836641883502202
2,1.1093473081124
1,1.31701322154403
1,1.29509829591523
1,0.973838011831433
1,1.28549872791955
0,0.537550079926549
2,1.38103068330092
0,0.234101768815423
0,0.617182719187054
0,0.944013962708208
0,0.71496319743086
0,0.0142897518816006
1,1.75302329977075
1,1.3134245073601
1,0.729183990643656
1,1.54971255945055
9,4.08162248265141
1,2.63983024533566
11,4.61482825941165
4,1.68429702059015
0,3.31733942600617
0,2.80941053096982
3,8.97063842318324
1,0.515246077876984
3,1.29321938428485
2,1.35701790514999
0,0.517948976227456
0,1.02574851654727
1,1.91524546254311
4,3.7602545566776
1,1.88697987997826
6,3.9225850327987
8,2.00183773493043
0,0.885006158667087
0,0.334035513631417
1,0.459960695771446
1,1.01946875301203
1,0.669053896359165
1,0.690651345940191
1,0.709861201162556
1,1.52962760020394
1,0.671526491845001
0,0.013259497636035
2,1.10485124757102
0,0.761731013629054
1,2.59506022874901
0,1.09258288968005
1,1.09760311654436
7,1.82738778864865
2,1.36368042613905
0,0.774556205882765
0,0.680453913846091
0,0.776981573126031
1,2.229806473508
0,0.0970921998225454
0,0.269864413537052
1,1.7044008750604
0,1.39640451193155
0,2.12332593339784
1,0.61908907060371
6,1.54876448119047
0,0.467500972399112
0,0.254970474673599
0,0.892225900430376
2,1.34504194797385
7,1.24045238302113
1,0.865755721852254
0,1.1399565209507
0,0.635784320821919
0,0.0861616019038614
0,1.06890927347386
1,1.18466831636341
1,1.06397310051656
3,1.44630041878116
1,1.10804040795983
2,1.82054390787522
6,3.09960309232598
0,2.26492345110531
1,1.32167428409563
2,1.25624938931043
0,2.09554467057335
2,2.45447092094749
1,1.2178569623908
5,2.98458637947515
6,3.53868034630251
9,6.7387054627266
6,3.31002886600884
1,1.23711535776118
0,0.804047276664853
4,2.04107880594121
2,1.46960648841731
11,8.67989183139793
4,8.37935937102187
0,0.840898700392629
1,0.614033660035309
0,0.650171374357914
0,0.883631151876675
4,3.16873814062577
12,4.58390001967597
1,1.07414827564543
1,1.28370408831794
2,0.975459204843002
1,1.83836923443065
6,2.82114034582804
0,1.28766660638449
2,0.993669641396273
1,0.859451395691114
5,3.07057085122956
0,0.142510781974537
1,2.74101703818855
0,0.669365711336906
1,0.963906319826712
0,0.46732405149744
0,1.18036746981406
1,1.0314298868512
0,0.544092695808265
3,2.6472200897719
4,2.28580067524743
0,1.70141247980512
0,1.82393274767597
0,2.16268701234638
0,2.98632898907637
4,0.826758682900807
0,2.29987453857729
0,2.56139544818189
0,1.24126250784712
6,2.35702020682759
1,1.92292168887575
0,1.86087168602522
0,0.918070108774627
2,1.68077110207892
0,0.783128878727855
1,1.37552017655922
3,1.68455730806968
4,2.07290108335228
1,2.64458378229487
1,1.88646163894496
1,0.765318048722519
1,0.983193383594152
7,2.24533325381112
0,0.194192046991203
0,0.979466777584083
4,2.54898558184679
1,8.20966569641805
0,3.86589330371265
1,0.601795395885807
1,0.766681396149755
1,0.732208813297342
1,0.733618648266445
1,0.581676568468639
1,0.76692024537638
0,0.669957668408746
0,0.774871357369302
1,0.468609933781704
1,0.824560493180236
0,0.563183947459493
1,2.68226969207264
0,2.92894610994553
1,1.83377962693025
1,1.81395524267354
2,0.269237833036737
1,1.76477606633583
1,0.395754544136899
1,0.549387551317336
0,0.456701962741704
0,0.399039643918641
1,0.460352111224081
1,0.513625452698604
0,0.0382392060814514
2,0.204547031737711
0,0.342898291321275
0,0.326025112547623
0,0.315271272736472
1,0.438494238866721
1,0.142906456274807
2,0.288420823820079
1,0.648918246917851
1,0.39637534450314
0,0.206983455493711
0,0.5738632221077
2,0.275324694511646
2,0.0510521780109801
0,0.21242968283301
0,0.273205822057088
0,0.0316300606488462
1,0.0991710431519406
0,0.780965160445229
4,0.761942668243085
0,0.47226885029066
0,1.39044652762418
0,0.752388583814164
0,0.449284510812992
0,0.676090688577507
2,0.613456442835978
0,0.776481345470984
0,0.25254052380655
0,0.371904620869361
0,0.253963672165206
0,0.253559383813114
0,0.339048572932967
3,1.22709801672422
0,0.0232290074224266
0,0.015269021858552
1,0.232865957400699
0,0.301859378476359
0,0.0436690140321538
0,0.0719960652474406
0,0.0491173129019185
0,0.112688152686482
0,0.0914075491202656
0,0.0412054659034287
0,0.0864925248414326
0,0.0236762786348278
0,0.0265728268276908
0,0.0581392312746451
0,0.0250231274877004
0,0.0703255605286664
0,0.0404182145779863
0,0.0676975633803177
0,0.0925139518216572
0,0.00709537257256133
0,0.185046962627784
0,0.0855409063888261
0,0.0728730614368258
0,0.00808086078544854
0,0.0235595252596071
0,0.0324609509888178
0,0.0538238831996567
0,0.158126610740945
0,0.0388282781028306
2,0.670444389439997
0,0.0569279777171417
0,0.0701425720485721
1,0.238411858681578
0,0.183990330522943
0,0.0173213266798532
1,0.281124179654164
3,1.27019787321566
0,0.216660172735701
1,1.55998030318974
6,1.72844331234074
0,0.244850406660454
2,0.213841386564637
8,8.62728875263859
2,0.167901722333588
0,1.39318776624838
0,0.233142528269373
0,0.2659149702006
0,5.77828712619364
0,3.28181520404918
7,5.86796818689422
0,7.70380717439748
0,1.36131020024333
0,1.06466952953828
2,0.989221864635896
0,1.35640645285303
0,6.76144075886476
0,0.994778665637276
14,3.84698072586354
0,0.0678141516809439
0,0.0416926379739585
6,0.719848194653368
0,0.241730322510877
1,5.44869983952462
0,3.44101984338949
5,1.800222776566
2,6.3532229048383
0,0.79111459325088
2,1.06217178351801
2,1.618078110778
1,0.493375204408034
1,1.30883352165789
0,0.00515692089623794
1,1.29117489562605
0,0.200153722595977
0,0.0767164138361917
0,0.102826168056049
0,0.686932461015963
3,0.795823296583098
0,0.457683347058939
1,0.191549440506136
0,0.217660857812831
0,0.279672356533038
0,0.138544624334851
0,0.0760327387371479
0,0.0832913944901043
0,0.0882529521393591
0,0.0357905571042672
0,0.214425090315082
2,1.14983274813283
0,0.145675794403554
0,0.11632768315022
0,0.246836655235842
0,0.111910137523484
0,0.12136789011915
8,2.08767124234697
0,0.0129936220801015
0,0.324069874608575
0,1.06473048131339
0,0.53559513952891
5,1.66712075483938
0,0.356521250450268
0,0.650421654222077
0,0.136977791005656
0,0.375358473566719
1,0.225665993630572
0,0.0151882731219947
0,0.0335015108067416
1,1.03940717243045
0,0.0409052402603231
0,0.0227529805514783
0,0.0257605112322027
0,0.167660785939417
0,0.0258582867231782
0,0.0209000549443915
0,0.0433342722954607
0,0.0491624845347692
0,0.0991411292896882
0,0.173866832353749
0,0.0511474602419899
0,0.0530047441707433
0,0.0360345995572555
0,0.114429325919268
0,0.0570181720616391
0,0.0271040272429996
0,0.0134304934420119
1,2.21791526096396
0,0.0492170532096085
1,0.955196757811265
2,0.309198155791509
3,0.867110219590612
0,0.0105990055492801
0,0.354654121629523
0,0.680656804271166
0,0.576182876661439
4,1.65442375017965
0,0.393513415877905
0,0.0211857399538787
2,1.33588917041539
0,0.23238789063743
3,0.374361482914423
2,0.749028553503727
2,0.0829569301491686
0,0.19177133114449
0,0.10777791076394
0,0.112784875339649
0,0.0586418816802507
0,0.107797729684222
0,0.0524600783144018
1,0.807891218226736
0,0.219401270463979
0,0.100384707021912
1,1.20443136532715
0,0.046550755700986
0,0.320544907378773
0,0.0591420085948472
3,1.17446693735217
0,3.15770011829615
0,2.26277158727393
0,3.29974646021039
0,0.592774651574949
0,0.529295339814278
0,2.23660184006626
8,1.85496704451134
0,0.0407008019976152
0,0.0604021255868472
0,0.328120477145907
0,0.0501650487619702
0,0.0765201022799302
0,0.110327403723201
0,0.0553362096917777
0,0.100620774129796
0,0.03886592224534
0,0.0196082994079139
0,0.0652560744792643
0,0.159501521066681
0,0.0533256469488936
0,0.0456287765613817
0,0.135753343534969
0,0.13236387173149
0,0.164923458176149
0,0.0668852495833404
0,0.212803901069836
0,0.37503328472624
0,0.0231094731476707
0,0.0148947514735897
1,0.402993713183567
0,0.100077710315024
1,0.345444304428972
0,0.206613462749842
0,0.0278045862010557
0,0.0227195477849378
0,0.0165183777714839
0,0.0705938170661036
0,0.0212090958194071
0,0.0336405804636998
1,0.0538497784608401
1,0.118973628124472
0,0.219272752943114
0,0.260063075129122
0,0.360310005829146
0,0.0198342159407481
0,0.0397658843167108
0,0.108806010567226
0,0.64498824836788
0,0.0828875237533157
0,0.126389429361062
0,0.0279863108472911
0,0.0349083206357615
0,0.0195904496894521
0,0.0152083214889048
0,0.122141142001636
0,0.133282505002144
0,0.0567765801949411
0,0.0160817773050127
0,0.138276068611716
0,0.503126669386066
0,0.0630217162945065
0,0.0177387129636478
1,0.161737203878321
0,0.0899966873617787
0,0.307700371865671
0,0.124344228440543
0,0.0214326199278847
0,0.0668129410604601
0,0.416406158443045
0,0.00919797802556715
0,0.190301892636801
1,0.270905777536891
0,0.0450152959383901
0,0.334280657858617
12,1.44085663925904
0,0.45383816434536
0,0.74744012154088
0,0.723621936435999
0,0.582638920896779
13,8.78816215824351
2,2.04392416415257
7,1.23230204525115
0,1.00539295732254
0,0.324459222742303
0,0.38539836487799
0,0.472719848963347
0,0.257071131845563
2,1.02882193581329
0,0.432527052237331
0,0.284154238610551
0,0.134585037992249
0,0.307580928634225
1,1.89738410137035
3,1.64230071423055
0,0.439584461071435
7,1.06312739517622
1,0.39101840450065
0,0.721054782246417
0,0.455312211881331
0,0.482584492001816
0,0.190535769383423
0,0.274952501727895
0,0.259172049514994
2,0.75098298683263
0,0.11610745124293
1,0.512607170436273
0,0.309187270216467
0,0.553483055268353
0,0.113409588714131
0,0.240669940525635
0,0.14457196507511
0,0.241351614845955
0,0.199863814540692
0,0.130164214713079
0,0.13887621679761
0,0.233090620722763
0,0.186716538360983
2,1.4952884899096
3,0.668722398133463
0,0.0780528155397359
0,0.150863011880157
0,0.183612095714226
0,0.081300006289502
0,0.128943747140839
0,0.11206645138169
0,0.196600623251713
0,0.442456476730413
0,0.358364351194492
0,0.319919478982818
4,2.7438283096356
5,2.45035753304186
4,2.87029144869186
0,0.367963134075697
0,0.0894644342438967
3,0.872307207083931
0,0.216002431854724
0,1.21994724687703
1,0.585802630619385
0,0.123548468672504
0,0.358304309906838
0,0.131168637215307
2,0.918692782099472
22,12.8189977961266
0,0.214401412101712
0,0.105321064866918
0,0.086508030046672
0,0.0347050290962415
3,0.481072912556251
2,0.696231702140543
0,0.208573518866953
1,0.545448009780491
2,0.782984208041093
0,0.181423370063981
0,0.122804265011324
0,0.232808284033881
0,0.382388541563874
0,0.02705038392401
7,3.41842829191996
7,4.62526142895858
1,0.474211591830895
0,0.25421290378831
0,0.740345341481412
0,0.565136409240907
5,2.47774044000821
0,0.216909665043665
1,0.232112411825895
0,0.50819359034501
0,0.0964597469739662
1,0.44382093030472
0,0.494416821422239
0,0.287225187069776
0,0.130529728379229
0,0.135761430503687
0,0.208281754539574
0,0.106453395845029
0,0.453778949559373
0,0.412185244880999
0,0.833004721579233
1,0.371372138378228
0,0.217081227161473
5,1.70586365777856
0,0.503375019061396
0,0.540310970440271
0,0.850019277945281
0,0.0630455199979831
0,0.0256544030895972
0,0.00730171769331623
0,0.106540253444085
0,0.0396987156725984
0,0.186029314170486
0,0.0443305764731384
0,0.170343965852221
0,0.18846369798374
1,0.114726142392329
3,0.807201399140877
0,0.57331657004816
0,1.84613491928215
0,0.413263605417505
0,0.0972903863745586
0,0.187526443956695
0,0.431215024756327
0,0.325676556776805
0,0.352452575323758
0,0.156521098010846
0,0.228377147670426
0,0.165010096321852
0,0.359488644781497
0,0.270031054821979
0,0.263683624607249
0,0.204929783728394
0,0.00753850164856976
0,0.0623801155928512
0,0.107990733039183
0,0.0991269102128138
0,0.0641863051906626
0,0.0107036972135335
0,0.213651647198625
0,0.320180813824635
0,0.216538005271533
0,0.258019770026687
0,0.0926750765634099
1,0.341841999134707
0,0.391345020019048
0,0.034374882683769
0,0.138335990483375
0,0.293612926563803
0,0.114995231763529
0,0.113148815136899
0,0.128074056442484
0,0.183400207267167
0,0.309545045734912
2,0.500059734732729
0,0.217999541203826
0,0.426599113609235
0,0.438137321901378
0,0.0704180825505771
0,0.0596888059157754
1,0.325076802918906
0,0.328011325582391
5,4.51426501805568
1,0.633051678427149
15,6.86113320078694
3,2.23844736857911
0,1.05732087598391
0,0.360137288238065
2,3.17265145263361
1,4.60064190705119
0,3.53159881783136
8,3.79402115956313
1,3.36032492837963
1,0.463945059827106
2,2.95520132729654
0,0.516915971350314
0,0.307086142216723
0,0.612836631327288
4,1.37024052036803
1,0.247273006424402
3,0.890016020929783
1,0.12020963491222
3,0.346899427395612
2,0.775001442186974
0,0.934884773784448
6,2.58423084974613
0,0.19316057805327
0,0.124730683669691
0,0.028010901639628
1,0.457844616509894
1,1.28845624681036
0,0.165514844574915
0,0.156017719204904
4,2.51019698392563
5,3.22527543437359
4,4.16759356789245
2,1.6245677990691
2,0.636822854152411
0,0.0183965077676356
0,0.741451795670484
2,1.55118942672089
2,1.22678110126383
2,1.0843900461067
0,1.40183677835035
0,4.5852353719195
0,0.145266332607098
4,1.57334255892574
4,1.19409453618126
6,2.85283033928348
1,1.53271636875449
1,0.762304773817825
0,0.741900030429498
1,1.32650057194476
0,0.513285474480941
0,0.345788908944009
1,0.374619711214086
4,1.54472714306103
0,0.137485906183185
1,0.141327254127756
0,0.831739572201063
0,0.853616525353955
2,1.4271041156711
0,0.280255952559318
0,0.18982121359358
0,0.440101763585051
17,5.87428303620108
0,0.482871902471328
1,3.63239266234216
3,3.02480535425723
0,0.812261712563234
0,0.425039469682613
0,2.80459703302246
3,2.5297939049796
1,1.24607917246848
0,1.54601706966668
1,1.13076376905883
0,0.153148821821637
0,0.117355141423477
0,0.378141516219595
0,0.331364341624516
1,1.63475195003945
3,0.831487038883898
1,1.41370731167354
1,0.892257681647708
2,1.46501297369487
0,0.538261969769902
0,0.376836068041838
0,0.122626673530242
4,2.05161802265993
0,0.163277700668622
3,2.04154313404311
0,0.170466167488295
2,1.62687293164207
0,0.35360056293099
3,2.25143832052931
1,0.89281884355008
0,0.232997240755901
0,0.409922888735628
0,0.210618120425493
6,1.91751389956876
1,3.43220499636652
0,0.918259107786709
0,0.166009280234259
0,0.0560516490212417
0,0.216592470954513
0,0.949166873649339
3,0.517265812212569
2,0.560204280698838
0,0.574015991523581
0,0.320402613003044
0,0.180965025522099
0,0.334224292938894
0,0.0306622619283481
0,0.0554824793256534
0,2.98023201870394
0,2.52220891175308
0,3.3388022916667
0,0.827387761563443
0,0.456166180499163
0,0.0957558844078387
0,0.599277306070046
0,0.49723404620449
0,1.00731257279222
0,0.660497988712844
0,1.16727626028798
0,0.549307429606687
0,0.887222651310424
0,0.437837621677852
0,0.773041215013806
12,4.50263084463897
0,0.490100088068578
0,0.0913114826172424
0,0.158228011198688
0,7.11831624065943
0,0.55952336167281
5,2.40663090150366
6,3.89950452044731
6,4.5380115217217
5,3.21147445962197
0,2.87832541395746
0,0.122292625039382
0,0.897343287042329
0,1.05338755724532
0,0.0760795458412188
1,0.114363464560744
0,0.635072323383762
0,0.658686304260427
1,0.987631245337493
1,0.0439216063061044
0,0.188640192134834
1,1.06924574827372
0,0.106498960058246
0,0.213916065396244
0,0.596455642124721
0,0.305330203538097
0,0.339006223954701
0,0.0454263043036948
0,0.582663947061102
0,0.249557068726713
47,24.0633591328622
24,15.6132162531658
15,10.6985767641503
32,18.0656584572081
2,8.5394627608508
34,15.6961340698587
12,16.9510880614846
2,4.33738684667868
5,2.89228140026388
5,3.79530872282866
4,4.10266781647398
6,3.46177643856704
3,4.91406216686036
5,3.94488369203644
6,4.08595288694266
5,4.18542342888088
0,1.13592473919192
0,1.03659904952659
2,0.970149636606127
0,0.167075293289333
1,0.244439046048455
3,2.39531469026408
2,2.24284535152508
0,0.628891108882735
5,0.721249624857349
0,5.08574578766974
0,0.49414298490995
0,0.333024730892451
0,0.0931099011884909
6,2.37159638539579
1,0.342134956974182
0,0.65322526294066
0,1.02212306645884
0,0.255538063396092
0,2.79254281708094
0,0.0656029398544057
1,2.38217338903001
0,0.128312881025481
0,0.289569290181576
5,4.81041360342756
0,0.401661057978093
5,6.22690436899251
4,7.41494244476783
5,6.37806526201286
2,4.82781762530487
5,7.7408304505264
5,5.21755075121708
0,0.485739941345112
0,0.381960708344018
2,0.743599759974312
2,1.68533191287053
0,0.02999458360457
4,1.87982519396308
0,0.0413129094838336
0,0.1021641491571
1,0.201047888410287
15,7.0679924962383
2,0.692382142267175
0,0.272005524700341
8,3.05147706633204
0,0.18361942719292
1,0.0462618339267902
1,1.81973834588109
2,1.48853719215384
2,2.62498491150782
0,0.320144449517727
13,2.79536900271014
3,3.20363322143338
0,0.915925850012061
0,0.232238883094344
0,0.459569200374595
0,0.0711204764245946
2,0.68824699221602
5,2.88712649800462
0,0.803338762222864
0,0.730972541722782
4,5.38706664527963
8,5.78296143946159
4,9.2233550886265
6,8.13309746176867
10,8.01773726482885
0,0.131640418962061
4,6.80361483257517
0,0.634884969613939
8,10.7496172050711
0,0.209929766046058
8,8.0076393489039
2,5.24196613305344
0,7.08627857671753
20,6.73219464390149
0,6.74065782072151
2,7.91776691047247
8,6.75031905311545
7,8.47294520734442
0,7.2165463007868
0,0.997704988320924
3,8.24946274106908
0,1.13030795128959
0,1.84215829602658
0,6.14026032992632
0,1.31262259518837
15,2.03958444485574
0,1.00459576217135
0,1.48985968295025
0,1.28489113572155
0,0.141266401268327
10,5.16858992686696
0,0.0900220073503945
4,5.56030108353761
0,0.612057303771779
3,1.87197554970469
2,1.01639279533077
0,0.285390951011843
0,0.514193620023561
0,0.0601563668795068
4,1.53301036059435
0,0.433015747333009
0,0.479588571585534
0,0.0216236191111361
0,0.525677295160832
3,0.866838863384778
0,0.149759135257977
0,1.1246312377356
0,0.203336382203182
1,1.93480405252284
2,2.23314462081127
2,0.2714911073116
0,0.686639814357467
0,0.317433168964125
0,0.0271633481861517
7,5.26153016506551
2,3.534532990791
5,5.50659503988757
3,1.617248241359
3,3.36976725271588
6,3.96908951818171
0,0.0832804701352066
0,0.670416446047044
0,0.0299997319465646
0,0.0998482744476558
3,3.37911137247242
1,1.77536456214169
0,1.85861407315857
5,3.12504533094905
1,2.79623842639482
0,0.128555423603463
4,2.29738141295517
0,0.23928531144661
0,0.433380878487996
0,0.0492299592597166
0,0.366206469629142
6,2.35909478081048
2,2.38088224278482
0,0.163190956154278
0,0.201445242004139
0,0.620360692581274
3,2.0639004201748
3,1.93611975050365
0,0.871138669660678
1,1.15500903435059
0,0.902608681812931
2,1.24666241476042
0,0.210066536796926
0,0.723162192211158
0,0.568341420261559
1,2.42461061957865
0,2.56030187648211
1,2.4331362811509
0,2.5424939748959
0,2.20868005744088
0,2.51299990979539
2,0.93182944455045
0,0.845645902957659
0,0.516433996190618
0,0.612192266555028
0,0.0553640202825061
0,0.130655047630184
0,0.0767554823965844
0,0.0836335864753062
0,0.278259442609907
0,0.177163761537457
0,0.163402098476415
0,0.148940072683193
0,0.147846609754785
0,0.172896960744428
0,0.0517842369208054
0,0.0108615880907426
0,0.00473708866345482
0,0.00516927927806497
0,0.0433872851109479
0,0.0436685123451784
1,0.276269707803807
2,1.53201754678319
1,0.916729781977632
0,0.160403550718468
0,0.299508906406207
1,0.807036618581179
0,0.611118659007725
0,0.0941021219756438
0,0.269003790475565
2,1.92114748320897
0,0.365714489081211
0,0.161725421109285
1,0.569217724684347
0,0.348762719190488
0,0.722705224421797
0,0.602642735663639
1,0.105607316525302
0,0.0495238906613019
0,0.321784912604939
0,0.166839014611759
0,0.334006618988532
0,0.326057946804458
0,0.317957075070768
0,0.379407834082954
0,0.0264460263748906
5,3.28985371585454
7,2.27959007410802
0,1.37712040289486
1,1.55620286606984
5,4.63237035474072
3,3.24123193369958
1,1.89491653971894
5,3.43623753174463
0,0.864189304337112
0,1.1228033338551
0,0.823642288200649
5,4.38278090320908
2,2.76368700373112
2,2.39738507487429
1,1.35223580190899
1,1.02463936231185
0,1.58988748071973
0,0.940064225937487
1,1.29732327642064
3,3.16632429378067
0,0.0199011425744841
0,0.0245618779061582
0,0.132724353321457
0,0.297365766143464
0,0.0792759219341941
0,0.138471378083391
0,0.211424917414237
1,0.056052010181654
0,0.252674581808864
0,0.411616133955097
0,0.137170574731944
0,0.011446828131198
0,0.159871070698062
0,0.003399549377103
0,0.00661976699212726
0,0.0104393509889623
0,0.0292816166235865
0,0.0329131849993834
0,0.126103805753419
0,0.0309944703083062
5,3.37673487575435
0,0.00459476606924565
0,0.698966957326084
0,0.721537179726545
6,1.23334926804476
0,0.096891966780563
0,0.119775145740508
0,0.0147671579957164
0,0.617007122998844
0,0.779469311180582
0,0.0751572402615062
0,0.174865705013183
0,0.10976561142643
0,0.0258009866330052
0,0.219496091998123
0,0.776197283955991
0,0.147197041940174
0,0.120150176479307
0,0.246930851547313
0,0.0144214983699502
0,0.152215408073536
0,0.0170457491303441
0,0.0356435824076061
0,0.942842280793656
0,0.981773393893244
3,1.45759094200912
0,0.822958162452262
3,2.20494901577801
0,0.746830537678877
0,1.15765654689287
0,1.23090017661677
0,0.974915804191599
0,0.967737244881288
3,1.18601690348302
0,0.0447625941139021
0,0.0328037808922162
0,1.3171509309318
0,0.0165232381486526
0,0.036460594347296
0,0.0699166476108025
0,1.50143179346766
0,1.10391321420205
5,0.863151265408624
0,0.0684766901779246
0,0.0863219508445654
3,1.59606985441318
0,0.775525311133101
0,1.64666052915105
0,0.132631378110185
0,0.631389931384345
5,3.1167620945716
1,2.01727029278512
0,2.77933506618925
7,2.56591064084993
6,2.55893317121805
1,1.77593778427277
0,0.234586339006895
0,0.18683293226615
0,3.00419945968381
0,0.147654911579414
0,0.171257598085301
1,3.51885597675648
3,2.23341334522342
3,3.21149607458145
4,1.05444530182938
2,2.69138464837725
1,2.59111742766599
8,2.5174955870487
1,3.16806282265688
2,2.65770135838903
3,2.96227034830919
0,2.99134062904906
6,3.57355226959905
0,1.2068438354375
4,3.08858083925841
0,0.199637246229013
0,1.08644569279837
1,3.7108065744288
3,4.66763848499211
0,0.118206172614747
0,1.18830898328673
0,0.15945014442835
4,5.11863955714944
0,0.271741791830678
0,1.05945648328285
1,3.19661051036906
13,2.06465497225921
0,0.207314668091886
0,0.0677495541549088
0,0.15125599999269
0,0.112836079999234
0,0.530401017130286
0,2.18933787610357
0,0.126949683315078
0,0.94379148519493
22,5.60976823214795
0,1.75863890947659
0,1.95332952016884
5,3.55241111442675
4,3.42069535610883
5,3.32793845091184
0,1.02477339489581
8,2.48509942016089
0,1.15832022802452
0,0.163484571503039
2,2.56879121390008
0,0.0959673008898791
0,0.667010828392647
0,0.59379028089257
0,0.592725964735528
0,0.534435390883227
0,0.41879023987728
0,0.423253862756298
0,0.0952520189341423
1,1.18355496294679
0,0.667785197912653
0,1.25203939251697
0,0.492090052203963
0,0.612659374419954
0,0.216535637950068
0,0.365922066428388
0,0.506733677587184
0,0.490107015591824
0,0.1337677425636
0,0.185889545540077
0,0.180606777778193
0,0.0696317454656483
0,0.537976112970834
1,0.408218690957267
0,0.037725295192669
1,0.472095762700483
0,0.181002261664548
0,0.311081301556062
0,0.0626370099393698
0,0.0346728232189103
5,2.15220024934324
2,1.16957933652775
0,0.139032635210253
1,2.40013908715894
0,0.163624561457819
0,0.240013386493137
0,0.262348080133821
0,0.088554402224329
0,0.0510952548844856
0,0.521370870855547
0,0.524359380162161
0,0.535767060412496
0,0.577485052110311
2,0.500033034831807
0,0.113799404599276
0,0.0347911091394432
1,0.723729434675444
0,0.785732003424986
2,0.456056834645434
0,0.027579214868676
0,0.0788635168922078
0,0.066208001080398
0,0.249134643442199
0,0.0704499598559705
0,0.683413813203538
0,0.786314071775031
4,0.790602577747274
1,1.01683499343114
0,0.00815404005462625
0,0.0107475512193811
0,0.0443195152385218
3,1.38955439970325
0,0.0346116222156384
0,0.0108499175604785
0,0.0161093878009233
0,0.193858206946192
0,0.547309109694234
0,1.0543533515107
0,0.287158220168293
0,0.0168287348027603
0,0.229509921110649
0,0.36674047078012
0,0.444936705867169
0,0.0183173750412221
0,0.250672496809648
0,0.118455822214461
6,1.35910664485751
0,2.46127850851844
6,5.09140200526379
0,3.46604882286548
0,3.00239822594259
1,3.79545987334163
2,4.94246206266379
0,2.2958879140899
0,3.29571277075
0,4.09820850918584
2,1.83608329792978
0,2.69914312970584
0,2.87354540968399
0,3.78962950762942
0,3.2271516432422
0,4.6222115513005
2,4.61049036642094
12,2.53139416503902
4,2.35374971182983
0,3.11895853832
0,4.43829681877202
0,0.241458351657198
6,5.45983297745728
5,3.04536558709711
13,3.19095556295238
6,4.25589508976452
0,0.175562147876604
0,0.0808509693503874
0,0.697585570946146
0,2.61895877107466
0,0.501064183411232
0,0.447964184640061
0,0.174476789513282
0,0.240836029197309
0,0.381416756430924
3,3.7492562087742
0,1.24548358348211
1,2.69156779228309
0,1.22768601585622
0,0.213077716298932
0,0.133668340666478
0,0.253709941387953
45,3.71632469168913
19,4.78583093137621
0,1.3165771142127
0,4.87070462701568
0,0.43590820308127
0,2.17853107703718
0,0.125742360708953
0,0.142260863996559
0,0.087314577364757
1,3.58213309069957
7,2.96946696372861
0,1.85574554523143
0,1.1105634582451
1,6.69138622786581
4,3.47705445289468
15,2.27339412507106
0,3.12114131866735
11,3.00394112569207
1,0.779042003175515
7,0.58758811140195
0,0.881360980617623
0,2.3606009383549
0,4.29213335608848
0,0.6161040019115
0,2.28672874141957
0,0.355598703566829
0,0.117631623498288
0,0.199727652685961
0,0.0390942587385808
0,0.44082558536717
0,0.867751351204636
0,0.00565944420522823
0,0.0154498061293009
1,1.20862161832484
0,1.55546762220161
0,1.0470307770169
0,0.833401566016377
0,0.376741398336337
0,1.82942531194766
0,0.957949273358489
0,0.478957861496769
0,0.605430170346364
0,1.69662774890514
0,0.630947638594618
0,1.42488164971736
1,2.25375962674107
0,3.5371278940629
4,3.57067344808265
2,0.923679635338185
0,0.0316509294733144
0,1.81110291646827
0,1.42019688441028
2,1.63126675729367
0,1.25495520363766
0,1.06905489490068
0,1.37302225048591
0,1.71621935893381
0,1.46442500938105
0,0.98323510016668
0,1.2716375016856
0,0.69935339004721
2,1.28234929838994
0,2.00860189330819
0,0.816064102099627
0,0.564176182409077
0,1.37804576671141
0,0.145939193360106
0,0.973858120781242
0,0.725649784910053
0,0.0160722114810205
4,0.929832716538439
9,1.00658540711904
0,0.579726788041754
0,0.357022663775721
0,1.40773326793902
0,0.177046061459852
0,0.451931863786915
0,1.76359585923013
0,0.251125364521135
0,0.485404526465541
0,0.960161907130099
0,0.168595809626879
0,0.445995931311506
0,0.361679186399352
0,0.488091843624598
0,1.44564446735292
4,0.735464151744594
0,0.47224795638255
0,0.0594136515808237
0,0.847926432341105
0,0.0783906550293797
0,0.668294848083355
0,0.00361456263468187
0,0.0452814389163657
0,0.118161556042172
2,0.654901175996306
0,0.0993425461998147
0,0.146588531997352
0,0.373517662498064
0,3.16492924934176
18,2.23761384196037
0,2.52552209456941
0,3.16001393358313
0,3.08328330500338
0,3.85321384782659
0,2.76911805054808
7,6.04169399396485
8,2.73949511562959
0,0.509316090209713
0,0.0605675933374311
1,4.39786206255205
5,2.13060829221339
5,5.85787222207578
1,3.0537483615421
0,3.08757456389826
0,0.589234540697022
0,2.41318442722773
9,0.560296487994818
0,0.214604169973914
0,0.160340576552006
0,2.27859693422118
3,5.11299918130519
0,4.24841142526202
0,2.22411630099795
0,0.228492068608016
0,0.0854845291233245
0,0.175161116483701
0,0.132911901581222
0,0.113843631154381
0,0.123347492904188
2,2.01762743200108
1,4.89268077916917
0,0.568898319901584
0,2.00215164561588
0,1.68819064049379
0,0.804507924095959
0,1.11735084277433
0,1.00435468694275
0,0.507979916139548
8,0.722074743688308
0,0.526618213433849
0,2.63619814188972
0,2.33008600616462
8,3.37603685360454
3,2.49726821486776
3,2.7697313105775
0,0.0604770042470865
0,0.0683000692189184
0,0.227415674838924
0,0.359601359991917
0,0.0614889089258745
0,0.204637625442838
0,1.14351544138346
0,0.104466117620885
6,2.14965880633734
0,0.0447150744942361
0,0.202096652799611
0,0.168497970796982
0,0.277468527601026
0,1.70708205314556
0,1.20488129638319
4,0.490515406536297
0,0.505575960729644
0,0.0317463800114463
0,0.0137474274815999
0,0.360250958748108
0,0.0285804897346508
0,0.11705524664524
0,0.0110141160154428
0,0.228202773304797
0,0.212709323664682
0,0.0763290641922284
0,0.301554910259167
0,0.0811774146504408
0,0.227916194754988
0,0.180989817421776
0,0.276216144706346
0,0.0362873720560106
0,0.00276686574285287
0,0.0166788525866627
0,0.0233546557716755
0,0.637802576266027
0,0.673271355250324
0,0.0129652516418335
0,0.0513643687543074
0,0.23604399809597
1,0.448087601784716
0,0.339104867050809
0,0.00438207719544907
0,0.00727353833155463
0,1.0032748217746
3,0.637413404005512
4,1.52322551456957
0,1.11906907886281
0,0.0822886093613296
0,1.01472057567852
0,1.17827196064751
0,0.794406588268973
0,0.0247679002284094
0,0.11369627621395
0,0.0596526238807514
0,0.128953987528546
1,0.302111796501993
0,0.163694376446053
0,0.160393141725069
0,0.218678811882175
0,0.00684418347325714
0,0.0052691641129555
0,0.240894108204525
2,2.00170386524559
0,1.66110389397133
2,2.28155702251545
0,0.935916935855395
3,2.47607262816314
0,2.77176689728648
0,2.03652605796393
5,3.31071459465537
1,2.64200293235543
3,2.17779263460924
0,0.080103228371439
1,1.7105460163508
0,0.0686848655359357
5,2.28642943454451
2,2.4365267625479
2,2.42263542664101
0,0.0421812888475236
0,0.109935748706268
0,2.72782302116673
0,0.0135051090563248
2,2.8881193233379
0,0.118013213274989
0,1.73211383847431
5,3.12445581429722
2,2.66365140024291
4,2.86686790321985
0,0.0118930468355079
0,0.0755835787888442
0,0.0230313412413241
0,0.0472739913197147
0,0.0810399270468517
5,0.0632785322342021
0,0.0868970023265984
0,0.765413759967735
0,2.86227988654768
0,0.197804379657683
0,0.047562559501184
2,2.21268329720165
10,2.70690526861349
0,0.209087080250366
4,3.90624898365229
0,0.114136856723786
0,0.0917538830591786
0,0.148349142496703
0,0.0900999578186847
2,1.82629244311139
0,2.51924600565722
5,3.41621086232267
0,0.172998890965476
0,1.0493809341594
4,3.08434629799479
2,0.0696482461305398
0,0.380688011960011
0,0.0416204342033905
0,0.363086315356238
2,2.96610673007052
0,0.0857686939500934
0,0.0842916921077881
0,0.0855846072257713
0,0.527112906942327
3,0.994235351150325
0,0.364931061984085
0,0.0185856283931258
0,0.327536467450662
0,0.446530750626816
0,2.00597658148444
5,0.883487439871714
0,2.5300877728528
0,0.590283376910976
0,0.706068649118139
0,0.209882979188477
0,0.0962083560285395
0,0.099996882268549
0,0.109792046089348
0,0.0297860317940326
0,0.0826104426077283
3,2.31450044243851
0,0.0567300674080461
0,1.56130029297247
0,0.0316027942543796
0,0.778197920435856
0,0.0774441687872422
2,0.519960829236772
0,0.204458908412798
0,0.340003993158805
0,0.0672528432782445
0,0.293001212908772
0,0.0156187944594388
0,0.043125091983591
0,0.0182903274235891
0,0.00202484527979479
0,0.158690054644324
4,2.05839913337161
0,0.0439030065568411
0,0.925858229166513
0,1.05794771307659
0,0.815205862473133
1,0.996525625948741
2,0.671649164695234
0,0.121591548704677
0,1.2956727896779
0,0.0120207573473636
0,0.0360695945601588
0,0.043377146759164
0,0.0361259773909161
0,0.186963896303294
2,1.46018612562537
0,1.30846368769713
2,1.34217724747638
0,0.0152262535232465
0,0.0184754375822843
0,0.102871042401331
2,1.78772575380039
0,1.5171056908079
0,1.29718778032701
0,1.69049278541916
0,0.101838461653105
2,1.46179405908186
0,0.0360896711088162
0,0.0569612427181621
0,0.129979695851307
0,1.58056809479192
0,0.0651188774655822
1,1.28902582605753
0,1.24719486354625
0,0.124884564910899
0,0.0124677345900085
2,1.2618673789
0,0.596176313752939
2,1.47861618397952
0,1.19685545608131
8,1.30532892525812
0,0.0998041143727259
0,0.0584593699033411
0,0.0372124082604773
0,1.27317360793247
0,0.822626073866216
0,0.386458743581828
0,0.2708785065987
1,2.04201228756204
0,0.487218767853984
0,0.212002773970115
0,0.253516123734181
0,0.325691393551771
0,0.156639009263407
0,0.969820724544546
0,0.43824839789759
0,0.0104046731494321
0,0.870628045468533
1,0.769790060908374
0,0.576385872523475
0,0.222143611732278
0,0.0563689712996784
0,0.890796996599171
0,0.0311327519563339
5,1.10123402990797
0,0.0140166560382204
0,0.0376301735731069
0,0.0166294928749844
0,0.116376293332103
0,0.12168400712166
0,0.344308662088335
2,0.433623462360838
0,0.130432726988466
0,0.581554092977092
0,0.702978100360347
0,0.00840472552148023
0,0.253310204419461
0,0.0236389289679542
0,0.0140951330817408
0,0.0337427070153882
2,0.495598094896708
0,0.00771312358150248
0,0.0708370283686982
0,0.282717492870046
0,0.0288485669449557
1,0.509429759218964
0,0.788504082953759
0,0.730595044938221
2,0.598072660919676
0,0.0196399741907283
0,0.0117490827855378
0,0.0285624144029101
0,0.175403040422654
0,0.760224886867616
0,0.494140478425371
0,0.113307001881765
0,0.0234055184592865
0,0.746750440633546
0,0.0283439668438651
0,0.21176683429466
0,0.0119869749868431
0,0.0363605769442643
0,0.538754571064172
2,0.490622290458193
0,0.781548712466137
0,0.57404586368824
0,0.0827404485062028
0,0.51963947734141
0,0.082631649769435
1,0.423556752993827
0,0.575183125209046
0,0.0294023970111028
0,0.0211278090704736
0,0.0512216321936189
0,0.0215060680562357
0,0.0201260151437224
2,0.828780382402237
0,0.041465508627092
0,0.0279148022775252
1,0.571057884610641
0,0.5091704265647
0,0.0435195167609061
0,0.0110174795950501
0,0.437548486924439
0,0.125602702287438
0,0.0254648920762861
0,0.311116821404797
0,0.378580700117657
0,0.217700170021899
0,0.00436457361877514
0,0.0212922097642194
1,0.0617970881384028
0,0.0457830453773189
0,0.00522632627763364
0,0.00315010976633151
0,2.85530016995813
3,4.00356334435311
3,2.38339124468914
10,4.94570234889714
0,0.0571638936317297
2,0.889485850363819
12,3.67164964555847
0,1.13536200215018
14,7.98788438317977
0,0.385789366193739
3,6.03750694277369
16,7.77499760081294
4,6.88974035106755
0,0.216347637831052
0,0.523239143204147
0,0.328278481902115
0,0.560315895455739
0,0.0405157536874767
0,0.0473349111397251
0,1.62052377444463
0,0.140683121756158
0,0.365606051373041
0,0.146939657296671
0,0.867714497153094
0,0.269094736727106
0,0.402703000657838
0,0.0430383289427611
0,0.00460517437571141
0,0.00778247574848848
0,0.182169641489933
2,0.787753116193488
7,0.751338288011441
0,0.0337915595980265
0,0.70795421832047
0,0.796946421866431
0,0.630329778388587
0,0.950545543600268
0,0.714547938158292
0,0.844260272792314
0,0.0406169708934423
0,0.42733696532167
0,0.0215599935293365
0,0.0237801386864387
0,0.6865643833557
0,0.0200874142622444
1,0.884258129341753
0,0.0296243932115665
0,0.0183871497960668
4,0.934076146738866
0,1.06991756918021
0,0.0376932226124799
0,0.143565840738644
0,0.178543555110396
0,0.0111458221738006
0,0.00892951238618623
0,0.0050784665850815
0,0.0183116972094004
0,0.108739211476782
2,0.839525289062999
0,0.698796534594383
0,0.158488647181075
0,0.831514516587475
0,0.0742635846021656
0,0.216563898833711
0,0.754928134972813
0,0.0435669065660867
0,0.0168924917673556
0,0.708267293085677
0,0.0367670582858239
0,1.05876922676604
0,0.0249731017229813
0,0.0565566990632166
0,0.0804896547132622
0,0.213654925635565
0,0.669196309374326
0,0.0546910046494894
0,0.0709760102469217
0,0.103788886223529
0,0.103301659951686
0,0.188761806937052
0,0.00954711583447485
0,0.0855780782907103
0,0.158031583380955
0,0.118606533517214
0,1.11325275787379
0,0.0668847622481779
0,0.0129004654926285
0,0.345580779638459
0,2.25660685257797
4,1.60769210093045
4,1.71050728125197
4,2.26618166222837
0,0.157507541205952
0,0.574517995370854
0,0.644263473983232
0,0.175494858509484
0,2.53287384294915
1,2.61129113544446
0,0.79711318910514
0,0.307626814485878
6,1.32529597147346
0,0.374256749820904
0,1.15657129382722
0,0.576396048211335
0,0.0535980890571012
0,0.456945734101365
2,1.6931461980353
0,0.18079188153062
2,0.805958560049616
0,0.246329455005314
8,4.15572869597931
11,3.08543287172772
1,2.8099991372309
9,2.03788472103016
0,2.89720226343434
0,4.17617256251531
8,2.66625539260649
0,3.46005382409645
6,1.09740754315601
4,2.23651847622546
1,1.5842392718486
0,2.17663773548851
0,0.955896605689464
0,0.38198713668465
0,3.10678034056046
0,3.3861303460211
0,2.10187150092888
2,2.48163953251895
0,2.40706243623668
0,0.141694194681997
0,0.162932986203504
0,2.94788516452584
0,0.0382168077519522
0,0.0453854380936693
0,0.09404645032433
0,0.022545989853828
0,0.223551972166197
0,0.015441107312545
0,2.11983198842866
0,0.105670639082179
0,0.10339565880758
0,0.0963825862219696
0,0.215864269212409
3,3.14720240332459
0,4.38243259069274
2,3.04389155374503
8,3.85584035936761
0,0.535962578028917
0,1.19642702081368
0,0.649807023697405
4,0.217451324928192
0,0.262569518229702
0,0.13203351614777
0,0.273568586229449
0,0.0972081427637084
0,0.128102188914087
0,0.210917088725898
0,0.212887426517348
0,0.517488308665586
0,0.500891283364163
0,0.488149354410539
0,0.572724495914131
0,1.67183128091891
0,0.463337767987271
0,0.30453689873757
0,0.847075548535821
0,0.303797234851671
0,0.717711839644407
0,0.934992687554586
0,0.981320286494967
2,0.725894591138804
0,1.43334712785473
0,0.0901292856933415
0,0.0051357361309338
0,0.875000332056975
0,0.137841374307537
0,0.978346802769551
0,0.0269624897027769
0,0.0289826991863961
2,1.42432413301821
0,0.0140516420169174
0,0.410452783428532
0,0.048326867152208
0,1.33906863992504
0,1.2538948995642
0,0.814054766537414
0,0.854439411405079
0,1.03785852615855
0,0.0629284962720078
0,0.178331021955018
0,0.472940439022071
0,1.0551678917683
13,0.502266231234294
0,3.62781041245097
0,3.61378494808028
0,5.23059928125702
0,3.40258354679185
9,2.75095303387586
21,2.90253606492957
10,4.03716726416568
0,0.839774737512907
0,0.456701995070744
6,3.36072831206278
0,0.200945442444804
12,1.69529734455976
0,4.55941945060006
0,5.29944601738056
7,4.6957860421696
5,3.14805580022052
18,3.27651855451586
0,0.430856731207206
8,4.79457186200865
0,0.256556163792926
0,0.217512307325761
0,0.537643157008121
0,0.426690035188194
0,6.51799109963623
2,4.71209157649716
0,0.144859195266596
0,0.191051336479595
0,0.156945199064783
0,1.1265085869282
0,0.833042013446084
0,0.431852557756805
0,1.18370067411633
0,0.123300171989099
0,0.0765482938205606
0,0.589758387336737
0,0.849350652621485
0,2.46193472665901
0,0.100611150213647
0,0.918883173299908
0,0.211809431787378
4,1.33056479041006
8,1.49215654794533
0,0.0882598543840314
0,0.466667439455754
0,1.19085690907797
0,1.60944223134587
0,0.894119742005186
0,0.95029370671598
0,0.231346209284478
0,0.0678315848704772
1,1.12485066473224
0,0.802036352299477
1,1.08550917754088
0,0.635832584283505
0,1.56122289990005
0,0.0461374988085603
0,0.0744413329508911
3,1.37198898033115
0,0.0235454822542496
4,0.945872095896075
0,0.0247410536279182
0,0.0514900237509074
0,0.047344738962468
3,1.64412341819564
0,0.407125358497324
0,0.597308227298757
0,0.384941462976509
0,0.163900147770426
0,0.786181355351482
0,0.246905176485348
0,0.0956962122549547
0,0.463178178781844
0,0.211377684939181
0,0.102040800226928
0,0.039303326557851
0,0.235188881142506
3,0.999424597591302
0,0.133829146527197
0,0.165529368547256
0,0.700963037355612
0,0.0677649176084502
0,0.0532341657843172
0,0.129576067889224
0,0.0457719094965897
0,0.770180066457541
0,0.578094819409431
0,1.06591160364464
0,0.104342839431462
2,0.551395352589065
0,0.186855827727271
0,0.108726008560861
0,0.152186293812844
0,0.692086273415682
0,0.217020558168052
1,0.637156407990161
4,0.716519177950024
0,0.72066912799685
0,0.0526497564126884
0,0.321762501428907
0,0.0755029341018511
0,0.0407880156016975
0,0.0262005285773227
0,2.61140683997181
3,3.57572002170668
2,3.11022646462299
3,4.04607860544724
0,0.420777308087306
0,1.82452355544706
0,0.120219105931134
8,2.63947691038042
1,1.90492729529242
8,1.40527610191825
0,1.32644037159729
0,0.696237252877286
0,0.0619169856577338
0,0.283802461897681
0,0.385002053299379
0,0.022990135331503
15,6.51546044922977
0,0.220543588402931
14,6.83533647590037
7,4.47468962025677
0,6.82658805991422
8,5.91905918165543
6,7.13793216458423
12,3.62217436761203
5,5.62070322667094
0,0.140523755039557
0,0.0541958770764445
4,7.28227445929161
0,0.0654282011781507
0,0.0683743560660929
0,2.47816178301222
9,4.19784219326406
0,0.0397737996833643
0,0.208992295863044
0,0.511529764632899
0,0.13842051669071
0,0.099697197541588
0,2.08149061959502
5,3.92366885877619
2,2.83875234269297
0,1.56630316224086
0,0.908346105050067
0,0.00178938994244785
0,0.184571502362949
0,0.167543519656599
0,0.0203944074809549
0,0.207366700767038
2,0.355528148508272
0,0.267296513362956
0,0.258733690943991
0,0.00813053836523807
0,0.260521071065825
0,0.00974703511415345
0,0.00687994197243448
0,0.00980957029182059
0,0.378961304451384
0,0.0282612187663839
0,0.0246712635584237
0,0.133493870207676
0,0.0553454193331553
0,0.0256323772104968
2,0.489699627970487
0,0.736508275709491
1,1.5454045393818
0,0.0611259543174207
0,0.031722911409855
0,0.0059662944224305
0,0.037960674390044
1,0.461314394893084
0,0.382804911998969
0,0.00600793179048935
0,0.0679771676146709
0,0.0346165782760958
0,0.347707807399744
0,0.0020413291766174
0,0.0513507044778138
0,0.551956182587926
0,0.0382796584235509
2,3.5102948128575
5,3.42143572336786
5,4.29533311432995
34,5.6230791429004
0,3.70458611056864
0,1.66271692331308
0,0.0889402024990081
0,0.0402716091671651
0,2.85613102468773
0,0.0925292032711995
0,2.00418170386062
6,2.93056734179732
0,0.0220961147784505
0,0.163024313027872
0,0.21578803087943
0,0.242044062351734
0,0.0107389871203247
0,0.831408206243094
0,0.126471109938596
6,4.70714003140055
0,0.247477013338054
0,0.028940529370813
0,1.08724776622259
0,0.0801688074574815
0,7.02581187936506
0,0.490384735936982
0,0.0247201114123048
0,0.332489712192947
0,0.385293612263279
1,0.489047711530533
0,0.19840876785309
0,0.0547879265287132
0,0.70203652698668
0,0.08539306010574
0,0.0766161640300209
3,0.20470993567415
0,1.18220079407742
0,0.827105700256494
0,0.0482350378967088
0,0.0767504549392099
0,0.398113220096248
0,0.460213699961254
0,0.205039824897131
0,0.360649065531988
1,0.426132923800995
0,0.289593654597741
9,6.35700320829699
4,7.1018632580443
3,5.2105866083617
0,0.401996610296052
0,0.237236523903975
1,0.860802244528595
0,0.0243309548587317
0,0.0830878042344117
0,0.0207901701849401
0,0.0469360095834977
0,0.0225402189611352
0,0.0266353732361079
0,0.00611208484184781
0,0.00474670433944979
0,0.00923093061342939
0,0.0218078541741146
0,0.0179016409273464
0,0.014786909114246
0,0.0077150520490037
0,0.0233111695506188
0,0.00953138349461768
0,0.0110771512596574
0,0.0420746315652497
0,0.0911083974064423
0,0.0275934171873492
0,0.0433747076112959
0,0.00947292997216135
0,0.035679456158887
0,0.0155941033604157
0,0.00923093061342939
0,0.00763694027412599
14,6.78426519179453
0,0.870336153624536
6,10.4833238306431
3,7.15640349462026
4,7.54660320277922
9,8.57218692707402
10,12.1109832686587
0,0.402493012602606
3,3.74689731073813
3,2.75637325240362
1,0.322131819214763
3,1.39027069026785
1,5.36793740385253
2,3.4416835345966
11,5.04468494470461
5,5.64656334176954
2,6.16839249608636
0,3.30745629247608
8,5.41414984930982
1,1.25320500264221
0,0.422397321927032
6,7.30985946104466
0,2.17093239068393
5,2.6117318197381
2,1.15615293932019
2,4.61829681287359
32,36.7042917319916
0,2.0446076632068
7,4.88020785704856
10,7.32267868427588
1,0.865270986139884
0,0.326960356970832
0,3.16300114923279
0,0.683246791501201
0,1.63425087650516
5,1.24523436565269
4,1.8941774054942
1,0.993438273254806
4,2.35840964299279
0,0.774343069038341
1,0.894044519941402
17,13.78096871852
16,13.1047211822954
12,4.29000604366423
6,4.15317072294396
4,4.24839618974181
3,3.36649549690599
7,3.01742555294278
0,0.224741620536207
0,0.965442555687742
0,0.156269973226231
1,4.84442551105138
4,4.33813282407706
3,3.75083318535525
8,4.04130452481693
3,5.07364384809538
1,0.118312416926262
11,6.32901687095107
5,3.08661197966244
0,0.393385403850717
2,2.41060005090914
7,4.04095269200088
7,6.06182585496882
4,1.38235121563363
0,2.10052481822753
0,0.703703121096661
3,6.88946179485277
0,0.439737845169056
2,1.16473504705843
0,0.972898524728556
5,4.17999604413329
0,1.4625984395082
4,5.99725360262987
0,0.462426629759222
34,17.7343378587144
13,3.67296633857397
2,2.74402099581077
17,9.65281386411288
4,3.75756655075933
5,7.87509900933529
3,5.07398454484494
0,0.403109807774893
2,3.64306034251139
16,10.4020063001424
5,6.10699367083641
13,11.8996441001839
20,12.3486516606394
15,14.3360117689777
0,0.825617363265478
0,3.71789485051476
0,3.17900492833114
9,4.91162397630967
5,3.52393753643933
2,3.07726308384729
11,4.5190757864413
2,2.86490778750338
0,5.34076488712573
2,2.05224056111116
5,5.71094081620438
0,1.08777818415706
1,0.44419963096475
0,1.69361947941017
0,2.09510137634937
5,2.5507141333037
0,1.18780998726575
9,6.94834010005124
5,7.48517060429057
16,6.49692600593137
6,6.38386368691891
8,6.8759537525443
7,6.10901186431983
0,0.938053695039007
4,6.6236878534849
4,5.17492595301913
6,0.368015737508436
1,8.53003197277743
0,9.64451136101693
7,12.3284729009932
6,9.56488063661227
12,14.3870300688215
31,12.1367059671513
7,9.58651295820167
15,11.2278173334379
0,10.4907731105359
9,5.0089586899285
3,4.27537320102903
44,5.67724934919492
0,0.713274896538296
3,16.0697671027996
6,7.30389986533632
12,10.0467754476217
16,10.8780399432876
6,7.9379835982991
13,9.86846337366229
6,8.03682691878354
0,7.57560425393392
15,6.86128323995061
2,9.54902036448279
4,9.52813918254691
0,10.1012974639251
18,8.00663608413898
0,6.46741017234596
7,9.07902796380989
0,0.241135871695388
7,8.11064706636359
0,1.67199355262835
7,5.97762455361843
0,2.86441847516783
4,1.30617483859081
7,5.98713217989496
15,9.70553821425304
12,7.60906939381107
19,7.40771342615693
1,5.24827898601779
17,9.49734546112885
8,7.58638477646399
5,3.62549931426013
5,3.8325546702813
7,7.69790452613966
0,6.77866717919727
12,10.164397314192
0,1.40452951050239
3,7.02505116676149
0,1.08570321879079
9,9.72364357361201
0,1.70020819596553
2,1.77177108969529
0,1.11069375870843
12,10.1899785245419
9,4.99289584620181
0,0.446548206139886
0,4.66858929637598
0,5.32532634426018
12,7.21382670515946
6,8.39226261234235
9,4.81148356591324
2,9.43441500784974
3,5.96729317072352
0,4.10929435232514
18,11.4628628415914
0,10.2560787865252
8,6.82138388112651
2,13.8764640454419
0,3.71762197869804
29,10.3080752239112
6,6.33430703531275
0,0.65479766398986
8,6.48459461573654
3,6.55068248921786
0,0.947716648885964
0,5.86198717108278
0,0.209628835312132
3,1.88930638675052
0,0.475855074168248
1,1.86268543321592
0,5.68536396951612
4,1.88834195515155
0,1.98980771595978
6,5.54815531808752
2,0.678018156379475
0,0.660716424847989
0,0.052658591139488
14,6.7311657969938
2,6.73331807789474
16,8.20767278233128
6,8.80013735614204
1,11.34053541535
18,12.5978132827179
4,9.07859858211753
0,0.134952411029135
0,9.72152534150422
0,0.813750064606271
0,0.0940164941492356
0,2.09657862485413
6,4.10267049758722
0,0.927105644512504
0,0.56028892618749
0,3.91057097147333
0,3.74506435584306
10,5.27337004241104
0,0.691772109566231
0,0.931132046209534
9,4.92967769438049
2,0.523973327733803
5,3.67249282944025
4,6.16907269094231
1,4.84651827086459
3,3.48690713605003
4,3.97018391044345
7,4.59369497518008
2,5.15090184677601
6,6.42632274240715
2,4.98006011830679
5,6.65022514713595
12,8.3484342115551
9,7.93635275117079
6,13.774592415005
8,8.93492083499198
10,19.0641171640809
7,10.8589210107774
11,7.98536243699378
0,1.95853851053976
13,9.06343349874456
18,10.357262196518
25,18.4248557709293
8,9.00930713025664
1,11.268717965315
1,2.34841585990698
0,1.76958999755587
14,14.33693388903
7,10.2426787681687
3,8.09856011890244
14,20.8636802042173
10,11.9106542600617
24,35.6789615118481
0,22.7628620041931
0,0.251049399056357
18,10.8503234032529
23,22.9483063266378
5,4.93076514631573
18,17.0070226250943
0,2.57030883183882
0,0.134300422589402
6,7.674309013562
6,3.7828722509022
5,1.84138542366046
8,8.3819954899227
7,8.2062411162555
0,0.66354977655336
3,2.54698986890091
5,3.5361520007568
7,5.39611504163177
0,1.06938732957772
1,0.953870713238204
3,2.13862509815931
3,2.05213035054871
0,0.0968278797327386
2,1.87510385160674
19,23.6809726176992
25,33.6457249100734
14,23.3814585460394
24,41.7645268422483
21,18.5401894562304
17,16.6906386305147
16,19.6070568685053
25,18.6816145416811
18,20.4373849616764
37,35.9365507567312
15,16.7673335146686
23,18.3889052979257
0,6.30215648317822
30,24.1901039182609
29,37.6168317763479
37,31.87790575773
28,28.5813172972786
0,0.746849175874692
1,1.83885703426678
25,21.3645969983645
32,24.7562247125932
18,17.8657648075926
10,4.65971294366827
13,21.3008760267155
21,2.87706292208776
36,10.4293736641709
5,7.06286949885186
0,2.39638881214068
0,1.08201406712119
0,0.172408730981089
12,8.68607682293994
0,7.05613695196227
15,7.10938103986659
0,6.98844515037134
9,7.74360187727917
16,9.20477260860083
0,2.10464862034484
1,0.151216918172122
11,7.17040426291296
3,1.20727247159985
5,3.7416425131663
0,0.101907486625631
26,13.1402158152679
3,3.59850113249964
1,1.36843347810862
9,11.4291086948532
9,8.64510449576724
11,11.6696758680208
14,14.2447866516467
14,10.0752853407255
12,14.4755471940989
13,14.7036162521033
9,11.2976580508524
7,12.9880896839293
8,10.1216759819975
0,0.567747518216551
10,6.2839979482693
14,7.25002337525998
8,6.08160076812264
13,8.76524796830445
14,7.28753164573821
0,1.05997274488141
12,10.7060958429419
6,7.03328789501685
11,5.62358287349133
0,1.23158342729127
6,4.48042746546894
13,5.41745733078458
1,0.752644430605688
0,0.827203897338689
16,9.73497235706169
0,1.37700570119898
5,2.06924763316607
3,3.70208488757163
0,1.47911163018425
0,1.61542373072539
0,1.21036746600295
2,2.16291373703461
0,1.28829257577798
23,13.0924196092019
8,5.13050397539695
2,1.80666546426191
2,5.53523068034828
20,16.3427166370435
0,0.3221844899578
2,1.41901505445319
14,8.67476687801161
0,0.933574808206227
0,1.26042486589384
0,0.750072357489373
0,0.114210067727286
0,0.781165514647481
1,0.855351862348729
0,0.00886647528229475
6,7.12942253647907
0,0.675363566235091
6,3.99115782953217
1,2.01606353457393
0,0.122665247508767
5,1.92115594455172
11,5.57501191708495
3,5.23564588688888
3,7.83077146619431
7,4.24223907612629
1,4.20402064177904
7,4.38359116638051
9,3.95964241513812
13,7.22604277071359
0,1.67647923872921
18,7.91860194209251
13,9.98498987794438
1,8.63741968867492
36,16.4139791652311
42,20.5325861517086
1,1.32484804915066
0,8.98975987814025
0,8.95653920690844
7,6.84476854545399
0,9.6669084005459
17,12.5787155236043
0,1.32832817193259
2,1.55020460384826
8,6.39738606928376
4,3.42911857629721
0,1.23698147208709
0,0.0846409290328588
16,10.9615261969505
13,11.9175977611759
3,0.780449700133481
0,0.743982343465228
3,3.37304087648383
0,0.373754741366914
1,2.30763414245074
0,0.784648165815626
30,17.4905018112595
18,10.528809877145
6,9.35304511351162
13,13.0349909837814
10,15.3022788501161
12,17.138881510968
14,12.8716864084305
2,11.1319683681221
9,11.2927349315029
11,17.15639843015
0,0.42939876824701
25,7.77842855598894
9,6.40642485243746
16,15.6679040171126
0,12.6786273230966
10,9.36185974281385
14,7.77034209473939
6,2.65926774570196
1,1.50232359032512
4,2.34352929899237
16,9.04577340142507
0,1.55507075978831
0,0.427955035494109
0,2.60482754728552
0,1.26535016563551
0,0.959045426975557
2,0.579831425170923
0,2.67739865106393
0,0.861411953892792
0,0.101686750882166
1,1.3260586807462
0,0.047898208417168
0,0.737659711993356
18,13.6240470788238
5,2.55057285345296
1,1.36768102602334
2,2.68225051398924
19,14.4529638367627
0,2.38317612356499
2,2.39736199677369
0,1.01916322436562
0,0.78987569069498
0,0.890225185851001
0,0.571334816054814
14,7.62206349800276
0,0.522263372390479
0,9.7972620000724
3,3.37416280137594
2,1.66206120424492
3,3.51456695492036
2,3.24995637237894
15,13.1924495456083
29,20.3292303708051
13,18.1721928072476
1,1.85251780482949
0,0.586183369744475
0,1.07197563367299
1,1.77988217065249
1,0.427040770309625
0,0.784170866461817
3,2.88158623382406
9,2.07394918459026
13,11.9169840326523
11,13.4561365784414
5,11.956605386446
0,0.845111565337935
1,0.965548163636526
0,0.689823386415548
0,2.04018288958317
0,0.0894373445287683
1,0.815650272153009
1,0.565493694294939
7,2.68599118634132
0,0.0131878142417308
0,0.453804943062698
0,0.446442638683642
1,1.62518163625413
0,0.364729073570328
0,1.05835983826109
2,0.704851710268388
1,0.405270601961967
8,4.67769297067241
1,0.426328065433283
0,0.477027386617246
3,1.64908583139824
0,0.43264630359817
4,2.74832247950878
0,0.273991074537743
0,0.173486187489529
0,0.431753124230017
0,0.457190686949158
0,0.621471651294546
1,1.36287015651808
0,0.615329729003848
0,0.344220719336287
1,1.06442998744592
1,0.491380677296546
0,0.252603525625642
0,0.212732910648997
0,0.670784256525646
0,0.343951818999001
0,0.614492992137266
4,2.41370646227039
13,4.47099870237852
2,0.882630475176593
0,0.522255676512939
4,2.68019657836275
2,1.05622133255521
0,0.595736251883171
1,1.13357749036216
0,9.79096311593362
0,0.457784491538836
0,0.514399849081647
1,0.59419166980137
3,0.724647716198644
1,1.23060419242433
0,0.482905104870139
0,0.427216717728946
1,1.12772031840442
0,0.171480735455432
7,3.29945206103509
0,0.547314215029867
0,0.263841170315721
1,1.41581466544207
0,0.0827942188035983
2,0.656595742227247
5,2.73148516570906
5,2.28114724447199
3,2.12627246908401
0,1.00298335242257
0,1.28617991933548
0,0.858354729411233
0,1.11408876945665
0,0.852167285333882
4,3.70304203696342
0,0.0300475354522695
0,0.0135916909513059
2,0.0563553527436118
0,0.743982418741869
0,1.21608914573939
0,1.27790627840949
0,0.750289257191298
0,0.328490273323109
1,0.937180616309784
0,0.146418117123693
1,0.590543111932516
1,0.388013738574828
0,0.0489811802395877
0,2.05306027481472
0,0.482009688784055
0,0.276826183110868
1,1.00453986323608
0,0.137047892293694
2,1.23673379920279
0,0.303849992418308
4,7.25339051663613
0,3.70659057713136
9,1.78677470728037
7,1.7256934670478
2,1.2510739891123
0,1.03487808588464
0,0.408652210735423
0,0.414912026015099
0,0.189817229663035
0,9.26063948118659
0,9.51746436545597
0,1.2397590715185
0,0.165428564099251
2,1.60468179384527
5,1.26191973097112
1,0.522069506056889
0,0.177835763207323
1,0.444137386549514
3,1.3818037757668
2,1.29706460436599
0,0.161368770456709
0,0.412306391026204
2,0.296304657956855
1,1.68105911599105
4,2.55238677118891
1,0.19458665375449
0,0.343026477253794
0,1.98127009743782
0,0.211107228991255
3,1.67985784394095
0,0.44170360006038
5,1.63126036455082
0,2.36079637674756
0,0.0369180009673927
3,1.4797959587883
0,0.10292878721999
2,1.10975372319142
5,1.78160275634822
3,0.835593806020109
0,0.777483908625844
73,15.4188327872934
4,1.31159937721296
0,0.292788802083635
0,0.247836179966219
0,0.596075914210132
0,0.346597778438728
4,2.87674954681219
1,2.54012879566889
0,0.0122460354244373
0,0.506444554846953
0,1.41515807509658
2,2.75821699338757
0,0.287195235026048
0,0.591743791430778
22,7.87297363417179
1,0.504111641308587
0,0.80680416150695
0,0.305960192619743
0,0.790236829554027
0,0.238003093264799
8,3.91104051227577
0,0.398365529547243
12,5.00158375118205
0,1.04444254433926
4,4.0859542705463
0,0.804848616924355
0,0.00262004210370753
0,1.32777640599051
0,0.116254253288967
0,0.307570850913281
0,0.610063914563569
0,2.39439177921633
4,2.84094183045207
0,1.07435916070423
1,2.39700857610622
0,0.258654007790299
0,0.248921925544292
0,0.60035760339304
1,8.26842118920603
1,7.29972466840546
0,1.03078306097218
3,7.74052877416903
0,1.23277182949316
25,1.85850510742865
0,8.49631460055641
0,1.22974390431741
0,0.975411971523617
0,9.26010460060854
0,3.82562050732311
0,0.715933595011422
0,6.47183518553005
0,0.902141509433273
3,2.58322623441
0,0.370341614244694
0,0.172556869020741
0,0.072235264065618
0,0.835972575227933
15,4.70367236075309
1,0.0993615013451409
11,4.77049676628441
5,3.61140020395359
0,0.485332358767458
0,0.155082688070501
2,0.786168067923865
0,6.69900466896999
2,5.93111301140273
0,0.858475925622246
0,3.23767963541348
0,5.89590557359985
0,1.39631980961449
0,0.314094444539341
0,2.67840526807967
0,1.40803953606898
2,1.69620406064701
0,0.267469589191272
0,0.331959323062173
2,0.61928150765115
2,4.50207378017783
7,2.6682636163281
1,1.04274513834461
6,1.31702842186115
0,0.552016360472933
1,1.23715518269149
0,0.069196171248935
0,0.0299114366694583
0,0.592402522394559
7,4.46812069158539
5,3.29129668383423
5,3.55209997783042
2,2.61529497025612
0,0.301457484343724
2,0.956070753388681
1,0.4870586345127
4,1.70211568888166
0,0.277648311187423
0,0.596458621578074
2,1.39594656884719
2,0.631519242163805
1,0.185949239151719
8,3.20078824371385
1,0.832782161869306
0,0.171234542245332
0,0.103024822745788
1,0.644105329172666
1,1.16090627868621
0,0.078445461885379
0,0.762760025133913
7,4.10004077783189
0,0.642122722089418
0,0.0278571612896363
0,3.98375702282293
2,0.809572467705123
0,0.401957012880488
0,0.703999916317677
0,0.0434878018446277
53,14.6557618589768
2,1.55654677797682
0,0.589516621995396
0,0.61031783400323
0,0.189801653786267
11,5.52687809987489
0,0.154591382562635
0,0.0887864145396308
0,1.5819544143458
24,8.8933400964488
0,0.349386620401137
62,20.8458339461008
0,0.0143684894722471
0,0.394497694686547
0,0.921082954881663
0,0.816487691769016
0,1.4891173371063
10,4.41688287927761
10,3.9245268660723
0,0.504355685543985
0,0.100515037270813
0,0.462532056750511
0,0.246408149036143
0,0.288875938216205
0,0.355307026096682
0,0.288292161055675
0,0.202960866722144
0,1.75644945717019
2,0.633264589196259
0,0.316688856882912
2,1.91903350799149
0,0.26801238127567
2,1.3367627434982
0,0.5682261073825
0,0.752352533179356
0,0.277638597455598
0,0.213745060694143
0,1.22037021850496
0,0.808308054474657
0,0.365023960921757
4,3.47599693769395
3,1.09031999219385
4,2.53672795377132
0,0.375597632136703
0,0.347039473291051
0,0.679802722056986
0,0.521276770989863
0,0.897967055368445
0,0.525455691889098
0,0.738357938242037
0,0.511740913162425
0,0.694889002600049
0,0.588374813007746
0,2.18827932899924
2,0.737581443136482
0,0.277874801588716
0,0.576619256360628
0,0.20368227055423
0,0.33390423599859
0,0.0892667837417823
0,0.0291951788126792
0,0.302082214152167
0,0.48141296843558
0,0.185234874379439
0,0.64091574721567
2,0.345902686582893
5,3.43896497915664
0,0.294136506035216
0,0.111598834917027
0,0.359916689259341
0,0.197953603968761
0,0.186396464126506
0,0.20316450432228
1,0.389908998169773
0,0.0777548743059725
0,0.110929928580778
0,0.088883553823969
0,0.0430596062248478
0,0.0732305646364441
0,0.08413732614046
0,0.101197653804617
0,0.5909160422211
0,0.147661754853573
0,0.59006002499042
0,0.46989014022285
0,0.0419959737372891
0,0.1400424789808
0,0.111653483695049
0,0.64453484142023
2,2.15469912316867
0,0.277166278207483
3,3.60738305048706
1,1.5185560628941
0,0.395485427753923
4,2.22555496878279
1,0.952630834213151
0,0.164980699218386
1,0.73016511871475
0,0.364391574304663
2,0.922881887331105
10,3.49175099810902
0,1.51229547693443
0,0.201971345099406
0,0.113990492309299
1,0.125784721486894
0,0.0743539503940638
1,0.134390839657885
0,0.210299704342256
0,0.253374094700475
0,0.16490504103175
0,0.192647132828877
0,0.425492063758099
125,26.3942173677892
2,1.19850343889646
9,6.13842483776755
1,0.871380220131551
9,3.0072081621178
0,0.537586035456233
0,0.345421793042013
0,0.16925413345386
0,0.400135383808254
1,1.02697644340007
0,0.287987408950203
0,0.354112041040882
0,1.02589109891977
0,0.352118681493205
0,0.344032493905268
0,0.15002441511136
3,2.03084803771603
2,1.66162229906945
0,0.282992638839115
4,1.01074221751193
2,0.704823907942709
2,1.13901438756268
0,0.247419561410447
0,0.359466684507646
5,2.32500365473247
0,0.0246573088387458
0,1.83162144243334
0,0.900483276768795
0,0.0337304150030072
7,1.55205253680242
0,0.566193313462226
0,1.34732876459223
11,9.11251833352315
3,1.74225913640392
5,2.79670502837533
5,4.0691595069171
1,3.49767395609365
3,3.84653854986761
2,2.17014102429922
1,2.22580039037197
6,2.16526847953367
3,6.36461968440955
1,4.17474946144777
6,2.99274803209411
6,2.29754838002892
0,1.99795231629189
5,3.69129884941696
0,0.212470481796917
0,0.54282283567006
1,1.43474962510526
1,1.26052487419981
0,0.243576384502504
2,1.45728613926336
0,0.358431591533557
4,1.75369528955605
0,0.243814689771086
0,0.163333845606374
1,2.77435044311036
0,0.552810691143165
0,0.194889518628443
0,0.464292757574838
0,0.0998334251420379
0,0.308166218827719
1,0.277385062695109
0,0.398877111140395
0,1.83543393042061
0,0.230762651008574
0,3.31468347685631
17,6.77556201023283
0,0.505572613462263
0,0.463732369351167
0,0.306780947741281
0,0.522679576875616
1,0.89933165598618
0,0.0532279850568788
0,0.275030726140028
0,0.604141508598408
0,0.18559365357879
0,1.41391533362214
0,0.368149222268803
6,5.79738584453709
2,1.35544375355535
0,0.697579062575078
1,0.961316260675443
30,11.7078465453584
0,0.0954377589070087
5,3.34008980897626
1,1.579625606651
18,15.7725506331161
23,15.0635339927126
10,4.9092110689111
24,11.6364574206479
0,0.227424794133146
3,1.89662090287352
0,0.21326840401149
1,0.42775864245725
8,3.80592335070188
0,0.580123730545499
0,0.286539213078518
10,4.46949118488059
0,0.199539941215345
0,1.80233613389606
0,0.249104812362131
1,0.573799054686849
0,0.197917721363332
0,0.715756446568978
0,0.278507937395461
1,0.727354772971849
0,0.607677262012701
0,0.55451536479516
0,0.316521468845949
0,0.135313013726617
2,1.38195887193643
2,1.6926559056816
0,0.514947499367603
1,0.486004530302419
0,0.101880740502207
0,0.589253153924023
4,2.48571186402966
0,0.393296315789101
1,1.83287673986775
2,1.22880525416723
3,1.10557655292302
2,0.929387265228991
0,0.436966461985986
0,0.0750243900990014
0,0.563167561531083
0,0.105230110912727
0,1.11055646631336
1,0.170925874966569
3,3.19321138788555
0,0.192652136213972
3,0.643524217011791
0,0.222098132904095
0,0.141381133729372
0,0.337983116469761
0,0.177324559350961
0,0.222724743790368
0,0.117774896532423
0,0.177282762372488
0,0.127329894822581
0,0.207419140368988
0,0.184011768064477
0,0.157238504366379
0,0.166589938575392
0,0.159021392526022
0,0.247709302992811
0,0.0411461397119786
0,0.103577699837573
0,0.643676537749709
0,0.895721101787188
0,0.0672299683934834
1,1.93409120311064
0,0.600026761971738
6,4.51689826371842
0,0.575058785617702
0,0.0568117461479864
0,0.519921949509813
0,0.296868094315192
3,2.57779096231919
0,0.0878781110909138
0,0.130244251815422
0,0.517218031554317
0,0.488740524619487
2,1.43207359518452
1,0.820431458169826
0,0.700375861049439
20,10.3870459721278
0,0.618823315975001
1,1.58172257838579
0,0.187404932673155
1,1.04146946519129
0,0.02620736484984
5,2.15189362339749
1,1.23806339613444
0,0.289291236138856
1,0.989041995576345
0,0.272823588559686
0,0.0180755072856823
1,0.957131350060182
0,0.578361517917058
2,0.0906945289829112
0,0.105711407475557
0,0.525311536780678
5,2.31658139980445
1,1.01027967187727
0,0.243286833279359
2,2.23505875587547
0,0.0162708321268439
0,0.12554812124084
0,0.608981835383462
0,0.475005869522388
0,3.40875961521257
5,0.272230742273799
0,2.05396952775608
0,0.549166774130236
1,4.40923996985857
0,1.21705425840191
0,0.140710240786337
0,0.349523348727413
8,2.38244598158974
0,0.191493339557622
2,0.9437147912328
2,1.00012211443259
1,0.202249422654444
0,0.0879103764754977
0,0.324416090759324
0,0.00180936388635258
0,0.565393147608435
0,0.0368776206588802
0,0.394844300858711
0,0.0853613618567542
0,0.861888490424795
1,1.00853764760752
1,0.537048573734007
2,1.54080409148395
0,1.21914801101383
0,1.01322415376537
14,4.73517692255654
0,0.409853550139211
1,0.833953196767268
0,0.769229585999679
14,4.13098104668337
4,6.44753001566198
1,0.798532478924321
0,0.0776342887500349
0,0.541590220219508
5,1.61693169730502
0,0.722717066634907
0,0.0479312539453143
0,0.577830618860774
0,0.241845528303636
0,0.0825913643601779
0,0.615597233293523
0,0.767894394347257
2,2.03238277403049
5,6.51089648351747
29,8.93020079602282
7,5.63414715570004
5,2.15533358714385
0,3.68282204859075
0,0.195500241073628
3,7.03048406351563
2,0.115356686633217
0,0.0880512956867889
0,0.341420063421056
0,0.430876557499678
2,1.21956466174946
0,0.913228375380382
2,0.954103125075992
0,0.829347083083225
0,0.79907228348441
0,0.290817793113451
2,1.34065314034254
2,1.35627650307182
1,0.125160402851211
0,0.775570641621739
1,0.693907475151539
0,0.129417058383647
2,1.8621638301786
0,0.0664684498639738
2,1.38770795400087
0,0.19263544970234
0,0.518133226203291
0,0.219120889742066
5,2.80077472437514
0,0.257071603042545
1,0.946739881325776
0,0.720553723621118
9,4.43039123980545
4,2.26880838323907
28,32.6673899461726
31,26.5572242688472
40,40.0504006300548
13,5.25784550070149
4,0.783224558884588
11,7.20554540533415
0,0.238116086757178
1,0.93265601345116
0,0.0799496071411789
4,1.24015251069561
0,0.639737427433108
0,0.180252902885062
0,0.462116149976295
2,1.44544798235776
0,1.32881564568303
15,5.25360021593214
0,0.152833282086123
20,10.6288313360757
0,0.0989892037677862
0,0.592832319225238
0,0.398461920548499
0,0.198293542306807
0,1.71763374951338
3,1.49259845731591
0,0.0791044764702321
0,0.417743796067846
0,0.556375306387924
0,0.674685303905692
0,0.105306289520122
0,0.0024136729758633
5,3.82757513931066
1,0.801887331492604
1,0.170448822018264
0,0.499245358203838
0,0.0278831734282593
3,3.10069483252876
0,0.326362378972623
2,2.30598343781369
2,1.51428607869827
1,0.458702637719808
2,0.570934844304516
0,0.00896308183485054
0,0.15215896463154
0,0.190406766826946
0,0.131614729019185
0,0.468863256183715
0,3.55688658640353
1,0.416336117748613
6,2.267282063833
0,0.143633793627892
3,0.994801446796212
2,2.36975334377552
2,0.195039050132792
0,3.77320963163723
0,0.535973908074909
0,0.815838653298947
0,0.626376750902429
8,7.97171698558452
6,6.75569324634059
0,0.0754458672440018
0,0.45436246583602
0,0.0490459272357541
0,0.465668358258287
17,7.68893106614074
0,0.489056554608218
9,3.38009935500323
6,5.46495717354538
1,3.31314365178668
6,3.72527034389626
0,0.425311423556313
3,1.91224118435968
15,6.05697532265363
0,1.97722554318502
0,0.12461413929444
0,0.396416551201451
6,5.4845450438638
12,7.20496650958758
6,7.64628877528201
0,0.226735740454729
0,0.563010769260212
0,0.453055080503934
0,1.03061828848139
0,0.124179800367771
0,0.992557956410384
1,0.642359997137602
11,7.73579291408857
2,2.4205533497759
0,0.822010063185234
0,0.100292067428068
3,1.63703671303069
0,0.0563435994063599
5,1.39411098666946
2,1.54329846292838
0,0.086707102911311
0,0.634175142270962
0,1.49668239457971
0,0.289694815408968
1,1.67043038916466
3,1.11076137992909
7,2.3095111077581
7,5.5298142623597
4,1.99882254471005
0,0.904940892082318
0,0.0434005348593288
1,0.896768920090575
0,1.51797145802383
4,0.461867181594137
0,0.130121171925267
1,0.606922416386196
0,0.0774376905916838
0,0.589715035470951
5,4.22491207662659
7,14.4170761280897
0,1.08074319232446
0,0.0109869643039311
0,0.092110976458289
0,1.13366931373964
0,0.0110524730870737
0,0.0265292166282475
0,0.0534555261475886
0,0.0579250641787293
0,0.182275724572306
0,0.211990620229121
0,0.41023403647503
0,0.410200636892706
0,0.178561557104324
0,0.0345430575313706
1,0.277965298636238
0,0.185418247907347
1,0.104649907033683
0,0.0382290286279515
0,0.0948308473319286
0,0.105806215566643
2,1.97677747934307
0,0.103293787549382
0,0.86350349020868
0,0.597633338138024
0,0.817576740050302
0,0.0376622494358557
2,2.66763866909922
9,6.37260731157358
1,0.88174050700445
4,2.89419314707614
0,0.332873154449782
4,6.17132573733726
5,1.38701631001756
10,6.75379133613675
0,0.975487362530179
0,0.950794394855942
0,0.562471594711289
11,4.28094894064741
2,0.972431311516707
0,0.10222624797946
0,0.143152969315568
0,0.272448532732756
0,0.0820888548742334
0,0.799578018370864
1,0.914934995089413
0,0.407418667789072
0,0.0934388289949443
0,0.135602201675703
8,5.06110982299502
0,0.361295170074555
0,1.779083128306
4,2.50839797227394
0,0.0979819852532985
1,0.571548122012855
0,0.070439095479958
0,0.514349049896716
0,0.369381884253805
0,0.182902465703488
0,0.0726290863941128
0,0.558029420138353
0,0.0478406587920583
2,0.912322496055129
0,0.430132356975183
3,1.58687285281681
0,0.130087387988888
0,5.66199450542033
0,0.357722469418586
32,16.0781783136004
7,4.29875940656994
0,0.441399454540547
0,0.0703745323747472
1,0.817276849271334
2,1.3459280527888
0,0.138533440864041
0,0.735848971676307
1,45.6474297324917
0,5.18622460984738
11,11.9469201961894
5,4.03143145100456
1,4.38154210745298
5,9.69931888325073
4,2.78809628378203
0,0.658536303877555
0,0.173815578496549
7,4.55497840500615
4,3.23706077636252
3,2.70068848771381
1,1.5861005822273
48,11.6176285567641
0,0.458942250649752
2,0.31083208105994
4,3.42222124728591
0,0.32732128453664
2,1.82794733430205
2,0.393224220575126
0,0.0670618358046876
1,0.565537151395582
1,1.25641621181092
2,1.95463700923714
0,0.41173638825342
0,0.268524731096007
0,2.7585657197658
30,28.6014315767416
21,7.48137589589431
0,0.464868452948999
0,1.8713521581448
2,0.220713538550721
0,0.47998690868161
0,0.0864628141041829
11,3.52136803129385
5,3.38941588307529
0,0.175646156169667
3,0.930567605462756
0,0.652743367184565
0,3.87041200649145
0,0.126359222468764
0,0.615883435497811
0,0.0880437826708766
0,1.05501041551768
0,0.102040236028712
1,1.07705271739263
0,0.0597824416636247
1,1.89518299460105
1,0.36801980968444
7,4.30746706198584
7,4.27323853965706
0,0.495329608082992
0,0.603493824121523
1,1.72103757500946
0,1.00784578589241
1,0.645965003157619
5,4.50885813925785
0,0.222742689721321
0,0.107802403354827
17,8.14943256592546
8,6.08739168655237
2,0.44379597046503
0,1.51183252043777
1,0.672106073196617
0,0.547566766078899
0,0.62228565129347
1,1.36268454425358
1,1.44900893348801
0,0.0596997292516084
4,4.38181274894136
5,6.36487953852776
5,4.71062783651739
0,0.923014199791279
0,0.261063925189676
0,0.496434398125574
0,0.360042134366139
0,0.220156910940227
5,1.48075415297991
0,0.579513449148436
0,0.0389754631073901
4,2.42777479554691
0,0.901430878468397
3,2.11160363244975
0,0.279953784586448
0,1.34136900350814
0,1.10811127822219
3,1.12202280186284
0,0.0139427258035904
0,0.0596732927129942
0,0.78803750085787
0,0.991932538215261
0,0.160381065121218
5,4.03903908437785
0,0.334184321128978
27,8.3273502857765
1,0.308669507356375
0,0.166660062869286
0,0.427336000176192
3,5.64813743663202
0,0.552283703028206
0,0.553241791276756
2,1.77319337769121
0,0.0735376229745684
1,0.816344623256538
0,0.660267865762181
0,0.0476147234963923
0,0.52113187685922
0,0.106298718627686
0,0.803473809691149
0,0.389033744788945
0,0.476432084061004
0,0.0955035020600783
0,0.630979135191836
0,0.160820450353865
1,0.641650481455615
0,0.880376635954238
2,1.95796731605339
0,0.562947539709729
0,0.0223716959434657
0,0.521431790822764
0,0.110057111723178
0,0.328238485571907
3,3.1746058600295
0,0.479767415485277
1,0.897984038858782
1,1.13814562344025
0,0.568549909536307
0,0.514757178643689
4,1.96317886344075
0,0.663389921604983
0,0.593825623271359
0,0.515679660420812
1,0.876505413301871
32,10.907729531933
17,12.198162427898
0,0.253370884312837
0,0.11972424193293
2,0.544336338149471
0,0.688365396148733
0,0.0655453910431052
4,2.10037605606126
1,0.104822864823017
1,0.685283202125334
10,4.84288866429062
0,0.577129489646217
2,1.62076510114241
16,5.0755573938058
2,0.871034452385381
6,2.29299243462141
0,0.369377607438496
1,0.820429283902015
0,0.389732601782973
15,4.00868264543214
0,0.259884113608802
0,1.77826619160137
0,0.0575544347269453
0,0.212296557819711
0,0.0431595408514439
0,2.27999301070234
2,0.269570318740951
1,0.0247887965038961
1,0.680646818791859
7,10.2567242794193
0,1.55607092563195
0,0.314692092428598
2,1.56019572974459
0,0.620136645257063
0,0.369001783367944
0,0.475036403267161
0,0.0791620351743191
0,0.563848625741894
3,1.52525356180026
9,3.66206517121747
0,0.341196172868591
0,0.0996733701694825
0,2.03780043735207
0,0.0863264183054714
0,0.369109153758181
0,0.0111794703868828
0,0.340096255353116
0,0.252674100565273
4,1.85630694919761
15,12.6691481591332
15,10.4633580833929
0,0.389562135857862
0,0.739607848231457
0,0.192518010105322
0,0.103062282308923
5,3.28053183021432
0,0.382180028988904
38,17.574097167201
0,0.333347408274925
4,2.72677592306775
2,1.32995314324576
0,0.254739356716542
5,14.2756147718269
14,5.00366200821472
0,1.84461264646905
13,2.59885998393522
1,0.863823075044998
0,0.309474532765623
0,0.137688564151393
4,5.35496803562407
4,2.74253507494292
0,0.386148103194133
1,0.462366089357074
6,5.76722415635497
0,0.193019846670999
1,0.630209424588144
3,1.07677227009198
0,0.594866674559341
0,0.0638153422172882
1,1.18384487455305
0,0.078961068593789
0,0.626200598671763
0,0.18680395681114
2,0.292418025061813
1,1.66566781183355
8,6.20586260281589
0,0.312604159035728
4,4.90177485266631
0,0.264384320593062
0,0.0610638366805908
1,0.80042217114918
1,1.4412696288398
2,0.942858198957113
0,0.360646490289171
0,0.808872139590891
0,0.798843202092504
0,1.15996298085986
4,2.74468089858116
4,2.78931047716378
0,0.217835274315229
0,1.05575635902369
0,0.563649357407258
0,0.359518356242056
0,0.0868317602349456
0,0.781054456329934
0,4.10470914682787
0,0.575258494194834
0,4.40141114947214
3,2.36237583408146
0,0.20025238908355
0,0.671886416501758
6,7.28306282137403
11,6.61273062306408
0,0.143518677563989
0,0.704719813415232
0,0.865909530644871
0,0.742115814811856
8,3.24468862035458
0,0.249725077474395
0,0.518075377709126
0,0.331300320382821
0,0.520000234895994
2,1.41218426890463
0,0.59043567048556
0,0.506588577755071
5,1.89998235505682
1,0.323322439349812
0,0.261617300236143
0,0.33455873869551
0,0.679805316730834
0,0.506658294039052
22,8.23198812527632
0,0.852227059395733
3,3.09030786419973
0,0.277644081380198
0,0.473424084972484
0,0.837239381166128
0,0.0539653971495543
6,8.79095230073851
5,10.4918078349404
5,9.59269801228685
0,0.168437196729555
0,0.171214524896586
2,2.82745452993126
2,1.24028267022956
2,0.770868806002995
4,2.64312109359162
0,0.0996741799336054
0,1.25783261245932
0,0.231686194748313
2,1.89809168225359
0,0.158331703551273
0,1.90645621609351
2,2.27310000065544
5,2.89518234257218
3,1.97496801931626
0,0.8437134476628
0,0.350285859228231
3,2.46549477319003
0,0.295261502908784
0,4.21179617090689
0,0.128383311355999
0,0.105950012985495
0,5.07809050758219
2,1.3891273327521
0,0.557059194949984
0,0.514894589532105
0,0.777395170545621
0,1.25091507278049
0,0.238946606317651
0,0.556583980763624
0,0.737581052825998
0,0.231299628754674
2,1.47244365260581
2,1.32374445864329
9,9.20974130361478
14,10.6665193049103
0,5.72489683968661
4,1.36048654295842
1,1.38355370594175
1,0.18795215133977
0,0.386322340889378
2,0.881360540304165
3,2.35037935225159
0,0.415698742207563
4,3.54760168569933
6,6.14132609578168
0,0.107573829635673
3,1.84095695514372
0,0.376419578970108
0,0.221241298405226
0,0.222062931500978
0,1.44368176968439
0,0.884770179057496
5,3.16631749189972
0,0.56341922471418
0,0.475054497763051
2,1.83269816772379
0,0.482417757925575
0,1.16581781176611
0,0.870158087935467
0,0.438883001387768
0,0.232379623498332
0,0.306567221992319
0,0.831975233780311
29,14.4608959448721
0,1.47425814937175
0,0.835026862520741
0,8.14019821711036
3,1.428023727792
0,3.91165722279429
3,1.62192985807031
2,1.69953621692374
0,0.723418870341195
1,3.76725027657706
4,2.71683500681979
1,1.14185297628007
4,1.77420048203672
1,0.766588086874687
0,0.277441006079576
10,11.2847887605952
10,6.03333692237137
1,0.697524393184259
0,0.586225890832635
0,0.500450568297434
2,1.75109465783954
4,1.91180770297446
3,2.7816181698656
3,3.99612601922514
4,5.37886637533779
1,2.04663745442152
6,5.25489088340988
3,2.78606800658907
5,4.86953020465686
1,1.4642132949838
0,0.708528975878769
3,7.67238309923733
0,0.157073107538936
4,1.5351871739324
0,0.129930128791471
0,0.606707714950773
0,0.0524479188994188
0,0.158512117709195
0,0.47947572978384
0,0.395295502670536
0,0.402044491350934
4,2.98954642503402
0,0.477016710946874
1,10.5332192223389
2,10.4005073086685
2,9.40689344842268
0,0.141063150287599
2,1.39185649087838
1,0.92451190254201
2,1.11742536550854
1,0.235213049312412
2,2.49375801789467
0,1.240947042129
0,0.367096343300298
0,7.08050663632388
0,8.47755549704449
0,0.197119366928455
5,1.63032885233972
0,0.424662181902507
5,3.30663045659673
12,4.83260114050182
1,0.677058412799882
2,0.764424666729134
2,1.51392501716228
0,0.249874513525728
0,0.030862774143393
0,0.0044425287168049
7,4.2718592724048
26,33.4439853208013
0,1.40127832888695
0,0.84837691612551
0,0.433143579815479
0,0.190858855548019
0,0.691574864419254
0,1.25702241087481
12,7.02158628387084
1,0.709283467015835
0,0.96708011765087
2,1.71791928801674
0,0.304203807831993
0,1.01095653823773
1,1.67087728499978
0,0.151547720438845
0,0.243129151401618
3,3.0018046754672
0,0.440588458306121
0,0.515805285168771
1,0.0473185060001728
0,1.12452298732616
0,4.53395071717522
0,1.71579293039099
0,1.51776433159344
3,1.41747564381744
0,0.128604848947373
1,1.32319774441673
0,0.0456091850290658
0,0.230297378158257
0,0.0487127620224313
0,0.137292635482573
0,0.030377082208857
0,0.430630451247489
0,0.0468412543023597
0,0.125431008278271
0,0.270507646574719
0,0.0166314734964992
0,0.104140279014476
0,0.0840703576623237
0,0.0417531395711648
0,0.0280578005456755
1,0.220738850881867
0,0.221236069874533
0,0.137933481840665
0,0.106892369109448
0,0.181426850527443
0,0.0884465254275144
0,0.0907529325593239
0,0.0341962434752107
0,0.0548624661899704
0,0.208903842291576
0,0.200313089129974
0,0.296415374963952
0,0.191027337979645
0,0.138174558940177
0,0.0622132449395939
0,0.00263618438594766
0,0.0756798233731526
0,0.540955758464347
0,0.149496079923088
0,0.226743570870605
0,0.0353408012943006
0,0.115404163244176
0,0.0109807578659471
0,0.471730391555365
0,0.0612941222578554
0,0.0207136441411681
0,0.209232757930584
0,0.155132260637222
0,0.170013606372546
0,0.474704213851128
9,2.66457408205326
0,0.20575721723028
0,0.0654945144304537
0,0.144629436195036
0,0.393436240690434
0,2.33140095366552
0,0.349975903392203
0,0.0502605509030254
12,6.65364246417671
0,10.9008559825491
0,3.62935799493961
2,1.88632643484717
2,2.05134844490654
1,1.74619348959541
0,0.164671405928813
0,0.829492005044118
6,1.92442319981615
0,0.399662837788226
0,0.183356100074798
0,0.424775247385738
0,0.496780340094785
6,4.70665842381721
0,1.24723653836211
1,1.09983439173356
0,0.629279809893799
1,0.943089042220375
1,0.205207660845817
1,0.351417091535123
0,1.03636856072756
0,0.454829292893209
1,0.846318739339255
0,0.480329202262894
3,1.83683034394308
4,3.97985820139187
0,0.164678723453152
4,2.93013320646764
0,0.549481233313008
0,0.457132362392627
0,0.872236448340915
16,7.51481040000335
6,9.08887081443311
3,7.37562682202075
1,0.614681617120316
3,2.50230700993621
2,1.78954137583067
0,9.8030576931974
1,0.707147841673931
0,0.276659360622062
2,2.71039748861181
1,0.350084898889536
2,2.06809083578457
3,3.672148669878
0,0.311487190919018
0,0.507805330703015
0,0.606518075870096
1,0.666076509175352
4,2.01975491578211
2,1.68636491151674
5,1.72782513126811
0,1.12024689749063
7,7.36838190255918
0,0.741988277200082
4,2.21009426647853
9,6.40758691521165
0,0.936546485989827
4,3.89138398230836
2,0.758283673320092
1,1.2890438244589
0,0.68183844020938
4,3.58257292955775
0,0.112788762003341
0,0.269758480766367
1,0.448521110648176
3,2.12437331918149
7,2.95167347579725
2,1.09203159654945
3,1.8894380617654
0,0.85030472569202
0,1.25727285317661
0,0.56413895579084
3,0.601536904690553
3,0.257406401068126
3,0.554928025096009
4,4.42051429235895
2,0.61714355931439
1,0.87754052954301
0,0.567490687865577
1,0.783723350131564
0,0.256766999082481
0,0.0739447347710177
0,0.191556718767025
0,0.0120755089371672
0,1.71520722091818
1,0.391199928338373
2,0.27899762405808
3,3.10878878755365
1,3.16175494246022
0,1.0308768101083
1,2.78464889623015
0,0.40700289514696
0,0.720517321188415
4,1.50640858051691
0,0.405204378431463
6,8.72853306591353
0,0.482506638275022
3,7.64448171012866
14,6.47549098644747
0,0.273465153095834
0,0.147549311652716
0,0.113142406950812
0,0.626073093800539
1,0.718310942986247
2,0.678132907626394
4,2.72598966259877
0,0.167657540349491
0,1.00489758127749
6,3.64884621041383
0,0.0889193537036803
2,4.21194721625809
7,4.7957025488645
0,0.795191543710162
7,7.43738677318265
1,0.766591474711252
4,3.12816415262658
0,0.301535558573487
1,1.2354427226739
1,0.323921852178921
6,2.10403268041016
1,0.970371516555681
5,5.41628294954944
0,0.18490121816675
0,0.220720798668293
0,4.95740797979497
2,0.565619760709759
9,5.2892194672509
2,4.63863942713036
0,0.270050087597818
0,0.485456671899048
2,0.552240409736668
0,0.744417533288734
0,0.584886264554527
1,1.22215561423748
2,0.93643608877344
1,2.00132952524002
1,0.586560011958786
0,4.9699286609137
0,0.882035285555809
0,0.602243968028274
0,0.334960316958221
1,0.478262182576681
7,3.71661826108136
0,0.308673920477693
0,0.362431580224165
0,0.303279541327392
7,2.63689095140605
0,0.25938800169433
2,1.15928619429732
1,0.355651604287031
3,3.12674631127865
0,0.272094640417021
1,0.535875169766257
0,0.531319802540858
4,1.96853882812577
0,0.894502264104695
2,0.60992693771126
1,1.5262398220634
0,0.588024445406685
2,0.48869231518615
0,0.210173029359397
2,1.57975620777689
0,0.547125314704587
2,1.26221110350689
2,0.942222958741829
0,0.669925632074138
0,0.182205305123289
0,0.788416945591449
1,1.24054119067367
0,0.639762015943363
0,0.27204837012121
1,0.849667285367205
0,0.367082565645077
0,0.550903079060527
1,0.89321850961353
0,0.386895834177682
4,2.66189061094647
1,0.72805868417661
1,0.36635491348839
0,0.3986386239872
1,0.20079861711396
1,0.333537540218342
1,0.182091489836719
1,0.902107115593609
2,0.810025322537271
2,0.991796555317376
3,2.39138514269177
6,3.19618067692053
2,1.8256314367637
7,4.04785487327648
0,2.04379621426158
1,1.15201809192066
1,0.981572261764269
0,1.15497331896172
0,3.43169704467958
2,1.3124234191727
11,7.70999550850466
29,15.4335997873635
2,1.50214902011536
0,1.22804080032463
3,2.00112269984356
4,2.8862286209463
0,5.35117272299128
8,4.13414811382042
0,0.507573724036221
0,0.174598832750437
4,2.3238777951682
8,3.24781855066126
2,0.970511992364488
4,3.20115034182998
13,6.1208620421578
13,5.00268525533246
3,4.33309215252913
1,0.872615042236504
13,6.06275264791291
13,5.95349728112427
3,2.87311060862929
26,13.6201783202854
1,4.87696638652675
5,2.24890226645853
2,1.87857338642947
1,1.30423580206548
1,2.13550641583784
5,2.05325861387629
4,2.35293454770244
2,2.74750810028111
4,2.90100113143771
1,1.27317467230734
1,1.32823808954112
1,0.993515187336457
4,1.85025431219371
16,9.16996694638986
4,2.5907574277292
0,1.35204129746419
7,3.92391924196043
6,3.50833874298275
1,2.11506841017901
2,1.60084306440598
4,2.58308907993934
24,6.93644514548253
1,5.24914264111885
2,1.3723116223499
6,2.46996718947797
3,1.60547512047302
6,3.52912664579459
4,2.35661155734687
11,5.65874690896527
2,1.2861095049235
7,3.44782813606262
1,1.28131034429539
8,3.68397149202965
2,1.66835664124971
4,2.93905875271793
9,6.0635024141615
14,5.72336817251909
0,1.22374683187409
8,3.94772528260239
2,0.668855424137074
0,0.944614836678484
6,3.07043268672717
1,1.496816430983
2,1.30712681491045
8,3.07591068838874
2,2.20338385474312
3,2.37003596373038
4,1.35480362070109
4,2.06768017548134
0,2.50786464353667
28,13.5020279778392
9,4.03997263474935
12,6.08192588942149
2,1.13585516675473
0,3.70927201470142
5,1.54807985096005
10,4.21196926433475
2,1.05906219593119
15,6.14524781384281
1,0.798671448260267
0,3.67435815035489
0,8.45470768501764
0,0.982606586780187
6,3.88211280282203
4,3.09044034045379
0,2.46325018212672
42,29.0119252372501
52,30.2508260172096
6,4.54043924873528
9,3.75690711314816
8,8.73292137522798
2,1.93811561904444
8,3.2742291504039
3,1.75579153580303
5,1.92504697297029
8,4.13771115355656
8,5.93401610869285
3,3.35380405052519
11,6.3926748355757
0,0.731780427579388
6,2.96239877880064
3,1.15419502678022
12,9.1999039195182
10,5.03575598380764
1,0.88226062113972
10,4.40813578450743
3,2.54860585562356
5,1.94035085226747
7,3.77404883629753
1,0.517304073702114
6,2.57644952454597
18,9.05397570242251
5,2.1794803752617
2,1.3561229857012
1,1.03212312865817
5,3.03605212578566
5,4.44390252220819
4,2.52105792974907
5,2.52453409681595
2,1.87885087725628
27,15.2733036384525
11,6.25299520889841
7,4.10299692596016
6,5.07331877086181
1,0.923899154658245
11,5.61234819271986
1,1.07646517717146
6,4.16543384792708
14,13.5699054080671
1,1.51323014245525
7,3.53773329279121
4,1.76311326450816
28,16.3264050726744
3,1.62972395700345
3,2.16430322081463
2,2.19926295614829
11,6.54051519294921
6,3.30028617907671
5,2.94750927615541
0,0.957518915416789
8,3.56501774783361
27,14.8989427820239
2,1.40471425867002
1,0.635471996704475
1,1.25939665573357
6,2.51274643905388
5,1.99379491909199
8,5.84788491155502
36,34.0272555570136
30,33.8088128188854
41,37.5488154841964
42,34.0215251425092
27,26.6276589649884
38,29.6728412144442
3,1.12470299303351
0,1.38400531822241
7,3.86393123410883
5,3.63272415356072
12,1.80688752563001
4,2.73166042042464
6,3.80274966923862
16,8.14201391934655
1,1.44865184793806
13,9.1376680216596
2,1.78242593886695
0,0.595910161761955
0,1.05873782228744
5,2.31646204973785
1,1.02812151423556
3,2.62496669169247
28,17.988697728346
40,17.8308945362342
20,21.455511302534
2,0.962200766137229
8,4.63800153841732
21,7.62890381807263
2,1.62326536196415
11,6.63427555998639
7,4.83147808959527
10,5.03464067081194
0,0.452087305401309
8,2.02079221606875
23,20.4025440124695
2,3.13437815896684
10,6.36936508130588
14,23.29718461502
8,17.4699557707536
35,24.5624209064001
51,27.1076695287783
37,21.7286237496096
10,26.0894733938925
57,23.4017000932068
19,10.1854562660475
12,6.95796255667046
2,1.29997206456009
2,3.00696641794644
0,0.975080303931183
15,7.2082134594454
0,2.28676604794344
1,2.26968864690311
8,3.82668733927783
0,0.932543077357556
2,1.50790097038282
14,9.22781156390504
1,1.2500909630258
6,5.01055756643233
7,5.71490998962332
3,2.75333617981611
2,1.7224750822356
3,1.60387198606086
0,3.71321700532929
3,1.96568334339669
7,3.47820276080605
8,2.86301112632399
3,1.80537845752699
3,1.22612236386877
1,0.837347199925629
7,3.41093966832977
16,8.65323335000064
1,2.52754860276915
34,15.6382061872551
3,2.62216698247436
0,1.40216013581373
5,1.96972945138197
14,8.45553606520277
0,0.680932511610343
10,11.6710180508335
7,2.77597849908881
1,1.68038959560463
6,3.59194002341477
2,1.29874732629235
7,2.26579742650891
8,5.05549868569417
10,5.86889718999429
3,1.26762963626959
5,3.26098676499338
2,1.10842045669216
16,8.26349086389094
7,2.73882862369004
0,0.774189043380882
3,1.89007955927235
15,4.69644523261992
8,5.27740906149742
14,5.8958458749906
36,22.5920323920687
2,0.942940901342063
0,1.40517761848296
7,3.19232220333593
2,1.57887024689073
0,2.98206655886509
9,3.07143852645853
14,7.07303189060845
9,5.11215825973027
0,0.0817120948174366
0,0.10186088701742
23,11.9528528120004
10,12.9591519146116
13,10.2313337463531
3,5.25691650693152
3,10.7034010068421
15,19.1096905615953
28,9.47230485602044
21,11.7161974075259
4,4.43026248729539
6,13.5023013261964
10,12.1910934173278
0,1.22589982681471
8,4.60789187591158
10,11.454303551482
12,14.8209822833554
4,9.23857973888185
0,1.16693092721317
0,0.616749136584585
17,9.72579695358993
8,12.0328170969471
11,15.2962243328959
0,2.15910875988408
32,9.7284585046727
6,13.4761186817246
6,11.7670884799742
11,17.7608627031282
6,6.21784065670745
4,14.3902673749397
7,13.3461575375008
24,12.5201244040049
0,0.482981714773937
9,17.5904729935908
10,20.2165932618979
8,11.6964218011718
15,10.695953296744
15,16.0509904111412
9,18.0210368619116
11,15.6569680299125
8,16.4939724417708
2,0.830295034912763
8,12.9249236111018
29,9.59515683131105
17,20.5812197998065
18,11.1305131648171
0,0.817581022941738
16,11.2142443361577
15,16.1473443010897
16,10.4850033766595
13,13.1064905808688
1,0.288286345037416
29,13.0583061846
1,0.972501814127657
6,4.9659669090694
7,6.98870413170833
1,6.03153345490032
2,1.90054681553785
0,1.17859762691958
5,13.0726528453442
3,4.41824737930127
10,8.11588522234668
0,1.51114874364719
1,0.551464566412147
0,5.45028611120288
0,0.962803620334358
1,0.892138692058328
3,3.03823204526642
1,5.02009117419942
2,1.03075048772663
0,0.20859714895068
7,2.99398578102835
7,4.4027039361586
2,2.49236661892841
3,3.63730844366803
4,4.37780577891412
4,5.17629815017292
4,4.53499623790137
17,4.57902635014726
14,6.66417253665381
0,0.998476262193215
0,2.65609445529897
3,4.37438651525381
1,1.10424528127706
2,4.16240572787286
0,3.50524319723069
1,3.89859605398827
0,3.05599370196162
0,2.61065739147588
3,0.944681605746174
1,3.70795952694754
0,0.00899800882407939
5,5.62657096370671
3,4.22115874799323
0,0.936471009393886
0,1.00245245848752
0,0.306415949073298
0,0.942179018154426
0,2.52891397684257
2,2.62245504891549
10,6.52688713122105
1,3.25515639831115
2,2.81602417938103
8,5.09511744342914
1,5.50160799728175
0,1.19783158347361
0,0.720276866590356
1,0.83370220693196
0,1.58588063943054
0,1.01643920641951
0,0.357506206810765
1,16.8668226425893
0,10.0363802464288
2,20.4169358863532
1,17.043005561852
0,10.5595803313243
1,15.924182296659
0,0.803708670293167
0,4.02003084068313
0,0.910975985696582
4,2.69074507134372
2,1.18615182078512
0,0.712921433399284
1,1.12391539013642
2,1.45897632720165
2,2.15133020702096
0,1.28605236055275
6,4.08628584563288
2,1.77097882644323
0,0.186034319239572
0,0.956737357372879
0,0.609561121198285
0,0.712691731617774
2,2.05892756498305
3,2.61327522819707
0,1.22669326584957
0,0.564414146668049
0,0.68200501692132
0,0.959377096760646
0,0.859673397031008
0,0.968072654047795
3,1.99236728368462
2,2.58095821747138
1,1.37993707558611
0,0.238352923997498
3,1.44321497959629
0,2.8400699928876
3,2.63753992005676
0,1.13994413028953
2,1.71681462919742
1,0.896031431031972
0,1.27467357757426
2,1.62233844625238
1,1.19619802552541
0,0.445127646717879
1,1.54495801689476
6,4.57038238296215
0,0.820263631908046
0,1.38861675179965
0,0.629489482844708
0,1.89844572923738
0,0.549159172895824
3,4.95524491803989
6,13.0165361483041
0,4.93892824058165
1,1.15955878806288
0,0.0628734089530343
3,3.21094172744946
8,4.1236463127509
0,1.60515545120529
1,1.04731820308395
0,0.108925580745902
0,0.118408227142781
0,0.734400158423249
0,0.655235234892296
0,0.811985599597464
3,7.69551875159314
0,0.641148341307928
1,1.33627286718346
3,3.23426859781144
0,0.943426986653302
0,0.207109997739432
3,2.42337687353885
0,1.50785938731608
0,1.48828551911776
0,0.838326493230689
0,0.908424019889693
0,0.407808155741102
0,1.33501927570071
0,0.822120974392656
1,1.48810808857061
2,1.36735718841556
0,1.37006188776877
1,0.809430649701475
1,0.326253918891763
0,0.344254665974874
2,2.64682258297574
1,3.11920445330406
0,1.20845583104614
0,0.574721924815671
0,0.267525845085155
2,1.55726524985311
0,1.18321643041256
0,0.421552541223576
0,0.788019788151665
2,2.7106296185951
0,0.421066740848754
0,0.701996700309303
6,2.89314751380153
0,0.829641874164812
0,1.19667045377291
2,1.34461664736547
0,0.306198485772075
1,2.72560026853769
2,1.62130710349392
0,0.855806322616968
0,2.71191024417049
0,0.378031789728852
3,1.03485579148625
0,0.83753610829944
0,0.249822589481656
5,6.12835146904341
3,5.73123975906493
1,7.48802483764886
0,0.664669027643044
0,2.31757397469347
0,3.13650428438888
4,2.60556988600185
1,0.743993564265364
0,0.391351656312107
1,8.88144380264954
2,7.73139439192985
0,7.10085278846828
0,9.87616645987394
1,7.24783411014603
4,10.3067564683832
0,1.39093048665779
0,2.94318942666351
0,0.964478063247649
5,5.36760413633258
1,2.70280559410446
0,3.06193602156365
0,0.300825859354221
6,2.13069405497553
4,2.10183448614685
0,0.95103283730876
4,6.12695506418514
1,5.08543870750372
8,6.13776934741505
5,4.78167485476951
0,0.413882079308116
7,4.99730539983433
19,8.6565449963559
2,0.594326047802539
11,10.4199576672521
0,1.73051571763929
0,1.7656386984073
1,5.3297342598361
4,2.14549491232127
2,1.45143118917396
3,2.45901278203298
0,1.25101556422953
0,0.145747283689186
0,0.645718909973378
0,0.831629318074044
0,0.610210771420451
0,0.281157499978307
0,3.21534174433458
4,5.29168091870611
6,5.01087532401366
0,0.0555114276942373
0,0.723045284939618
0,2.64162036637406
6,3.81085763820139
9,4.52629781804647
8,4.63038032715181
1,4.0604510477515
2,4.32605175608928
1,2.31270263818883
0,0.013370778782277
11,14.2921811732022
15,15.0926812383338
7,7.25333372298449
0,0.221725868242735
2,4.05472483921971
2,4.98483060849405
10,9.64961520770325
0,0.0254316002706414
2,1.51917622977551
0,0.628916165022001
1,1.34093705594295
0,0.166851002001647
0,0.545483896767402
0,0.553209463988975
0,1.32394749749213
0,1.28319757528086
1,1.92397797657032
0,2.1279309414575
0,0.25716591122753
0,2.17174961393735
0,0.125545962628107
2,1.49388289612626
0,0.583151619515296
0,0.171287858569973
2,2.23001878633845
0,1.01943852124952
0,1.58013346203856
0,0.950021300304431
0,0.650006422202384
0,2.8244621893637
0,1.02747396761764
2,1.5792316859078
1,3.17241339036885
0,0.223462112152619
7,5.03153244356584
3,1.62283218229138
0,0.130172312158926
0,0.155586771660235
0,1.53245905975259
1,1.53967740903896
4,1.64135716635022
1,1.40776638406053
0,0.807054088719444
0,0.347388361142663
0,0.45394778867033
2,1.72015647097882
1,2.2744709912515
0,0.250347204359981
0,0.0212113818546506
0,1.34111190827524
1,1.02364361563379
1,0.706838972074269
0,1.02719286699005
0,0.321834971467899
12,11.3191456625948
9,15.7046401089963
1,4.91625458010082
1,11.1648872271794
0,9.82093328167793
5,11.7586808597644
4,14.0353527060731
0,0.402225076934248
0,4.30233555532027
0,2.52582241888778
5,3.93444605291142
0,1.31178779843083
0,2.7787563741791
0,1.52089625325772
0,4.3916956068264
3,2.86170878256119
0,1.65001271099315
0,1.41362189727055
5,2.1195693617494
1,6.15527064120829
1,4.58987085364868
2,5.26577401412121
0,3.22800278440204
0,2.85707075887536
1,4.13005080211761
2,5.91504696978088
0,0.989919382066673
2,9.25534345940292
0,1.18252678646284
0,0.763362927607107
0,0.967690591197627
2,8.33661573526564
0,1.68907780769524
5,5.85234399074036
0,0.14140674755153
1,3.14795403781451
0,2.23651403711185
1,1.57083889514785
0,2.99697521815025
0,0.824234944054913
0,4.74832599742076
0,2.68207792576167
1,2.78239019235471
1,4.54657836435433
0,0.522270267670809
2,3.98681047243767
0,4.9826714677162
1,5.18535201288334
0,0.679107140719785
0,4.81830156187674
8,3.2139497065213
0,1.56656362471197
0,4.84413228616683
0,0.513531907228994
2,2.42114675051344
1,1.77049899458293
2,2.02879785842736
0,0.0362355420069928
0,0.842699301400695
3,2.22348120308455
0,0.504289964717137
3,2.82088909582842
0,0.689072991496541
8,11.1135605977276
5,16.0932395678161
6,14.9990186954174
6,10.7665114391675
1,4.07237560194196
7,10.8194597029532
8,13.6985009971879
11,7.92721792384485
8,21.1281993254284
1,12.0728197855231
5,9.88663243353387
5,10.9802163982844
1,3.73717623639489
16,11.6645011358051
6,6.56874495843837
4,15.420725593231
0,1.90135678235585
0,3.68435051835299
0,7.126378625344
0,0.562910266650276
5,2.55796790378024
0,1.88441251328083
0,2.40867598865065
1,2.3959218287682
0,0.755303354866598
6,1.47308544617836
5,12.9707574592541
0,2.82570687035703
0,3.89460795601076
0,1.19361329359646
0,1.38308795669367
0,0.942542263432825
0,0.458443984424509
1,5.4703020874818
7,4.66009660376635
0,0.387272484222091
7,4.44885428249253
6,5.83299546691058
0,0.614663163094469
0,4.70822871387549
1,4.72026489025325
0,0.6638494957849
0,1.21747760936155
4,4.75279114197386
5,3.97806115903466
0,5.54821563860004
6,3.83662796636418
0,0.643211623949717
0,1.13752474310596
0,4.40241472101956
0,1.573482705268
4,2.00769468610095
14,17.3347943874052
0,5.35304676087494
0,0.695934582914789
3,3.85384866736631
12,6.4396369512903
4,3.57273117930183
0,0.270447710843819
0,2.98417039412935
6,7.89856427982
0,1.50765750091042
0,1.58151667747544
0,0.853872012960666
0,1.4165727640515
0,0.201514617793496
2,2.9517775691576
0,0.176627801123175
0,0.479114336551129
0,0.616991136147284
0,2.6159832336841
0,1.2065591793132
0,1.39568781610745
0,1.56561482478827
1,1.83046988043977
6,2.0064155285266
0,0.547250147461475
2,2.47521251249893
2,2.84034542782306
0,0.408672148934271
0,0.0183205239705003
0,1.03631643918389
7,5.31844823313482
1,3.18627667822908
0,0.0954342924434569
1,2.89652795979089
0,0.841437958127147
2,2.73391197902495
1,3.99141958921206
0,3.66844137360721
0,0.190226459113958
0,1.10977622752536
0,4.70966930219477
0,0.522590934629289
7,13.2713440005792
6,9.16310845307879
7,12.6248614410933
0,0.807977082361341
9,13.8995271112546
0,3.27697272993758
1,0.752488256756636
0,0.212070569573493
0,0.792848748400009
0,0.351804112620216
3,2.0325670749278
0,1.31050437825974
0,0.262623594614117
0,0.518789085064655
1,0.742329762828086
0,3.80675612144233
0,1.07018173831755
0,0.534388170497911
0,0.850522761106955
2,5.96003485419379
24,17.833200265879
16,12.2084084526763
16,17.1507500006819
26,29.2297530632727
14,16.0427352586435
0,6.58674964272535
14,19.9481109854778
14,22.5167449549463
12,11.6495020356228
10,9.59371549260937
0,0.610754920298415
24,23.9035815564102
0,2.8394347054201
11,17.6886217913099
0,14.8544349128022
17,15.0034689057927
26,15.1287803661819
13,18.0349591550903
0,1.16368801911323
38,43.1207398764878
0,2.55281939793549
0,2.1442710737243
16,11.6268847376709
36,22.6114940358352
8,12.1681706100509
0,3.06603808494219
8,5.68147862556999
2,4.98229180967086
9,2.55833106777465
0,3.80580875653642
1,2.23891666404955
0,2.60584445552983
2,1.43936533198709
0,0.426807274581373
0,0.0739256205720945
0,0.399319631572475
0,0.9132245315242
4,3.54827359913697
9,10.9963321708353
4,7.65050361296248
0,0.562290474893371
4,6.84742287477917
0,2.00056636688163
0,0.926369060934333
0,0.0853714423933007
0,0.896240302657501
0,0.445089429562829
0,0.124794266624396
6,5.47635753320036
4,9.43234814451247
3,4.70150526097457
0,2.14676496383108
0,1.92024502575421
1,10.8683324911652
22,11.3955093663587
2,8.11316207060187
0,0.190820369624489
9,9.91701177026178
1,2.53379620042669
0,1.62131745126307
2,0.319730145296625
0,1.62189968075702
0,2.61325456878468
3,1.13957425109299
5,1.69293146015458
0,1.18911218817498
6,6.16918808778965
4,6.95464847084051
2,5.42627443194046
2,4.13214395839608
1,6.6403456034578
5,6.09320729677946
7,5.67522040076674
0,1.94082772477539
9,11.6390091500083
9,8.11742597543997
5,6.34192696639191
0,0.327505641979609
2,2.93612687811825
0,0.604456581117522
0,0.0143403037128433
0,0.656546521835598
0,0.170883001814835
5,3.13844228627016
10,7.85278894432083
1,3.50213645245479
0,1.57122460240386
0,1.24270753043961
17,10.7310232835795
0,3.0483617653674
0,2.22294361726204
0,0.310383118235757
0,2.87862446747856
4,3.80218221640114
3,3.65797074647609
5,3.66067290282531
3,2.19296863045436
2,1.94841884801561
5,3.45158406606075
6,3.91504531914608
0,0.697531067706077
4,10.1529304241355
0,2.67284036880889
5,4.57040898527947
0,1.64504756871528
0,0.429095208349298
1,6.42507786575111
0,3.23840262985195
1,6.46701637593737
0,2.92402880240922
9,3.53044757318854
0,1.06077310653151
0,0.640946283971888
1,0.888798948034137
0,0.677462111153825
0,0.0200948712755516
0,0.333176224575913
9,5.30952167302149
0,2.602992988145
0,4.85766573011501
0,5.22143612219796
0,3.71966060265205
0,0.33218116669461
1,5.96710373586806
0,1.30721095040959
1,2.34247551605997
0,2.35784178836214
3,2.596175310402
0,0.482703681402259
0,0.956740128159588
0,2.06930325535687
0,2.12315865795417
2,3.38160927242819
0,1.87606992454386
0,1.01278723399921
0,0.103970342973501
0,0.400571005176931
3,1.83521274072447
0,0.838610934298381
0,1.66303850116724
0,1.30916652880432
0,2.04150353108768
0,0.755564342112604
0,0.224797822180222
0,0.0893746636935588
0,0.282272290553931
1,2.53692526829365
7,3.73147293067986
0,0.692152689969919
0,5.60505815931815
0,1.64437916470391
0,2.35250399536384
0,2.74376944303684
0,2.30157888236909
0,1.12436858512985
0,0.774492645153707
0,1.320764451926
0,0.222126595940254
3,1.60349593001121
1,2.71832981694351
4,1.33324145781535
0,0.382338863616578
0,0.833703265627788
0,0.51792109578993
1,3.49699634254592
0,0.734381471664752
3,3.90006527534721
4,5.18376799060813
6,6.47284744600644
3,6.4352297792154
8,4.85296251900793
7,9.82263978470094
8,7.4133922043719
12,11.6049842342907
0,1.99049671423631
5,9.5566315772533
0,1.42989946359767
0,0.390309247654585
0,0.47254221549881
0,0.295632138097065
9,21.3864436708896
22,20.8692131733354
13,18.2168639321837
16,16.9713890728817
18,17.0022048396319
0,10.5279383147579
17,19.2246210046249
19,13.1147646219285
6,17.1160686205486
3,14.4585027538372
8,18.6904327417797
12,26.7951532441549
0,1.4180712363508
0,0.633505393660377
12,10.576930773713
47,35.0249946716048
12,17.2594974888733
9,15.7285371118679
24,11.1231320339315
43,38.1841657854294
6,20.1010899056345
0,4.39228634878214
8,4.09974738659483
6,16.130601983136
0,2.32336002825951
0,4.1652856523863
0,17.4929362133095
12,4.32276841019932
15,24.4932197643961
5,2.43487398808425
0,3.70540972754854
0,2.82193854119789
4,11.9221472282434
12,25.9796985700609
1,0.62936968934084
0,0.300698140585335
0,0.26388715631895
1,1.42153164249903
0,0.475621578298779
9,13.6874057385747
8,4.89155247086774
0,0.141702194079859
0,1.63261327097859
1,3.6294541776774
4,2.52445047387802
5,1.78681242546641
3,2.75260001981887
0,2.0908599595827
2,0.862139499504025
0,1.38871983254704
0,0.128282293703859
0,0.749477604901065
0,0.82998390848599
0,0.86524847147669
0,0.048995728133498
0,1.99523032120813
6,2.55000514349131
0,2.58933510788681
3,2.48358620521725
0,1.28595378635934
2,4.00804359469948
6,6.06644885266463
2,5.97238460977615
0,0.347657037221836
0,1.83640264771325
0,1.35997092227069
2,3.48848097329295
0,2.2790886229965
0,0.175254565283419
0,1.28231594431034
4,3.09662297309255
1,0.989653780739031
3,0.960623247017212
0,0.364444547886566
0,0.759054134672934
10,3.64437805592298
15,4.95441286737003
0,0.823786531506314
0,0.808392918602877
0,0.778231562357802
0,1.70773781596635
5,1.98752651495111
0,0.489192301385528
0,0.283101916994926
0,1.37160055012464
0,0.372322743324377
0,0.55501392626609
0,0.60152849858157
0,0.443143826278037
0,1.13552578615722
0,0.211336760368271
0,6.17378048294411
0,0.537676088575296
0,0.602350518093889
0,0.504272266221244
0,0.328551437519154
2,0.651517094128611
7,3.37310414842133
0,0.483991919225225
0,0.326714333290646
0,0.404346099690593
1,0.630057095414361
5,1.27399292279726
9,24.6104335583279
6,4.88710758602454
0,0.601565441068461
0,0.353983444248107
2,1.3046761916056
0,0.128140895313974
0,0.227399466610923
0,0.222431612533645
3,4.55121015971639
3,1.4322340173096
0,0.363488576228861
0,0.558253144747095
0,0.314673871134436
0,0.46790308757259
0,0.651891180638458
0,0.562142034471877
0,1.14370762551188
0,0.163051860258812
0,0.30717793545195
0,0.269902041164606
0,0.243074702614534
0,0.290868831233447
0,0.431056638200584
0,0.34877792441408
0,0.270553707010388
0,0.414743760521525
0,0.513420315937188
0,0.466767290816051
0,0.673400990398956
0,0.342699915380085
0,0.337011560217414
1,0.223459666105536
2,3.11503206179516
0,0.290223469188017
0,0.354156955182189
0,0.295596476444367
0,0.240254105012544
0,0.308199745308354
0,0.45996113299014
1,0.768211171089902
1,0.728571108780957
2,1.49445559869912
2,1.23789120249632
0,0.428670156473037
0,0.668480140458639
0,0.258445894987832
0,0.404071555658781
0,0.246534688128304
0,0.336587553386223
0,0.231366871421005
0,0.689016406874453
0,0.295398549721235
1,0.435426181476656
0,0.274713500183124
12,5.68834533329072
0,0.335664013501743
2,0.615210384535933
0,0.208508063239172
2,1.36450013176374
0,0.992308715039315
6,6.96709832898404
0,0.564053849052368
0,0.380945972055411
0,0.567611184205132
0,0.382651623539181
0,0.497775989189029
2,0.414805844159723
0,0.232732841144038
0,0.431217499139585
0,0.373144510612956
3,1.34214608683465
0,0.414063285702883
0,0.205529049377982
0,1.95744053718799
9,5.44034681345359
0,0.595566000623528
1,0.368694353580801
5,2.07405921157644
0,0.329301037458285
2,2.28085417437033
7,6.00440527052234
0,0.323140776329853
0,0.399039886642473
5,3.96778599407026
0,0.603220153714439
0,0.462521286318531
0,0.29512368797279
0,0.642367933908075
0,0.361153830645841
0,0.337186216866406
0,0.275099422856901
0,0.634283170210538
0,0.666579063518994
6,2.81513771780441
0,0.301339703249794
0,0.372228227619323
0,0.308929986540997
0,0.537902752608856
4,2.66613335285878
100,22.2832537782953
0,0.371518726560844
0,0.523772322442171
0,0.847025222070518
0,0.329054974938936
0,0.35851976616772
0,0.742030456520756
0,0.0916176311751552
0,0.464293082507199
0,0.297043556298353
6,1.72934220142409
12,9.51642204459864
8,6.7353761005089
12,14.1711454850919
12,5.69743415756827
7,6.1891378866833
13,8.47638589539626
0,2.30534192226233
3,6.28586029453718
6,4.55514155946442
7,3.82476334178837
1,1.5851547626502
8,4.4306628214768
3,2.20135490408631
21,13.3744789085077
4,6.59188147414831
8,7.10892460020721
0,2.37619077909917
1,1.47983539383709
1,1.66245364637699
1,3.06788571553382
1,1.20114597875702
5,2.71868294766965
18,8.40214896858165
12,8.49098494356614
9,5.99917828457112
2,2.41176446719603
8,5.71854332557634
1,1.25107932973501
0,3.08701659200639
3,1.56940031936459
1,0.378739112122393
2,1.75878653187121
0,0.228347019948093
0,0.106661682083514
33,21.9009276814159
15,7.18998596450275
0,3.40693776111653
2,4.79867976603776
2,2.12548184230267
8,3.39845443063756
14,3.30281900401458
11,11.8617876101083
1,4.02254678145774
0,4.63755834380756
0,1.9774362911581
0,5.38538298694781
5,3.48094508877174
1,4.06323004059338
4,4.65643001240998
0,2.88845132750223
27,4.36149787695382
2,1.78589014134984
0,0.5232484305513
4,3.0324119379179
10,5.74190993834874
0,0.588008905014523
0,1.34370624654316
0,1.14397489731879
0,0.345297304703409
0,0.673918339950147
0,1.35908986384736
1,0.680702871244298
0,0.790160503683403
0,0.379787735728424
0,1.12815283048413
0,0.447255453324271
2,0.818190350404401
1,0.722154297157012
4,0.758796283991801
0,0.686465298086921
0,0.597587738880875
0,0.566655292465257
0,0.858593649607664
0,0.904660666494455
0,1.16704446646325
6,1.02388006333841
0,0.946342757857769
0,1.13334038726155
1,0.791751316859568
0,0.512347254472749
0,1.031245653468
4,0.748371237154469
1,0.960768044633761
0,0.638481419004243
0,0.816485071085947
0,0.380244048174717
4,3.78438720007378
0,4.81558234992606
10,11.775879463874
12,17.5409962649368
18,14.0522130248348
8,8.09112075798356
13,13.3381957278555
8,10.5864607874774
8,9.50410187576055
9,14.5340045472989
17,16.1422578466637
26,21.0809189023557
12,13.9027671689332
9,12.7733405179445
18,14.6623306427521
20,15.8347771787527
10,11.5991243560767
12,10.8899253615377
0,1.52617241736493
14,2.86833991275586
0,3.7594124977823
6,6.42173161315257
10,7.0995139179871
3,1.97147159374939
5,2.5574815596759
10,7.87712964252706
0,0.27939744663414
0,0.22244629489615
0,0.231304124018151
0,0.219133002126113
0,0.275708321511425
0,0.20931799021776
0,0.00742359028785388
0,0.0928068571221345
2,1.64086785694968
6,3.39863504400184
3,2.80667401222031
2,3.05709444111719
0,1.14544243493194
4,6.29413436516954
4,3.3581271165375
0,0.896601950987934
25,14.3339097603072
20,10.9781710604204
4,3.46752138027007
9,4.53372787827586
0,1.17281436706933
8,4.37312349952486
11,6.23503692650713
1,1.4037355194355
2,1.3341700053325
4,3.55760309692549
14,8.8441586417535
0,1.20957762406214
5,3.05107724018191
10,4.8966857384351
7,7.49144715443311
12,6.38873553542939
11,6.80564741233452
1,0.694667898269219
1,1.16187812191251
15,6.36910712885927
2,2.03723344850745
7,4.07882617221116
10,7.44294172671702
7,5.07798256228416
10,6.64694449569215
14,6.01337368857125
1,2.01766032692377
26,12.9795654862064
1,1.44146792605705
0,0.497238763499102
3,3.20959225050595
2,3.57063926564079
6,3.57111969234142
0,0.343748772067702
10,7.17911986131448
2,1.29744039031475
3,2.47115922777872
0,3.60552136358685
2,1.57140272627799
15,6.99820094321631
0,1.04372347768696
14,8.05412023445118
9,4.81158344417047
4,4.51585734860032
3,5.55091960019093
1,0.114980017929632
2,3.44399101787075
0,1.52302880181113
2,1.63412629820012
12,6.30159131999324
0,0.930055327069718
4,2.45483137587889
0,0.520149329471821
4,1.55003423877971
12,7.37888298346758
6,4.93328757844186
6,4.40790644675477
6,5.55350100156692
1,0.945215009769988
3,2.56235790700689
3,6.43187672847427
11,8.27652008856432
6,3.60354411272803
3,2.9665665549389
0,0.960894204676493
0,2.92412728566154
0,0.553785052103866
6,27.506217539262
2,1.74889329474694
0,4.6164687116837
2,4.3452395898271
6,4.75282818800156
0,1.36973934105465
1,1.24052568483061
13,8.28454230238975
0,1.24276104730365
0,1.19437313188238
12,4.91693881788197
6,9.02441436943477
0,0.580265994846873
4,4.20850300874364
0,2.721066651456
9,7.34666256755599
7,5.11789821472403
6,4.2653779047176
0,3.16850079321249
0,4.87997637748809
0,4.06768589341024
0,3.91802531560572
0,0.682989117909877
11,6.30192064949609
9,8.02872890865365
3,4.00044086334513
4,4.98996622488154
10,5.0298446688471
11,7.85874899639479
1,4.20802333378651
0,3.37305754190701
2,1.75660941947682
0,0.980785338296028
0,0.305159640130448
0,0.052973764033181
0,0.172326504671122
0,0.312296513056322
0,0.238003950487832
0,0.184261223837172
0,0.031279207579475
0,0.148597828494745
0,0.0856266491557032
0,0.167818770924611
1,1.02149052800898
7,6.44543045939585
12,8.40897736110787
3,2.1986679082567
10,6.58003174133032
3,2.41640606178233
15,9.46144662362915
1,0.98746752780495
0,0.837261325846012
5,1.98688556746086
2,3.29096771061112
5,3.20430838154304
4,3.66562888843016
8,6.65117792328737
7,6.12360865333847
0,1.90831653528593
3,2.66494401232451
6,3.32453783091642
9,11.1477276120393
12,9.98967787770278
6,3.77930193083965
2,2.78777721823842
3,2.36645172610711
4,4.20739221218679
0,3.51603398288001
8,4.61310512749353
0,1.16790245061341
2,0.562136707823524
0,0.0995916195166301
0,0.481430896145621
2,1.6203146933674
10,5.68329676777147
15,8.46343185274804
0,0.855769766907509
1,1.22948264244772
1,0.656738073518298
7,3.0556636515309
10,5.27172274840757
0,0.576004661448201
4,3.32755921752022
6,4.24063868064833
2,2.20770449203058
9,3.51573671289432
0,0.911543623792164
3,2.21524843334688
4,2.38879742286801
4,2.46676277810997
49,19.2730424771309
6,3.51344566435822
0,0.903381210748073
6,4.9453634315981
8,4.94091262371396
0,0.752038752661201
0,1.08793186519074
18,11.2495254645499
7,2.81878648826733
0,0.949532112445111
4,2.32364324988428
5,2.98989648425286
1,4.34468006123237
15,9.29882294062677
0,0.930191083171952
0,3.16806300276707
8,2.77458461394282
0,0.578952746503899
2,1.6614044099117
3,1.71790995899441
3,1.5241375880701
0,1.51683160245702
4,5.16790026958467
6,3.84313557503422
1,1.29182363403948
6,4.09292540147633
0,1.93956050100513
0,0.44036391770169
0,0.595649486496415
1,1.09854007439982
0,0.918284304655509
8,5.89375085085979
0,2.08339869574564
0,0.549875692677294
22,9.88444955490998
9,5.26230153571552
0,0.558602461689728
7,3.63161317506718
9,4.03869673601302
10,7.4974220991217
9,3.92294420957731
0,0.760494224567038
0,0.950588228032841
14,5.40929098987191
1,0.859481792047236
9,6.94694360343274
1,1.16011325054483
1,0.768589897153565
0,0.800873907966938
5,3.78081791955968
5,3.16021183745039
0,2.25435332085224
0,0.802503015291867
2,1.32283660358411
0,1.39744461693267
1,0.927659520062407
0,1.28814489811212
12,6.58683496943901
2,2.86411371575041
8,12.3393176157571
4,12.5522796226573
0,0.884026691549688
2,0.869601795664865
4,3.70789364472868
4,3.73309081814543
0,1.12344701758178
5,2.91168369614486
2,1.45181968528283
4,2.90596137209585
2,1.38859537051891
0,1.35476787407527
1,0.977224223865465
0,0.701655810581328
0,2.30204898351304
1,1.94051903133909
0,0.78604356267026
0,1.03166579729949
8,5.11839389543094
6,3.78589731169413
2,0.982634007471819
6,4.13723433257906
0,3.07587060848898
3,2.96034640210813
6,3.54863276308991
2,2.42822711176084
1,0.981784517159462
1,1.47795532299427
7,4.11560939449217
2,1.17609267500943
3,3.86027438697973
0,1.34044036798382
4,2.63976062719747
0,0.601167311391004
0,0.779604653659605
1,1.41482455609916
1,2.65894443680414
12,6.35232818753015
5,4.9800228715326
3,1.71644337779601
28,15.9171538638014
2,1.28742717245793
2,1.45436075238861
0,0.655743395529659
0,0.641893222694556
1,1.12499938034491
13,5.60493989111531
0,1.21174441516639
0,0.793313699221083
8,5.18924452944184
1,2.17015298111728
11,6.97117908166349
10,8.5393327100219
6,8.345950105522
5,5.78034890229224
1,1.11322349020304
0,0.934121340778104
9,6.77119349656561
1,1.46248146950583
0,2.13418411356981
0,0.786291941165073
2,1.77089795738988
3,2.66961519509468
7,3.44624728606692
26,14.1643461205193
14,12.8738785336848
0,1.99607525224731
2,1.2293876827823
10,5.77309786175244
0,1.22148639510232
0,1.72249295896725
10,7.54627503729592
8,8.10413989834995
2,0.956261420881005
2,0.523055981560191
0,0.464805594214816
0,0.569225235295626
0,0.938849650476164
0,4.3393816583111
16,8.81886855167807
14,9.37457988313277
13,8.76592794016169
5,4.51373193880525
9,7.17251775701613
11,8.17589017981322
4,2.2527932579639
1,1.27218037039572
0,0.554726807068463
0,0.598639911759566
0,3.5781600846971
0,0.819517000656926
2,9.61111473891608
6,2.7891348345001
0,1.48046782675107
9,6.02155667518915
1,1.66876793344368
1,1.91744157270634
0,0.75763023717518
0,0.674998439961532
0,1.06665323904223
0,1.88714723757737
1,1.1243101389286
4,2.34415811843422
5,4.35585576411954
4,4.23200098465527
7,4.94506420601344
1,2.77005847949745
11,6.44016750111277
2,3.52037665428668
1,1.59241650212567
1,1.47957600005076
1,0.881151992780976
10,5.22868260974297
4,1.84490795842726
2,1.32015744867507
0,0.569872215467813
0,0.588281081774063
2,1.51455571319314
1,0.559459777580154
1,0.810671769711454
1,0.78054589624003
6,2.51954647068878
3,1.4982677526441
3,1.23173121618011
5,2.69468920409427
5,3.97382114633596
4,2.84972212111146
0,3.56237751973989
1,0.801051405441995
9,3.89512780335793
1,0.813627251861391
5,2.62393670904915
0,3.85854191321323
9,4.64623099101478
9,4.29480837876843
11,6.35947217426822
11,4.10427799931506
2,1.14081908430214
1,0.974408058817015
6,4.39479448934099
5,4.0631234393589
16,11.626192957532
9,3.88574799899931
0,1.76075612659024
1,1.03230622731481
8,3.98429826087156
0,0.680509594331555
3,2.52956517424683
24,10.9807978203773
19,12.3333325991772
1,1.20244664174365
7,2.96202636751298
2,1.35995712396439
5,5.28218396274656
9,5.96820063146404
9,4.04792298604136
0,0.666922969948335
21,12.0545996744114
6,5.46317181072324
4,1.96584398042834
4,1.88083531878299
2,1.93546435597339
4,3.93986670751286
3,2.09415394869225
10,8.5770671205792
12,7.55953167598503
1,1.4907915399448
3,3.04774158787761
4,2.57609607689259
12,7.47398127996397
6,3.37591226267714
4,3.13020809438995
6,3.51844235105997
2,2.70261800225301
1,0.755889349437359
0,0.55939950912036
4,3.29901781414329
2,0.998328158618553
4,2.16248153415979
0,0.73297714259964
2,1.74216611644959
4,2.27382049558925
14,5.97155569007284
0,3.18465035399903
0,0.639968608011408
10,5.90639177888677
8,3.71533595233995
0,1.08967326679523
1,2.16237167045283
7,4.47786981222988
0,0.967331451406013
20,8.44810163193266
0,0.680162195032292
2,1.35679361992941
5,3.06704793209217
2,2.2481737914662
4,2.63409354978097
4,2.55907252014551
3,1.74453985752045
0,0.417830805359404
4,0.890658491682549
0,0.791274792421901
0,0.786985436160896
4,2.92183255691929
0,0.434046319778725
0,1.14164596413649
6,3.76222786716357
6,2.15902784313293
0,2.07835787479154
0,3.03110962921821
0,0.998123181310041
8,6.94123417714935
1,1.24380464256526
0,0.765969188382969
4,2.37729572761907
0,1.55102664530448
9,5.50101866645311
1,7.49240578101489
11,1.41530173871837
7,3.71591249550736
2,1.78162369091975
3,1.77012019700652
0,1.74394950265601
1,1.09609660715198
4,1.65283217510215
0,0.819833722557601
0,0.349135329986728
9,5.43321242904158
0,1.87884040505286
11,6.05535635046974
2,1.72497457410792
0,0.615888086570907
3,3.28684143393391
5,4.1811023955993
6,3.93882662939681
1,0.770957748908543
4,2.28497287517175
0,0.934019719841103
0,0.72077173421404
2,2.39422141445928
0,0.820772259905466
0,3.34400779598715
0,0.890539100511181
4,2.08101975366303
3,2.29589647078105
0,1.56885925963042
0,0.785505159090414
1,0.799447153348319
4,3.0781648333209
3,1.75773446591012
2,1.90860443940517
0,2.80431156715858
3,1.68301711627577
2,1.11223288558554
0,0.738019695493913
0,0.605052788693338
2,2.82640921691788
1,0.731788606579712
1,1.35145617304378
0,0.972411608497232
0,0.797326117766277
1,1.34500098148546
4,1.58604874638074
6,4.35154352391804
0,0.649714274142842
1,1.19728611138458
8,5.38287299335204
2,1.22550004620247
2,1.19497112094096
0,3.03661397590033
8,3.27244606240231
6,3.26383893497751
0,0.774117723909388
2,1.88302014163997
5,3.09479275548436
0,0.633027402000678
0,0.810369324414725
0,0.963004576864558
1,0.906859131167713
7,3.17236494847605
2,1.82723158445922
4,2.46293186780386
0,0.761315823824364
0,1.05069968630809
1,0.860597231689623
4,2.70194192212478
2,1.22622547741686
18,7.91366014741725
0,1.46140688919177
11,6.0714616098219
0,1.37223631548095
6,3.88063163439343
9,4.76718376123143
7,4.58082095656457
8,6.21519170158497
0,1.06296927630445
11,4.47360472867666
3,1.65257706310224
8,5.01127075849624
0,1.2713539157894
0,0.978372599788058
0,0.811135553000248
1,2.10650268500372
0,2.91844698805509
0,1.06389291508516
4,3.21314941130372
5,5.66584914611182
33,13.0348596129829
0,1.89598761828477
15,11.1541694214203
0,1.20362564907324
5,4.99075055490358
12,9.64329021766631
1,0.98805933498803
5,2.70275635621851
0,0.744603131865163
1,1.12654354001959
2,1.30669585006752
8,4.99088978336936
0,1.51461948044024
1,1.17397733676882
0,0.798190638733262
0,0.517897730360534
0,0.68649606457487
11,6.21609138094847
2,0.674051248137827
6,2.97514229310227
2,1.35553977159105
1,1.28392885186044
4,2.84553418105327
1,0.861540970414628
3,1.7209379813604
8,3.7338972056182
5,2.73203811456577
2,1.62778632995726
9,5.83789713515082
8,4.91370943440647
6,6.18528913302711
5,4.78689725012748
3,3.91839972830026
27,25.0709292659937
8,4.71672191905794
8,6.37289137298525
0,0.595053466086402
0,0.602791956675382
6,5.57785436503448
6,2.78732378399579
3,2.04783488226661
0,0.887654279417254
0,0.800639782558255
0,0.918075887079479
1,1.27128885002696
0,0.777344942917365
3,1.56438716712463
1,2.14359365652724
0,0.576371963334853
1,1.56073466527066
4,3.12156820562528
12,6.85986982503736
2,1.30320606334408
1,2.44103400131713
3,1.88165932213396
7,3.15901581999421
2,1.92224819788718
5,1.6677858218843
3,1.98723894542113
3,1.75980168072274
0,0.319844732921523
0,0.602757300267943
0,0.692221607926921
23,14.4826000932774
1,0.692998893462346
1,1.10607726308023
0,0.592582213698711
0,2.19792435885089
2,2.14248441849602
3,2.25545167865846
0,1.26165681536698
0,0.651859651896182
0,0.592272288122597
2,1.97028536514522
2,2.38672287794178
0,1.28536585260463
5,3.1216422012646
0,0.757350581644941
2,4.02101381254195
1,1.81053930417073
8,6.69050285332924
7,5.50650334594563
0,1.2523885287927
7,6.08367612870671
1,1.26694082518186
0,0.673366472706117
5,2.28792479827152
0,1.03959677064291
3,2.0186904215324
14,6.83137963025352
0,0.574372376054876
0,0.88446138165522
7,3.7591000578033
0,3.5613937821897
20,10.70686488032
0,0.668176658657519
2,1.258328871857
1,1.05979642950359
7,4.86147961591223
10,5.99383288487427
5,2.94872098719678
20,9.02382889429288
18,15.2041930261633
69,31.5689699377424
1,0.439589800151468
0,0.124524474781096
0,0.206408009729702
0,0.0949239407744994
0,0.659021121981668
0,0.299834324268872
0,0.0203324922642587
0,0.399615138471294
0,0.514029651023684
0,0.459711777132359
3,1.64521993161949
0,0.265392806793048
0,0.393757861511808
7,4.75352881840398
4,3.21753637137023
3,3.6930237919516
0,3.93165512083091
1,2.03908357601394
0,0.350233315206418
0,0.346657538236703
1,0.0896197444439809
0,0.222688393520314
0,0.0239964621707093
0,0.0155393746009054
0,0.0716541844464435
0,0.130673784862355
0,0.0587100308375156
1,0.335900876337228
6,3.02434670105328
0,0.27567347814279
0,0.335390480761624
0,0.764763668846737
3,2.10604846848439
1,2.20105173330699
1,0.496626046251843
0,0.388043947495368
0,0.810518111688375
0,0.0598289705915356
0,0.206183913077375
0,0.80456130116274
0,0.680712358598159
0,0.421288626398173
0,3.98291152869463
0,1.45054288222696
0,9.6474097188273
0,3.04199127591727
1,0.284629068098345
0,0.42001080938837
0,0.592552352970113
0,1.87922124425736
0,0.450799142138312
5,10.8221608004386
4,5.26426382147922
2,4.65059681678484
32,9.99161678497481
5,4.7777209192222
0,4.23779869736101
8,3.4633536927757
3,6.61360202579285
4,2.91482472331352
0,2.2846921156901
0,1.92178991922109
0,0.852440153176845
0,0.400659278204307
0,2.39488580956722
1,0.427257502723195
0,0.39511878984959
41,12.8128454250422
0,1.5531748321269
0,0.687112500311748
1,0.924071036779114
0,0.436808847647435
0,0.0044717123614846
1,0.385235702313973
0,2.64805150890919
0,0.935300096853459
0,0.203295687730921
8,5.01473703869214
0,0.813273386493803
0,0.449655224476603
0,0.66913444520821
2,0.68813182747119
0,0.598031212206049
4,2.1612261908859
2,1.33310814524369
0,0.395592876830811
0,0.16458697502523
0,0.342899241864028
0,0.311075034608173
5,3.5760742590995
4,3.4817072903395
5,3.24485226130646
0,0.283593006344374
1,0.714669769484632
0,0.166421097348328
0,0.805267185906318
0,1.80573325325455
0,0.224500603434953
0,0.13159783386218
0,0.536166537163581
0,0.617777198180533
0,0.14163238940903
0,0.264854890152402
0,0.417386977392611
3,4.56248195571269
0,1.50676110329489
2,0.655849489864494
0,0.494907887556723
2,0.562407306990949
0,0.336846005857461
0,0.570115872920783
0,0.088972908109351
0,0.102825208454876
0,0.162585399267396
0,0.367765780200707
0,0.328112717096915
0,2.81093537242507
12,4.05762019152925
0,0.385833217270119
0,2.85016673835844
2,3.9105787632484
0,4.23686136190578
0,3.04013433479144
0,0.464307278500973
0,0.241157510552829
1,0.738022218606005
0,0.171481699915749
2,0.746620645366517
4,1.69041628092893
12,6.60729607785908
0,0.953054016172994
2,0.997852459975692
7,7.00345103325148
0,0.317193161279492
0,0.600690290244765
0,0.331785909245814
0,2.21963657079707
1,5.25596651125769
5,6.36404685274437
2,2.17254307572495
2,1.15163228202725
0,0.210199417305682
3,1.00967366711737
9,6.54145327948965
10,5.87424754944446
0,0.0466005460966656
1,0.498143122931266
0,0.44703765214648
26,8.57496488257315
0,2.06253685823127
0,0.855900279902855
0,0.106587472727108
3,0.763322921004559
0,0.391526493601798
0,0.189419298867164
0,0.320117027008814
0,0.0889991603177572
1,1.08468713400159
0,0.0773322093495387
0,0.347115369312901
0,0.0965755331545228
0,0.348765919598566
0,0.0875814181063184
0,0.0887948482330757
0,0.0669297842902721
3,3.89565739999182
9,1.51214509723404
0,1.2759295756731
1,1.16524978367845
1,1.58841698539283
1,1.32923547118468
0,0.0567840821695342
2,1.34273708634837
4,3.60436468065978
1,0.953410678355976
0,0.820056055160693
0,0.474942231078654
0,0.441240073833418
0,0.18918242066529
0,0.27983163820335
1,0.174701923402636
0,0.42488571549148
0,0.933406743348091
0,0.185776959069997
1,0.925087224826739
4,1.44239882214916
1,2.48198500882092
10,9.35656943722077
13,7.44887475394108
12,7.36181849903797
0,3.25718278149459
0,1.92600999555562
0,0.528958394349455
5,3.38921234722906
0,0.526699896215675
0,0.341534088008655
2,3.89483269336334
12,2.70461973547822
0,1.20548089388502
0,0.136311176446093
0,0.326574327321284
0,0.0880018114940451
0,0.164690425961449
0,0.252378205722044
0,0.242617298621894
0,0.10105616799216
0,0.379123638716118
2,2.25395411396799
3,2.04749902562638
2,2.18952777048827
2,1.62293275728998
1,2.76313264097627
0,0.683889693414311
0,0.197862678547718
0,0.267209594513512
0,0.0998753960306503
0,0.096783040439577
0,0.0482536482102223
0,0.0911975672572094
5,2.10477726667887
0,0.288054135572657
10,4.91765302025672
0,0.436495565287547
0,0.423498756669268
0,0.860801468925628
1,1.16721013836599
1,0.173819444033819
0,0.24605508836392
0,0.307147199263713
0,0.296099364264849
2,2.33411232913844
0,0.644887498224069
0,0.123889104204966
0,0.0866678573789668
0,0.340812068063901
0,0.365828102609124
0,1.00256833417738
1,0.344507178677004
0,0.569137373562752
0,0.131696462629581
0,0.327920297158871
1,0.531992834975253
0,0.582739753722698
0,0.199977191664892
3,4.32874086404782
0,6.44704864902989
6,8.15487630675934
3,6.77440287990645
0,2.22175757486035
9,6.33642945984266
0,1.15194943987267
4,4.91886559085171
6,5.76343093870415
0,1.22014663738412
3,4.27229598677247
0,0.123023375887729
0,0.893771846641894
0,0.231665134021719
8,2.53344086114786
1,2.14204204444205
2,2.45668836479082
2,1.36211734076392
7,19.2213644461601
0,1.6777554674991
0,0.30824626750033
1,1.28252672588828
0,0.486643354304136
0,0.236161277494234
0,0.121763489663267
0,0.550176991703139
20,7.79427800876688
0,1.21051942374547
0,0.509993576047813
0,3.35848586611216
4,2.91443713670707
3,3.42208687579755
6,3.59974916241604
0,3.26483653742181
2,0.498433432345913
0,0.676171130839275
4,3.13637770619691
4,3.6329112362293
1,0.626833147786969
0,0.989623580442733
2,2.16209178800946
12,6.49711076313982
0,0.633277921764848
0,0.727236554177997
1,0.188663236500082
1,0.398594198278425
0,0.268092714533251
22,20.3890083266475
0,0.257862783907443
6,5.26939267581127
0,0.613315158695331
0,1.0111568346262
9,3.35118474606822
0,0.560482144174749
0,0.252081536205275
1,0.871999321621009
0,0.733000642431512
1,0.257869014680011
0,2.52913042931629
8,2.53026637041383
0,0.35570803211916
0,0.745989229249357
0,0.649303144611573
2,3.08140331198338
0,0.456663080856958
0,0.291390935446739
1,0.570113985635826
4,2.09712634498238
0,0.252078864254192
9,5.12118922626198
5,9.82451408613477
34,9.67434235589711
0,1.22614120434013
12,5.79726380514876
2,0.249707532581845
1,0.785173026313239
1,0.49528240323602
0,0.401109615448194
0,0.262146342355283
0,0.473240579648959
12,10.9366362822177
4,6.94295465600686
0,0.853477752005316
0,0.495778576891037
0,0.513726511755426
0,0.126913673587313
0,0.262575856334764
0,0.170835890831677
0,0.0207623272569901
0,0.197495690034957
0,0.22786172890845
0,0.300173573730878
0,0.19716645444456
0,0.207793645062063
0,0.14609901969432
0,0.248532570022983
1,1.0619561162691
0,0.455918203133164
4,1.90179199092482
0,0.343714829956062
1,0.30608051303915
0,0.513272914884583
0,0.498532816816604
0,2.05863614925932
22,13.4555133642425
0,1.44770314723424
0,0.540936974325127
0,0.212942014133136
2,8.08899663534303
2,2.01001528239121
16,8.23245381152494
0,0.769782759639019
7,2.98698262428444
8,5.6210156142085
0,0.193402844627603
2,2.71042892867659
8,2.66526649120545
18,13.2792578400704
0,1.72979971994852
3,2.25130266964909
3,3.17251713933643
0,0.865597401300379
2,2.09435647543785
0,0.563954056523263
5,5.25089958276699
2,3.07076260677526
0,1.01197945465072
8,4.94909220784642
0,0.441284871922205
0,1.07466516231021
0,0.829700368959067
0,0.403896004364098
1,3.03871884874362
0,0.940494941315916
0,2.12401012349406
0,0.429596005577919
12,6.50698566725142
19,11.2948462017001
0,0.889984963288169
32,16.886976914083
4,13.6209467675393
1,1.60858050123915
0,0.321918087102675
2,1.70688860222425
4,3.97117780361005
0,0.783081912629423
6,2.83352691754282
8,4.15725315817562
0,0.49387170290705
11,5.79436301440367
6,3.57412906711986
0,0.92708358046286
0,0.627445303534088
0,0.660532093261692
0,0.877547876261116
0,1.27498205709327
0,0.454657411720792
0,0.372769224795651
0,1.50281422006878
14,4.42019605852204
6,3.47739108013754
1,0.503206729972023
0,0.88266742528727
2,1.15691587637114
3,1.65774562437617
0,0.486307874064723
0,0.993436280887165
0,0.354567972964824
0,0.84423208276124
15,9.67573421288362
0,1.15752824241424
0,0.602547492539977
0,0.84393765672942
0,0.542649759297859
1,1.97792374108767
5,4.88005234485652
6,3.75354896336125
2,3.18015598578075
14,9.26747357268879
0,0.623379968542241
1,2.54776394785464
63,30.5000334055097
29,23.8149183489745
1,6.60797248282019
1,0.852800059712528
6,5.78961096598244
5,4.84464565881218
3,1.94011100693026
1,1.00325283347976
0,0.911068329228781
1,1.02794931667565
11,7.40171152947799
21,14.7913267845982
4,2.34142921612226
1,1.89635025936712
0,0.703778574203526
3,1.95768207517131
3,3.84756119265613
9,5.75481639603219
7,5.07439629980945
2,1.05124650697983
0,1.34091691395016
2,0.181168717432525
1,1.23433130672063
12,10.243665372984
13,7.48782154367489
0,1.0468573273781
13,5.73126250755115
7,7.9323689104709
2,2.89163980670771
4,2.18647605915446
0,2.30243683168805
6,4.42158202298722
3,2.49097738618705
6,3.03855870352534
1,1.49290605320509
0,3.11031439002177
9,6.66746999660826
18,14.2316484872611
16,11.9308636681455
1,1.0034864885436
0,6.53957859452795
15,7.1615138985319
26,9.35572112177226
4,1.75304566624812
3,1.36696037703671
0,1.46401567200572
0,1.77672908686611
0,1.21252166047476
2,1.40707561856046
65,30.7949451735653
0,1.33797986211974
4,3.94493192817512
7,3.13906703583221
6,2.80005521417354
0,0.634790857586582
3,3.23164058337856
0,0.855822567774277
13,4.52446121225922
2,1.67783904115451
3,2.85681731540647
7,6.25598262422177
7,7.84735236699974
4,5.06365178818118
9,6.29938988796193
0,0.77918177298176
0,2.50544856937724
0,1.58677292078406
1,1.50792411089522
3,2.09419064935473
4,5.82744495599515
3,1.71288794014899
1,1.03250064009932
4,2.55803155423013
7,6.17339854762646
0,2.36839034409463
13,5.45854396025635
0,2.35540393336562
1,2.56497918282709
9,4.43867817002515
0,2.69144110022024
9,4.51116228002732
0,2.65998694609824
9,5.16593170587045
1,1.28181546664506
74,41.8644397862752
36,34.2144549229186
2,2.35432898937058
7,4.88628543088858
5,4.385307452617
2,7.62465225279804
9,3.9173493100453
4,2.62141999030967
7,5.61847401443991
1,1.30525874620356
11,6.96898613584074
0,1.81064061066899
3,0.823435441601648
0,0.862014038264509
0,2.06397504008737
2,1.1563500265002
0,1.92507032241344
4,3.30954632892454
2,3.18942897546119
1,1.5101704351371
0,1.45266015009224
0,0.768602058509511
0,0.174800579877898
2,2.38835559758522
1,0.788580627061321
16,6.67951342163188
6,2.08142919021917
1,1.049301355149
3,1.58914759189157
4,3.6930780622558
5,2.97998055837571
1,2.49538852723874
4,3.19252088112056
15,8.61471126773878
2,1.11890813778238
13,8.06181757322769
4,2.94209501445028
0,1.68786626912416
4,5.84295032829401
4,5.54700006163828
2,1.63005094871904
10,2.29164191453225
2,4.67545425824775
12,10.0115076200451
7,2.90001135273696
0,1.41963050967524
1,4.08673466654324
5,5.76772226088488
4,2.93583380385088
0,1.19663372736359
0,1.24120811238065
1,1.54492961705413
1,2.14375780789337
2,2.81790081787263
1,1.38045567386531
9,4.60497265331229
10,6.93525630951393
6,6.19327881892974
6,6.07952270469476
2,2.07187999908234
0,3.77860045211035
4,6.69161408322413
1,0.40314559718045
2,0.728258192018176
13,9.24336259952097
15,6.38944067776148
12,7.63152849670235
21,11.7546900824613
7,10.8059452919633
41,14.7127872608735
21,11.9514136786283
0,0.849672840796514
0,0.464570942704608
12,8.48057725069347
3,3.29231834419781
6,8.87874944074408
0,1.34470490102705
10,11.3496228745236
5,4.30799538396178
0,1.37985038698954
6,4.04818198109078
6,9.30916315663019
1,1.34754465821979
4,5.62730174928997
5,3.70202730746884
1,2.41178640448422
7,3.76239580315785
4,2.56052493809305
0,0.529643730853689
2,0.976363816158054
2,3.50759423052986
0,0.935357805127791
1,1.11351576915274
0,0.117702722482613
9,2.44169821489958
0,0.244351256889612
1,0.113717722508355
5,3.12016522952548
0,0.735636366245387
0,1.23440766131692
2,2.7443467594839
3,3.9000330804113
2,1.44452230847971
0,1.10558537306364
10,6.67730133789649
1,1.27694204200376
0,2.77672159019112
0,1.01002674579591
0,0.552554366073409
13,12.5403651665494
4,2.87502094829466
21,9.70191969610274
2,2.39910845688431
7,3.77837866697983
2,1.72794670656264
2,2.08042090190236
11,9.12431733597957
2,2.3334228297624
9,3.55286221042787
0,0.0988000425336316
6,4.75760833222534
3,4.15754456554605
0,1.1130079302108
0,1.24116956712158
3,2.16671706116148
0,0.971105988281539
0,0.693600899566977
2,1.65131969176663
4,4.16465864664085
0,5.05126083061262
1,1.29363172530041
0,1.09224884686711
1,0.57491212584334
5,3.93614002126179
16,9.30773504859626
0,1.29797868591391
21,14.2364130860626
8,6.10493753453346
17,13.6838874715122
0,2.51336577664134
5,6.16670734818546
5,5.15976065996423
5,3.82509165970318
1,1.64246162810606
2,4.43431076114362
18,5.58076249737637
6,3.55789926840176
2,1.76627935366855
5,3.34220429368996
1,7.8074429857453
0,0.874364010014055
0,0.55018094111265
12,4.53703299955498
0,0.906350332564731
3,1.89468302121507
2,1.75479489091537
9,3.99638980460352
32,12.5724785927604
5,3.35572126581804
6,2.59342111417227
3,3.22042267255426
3,2.3543668493193
8,6.11864730923346
1,2.02529965395578
0,0.850989864226877
0,1.28676335709757
0,0.21428233029229
4,4.23712229441613
7,3.97236274442114
1,1.28023810936558
7,3.06739718544033
2,2.12918571134642
0,1.23151781011002
8,4.31924418887399
5,3.49829741054998
0,0.857677692949147
0,0.935889566323254
12,4.37939909841809
0,0.629588091252542
1,1.03971750216943
3,2.68365431941642
5,3.52901635231475
3,2.2454312405246
7,3.67275529357965
0,0.635217505202875
26,11.1543345455376
12,8.44990821891696
0,1.86650089468294
5,3.71219852624488
5,4.08051800350535
0,0.172914091603569
28,13.4355247230541
17,7.10725652156358
7,6.00941235725687
7,5.38948599440751
7,5.23594608122725
2,3.01135529895514
1,0.844245808717724
0,0.822261916391608
0,4.7330711347258
2,3.01081281529908
6,6.59356984190234
5,8.25615315103019
0,1.20487326683154
0,0.629530934104424
5,3.65480814253476
0,1.17452612109219
0,2.46670711699308
2,1.79575711920506
0,0.964387638543826
20,11.4067892437285
0,1.0298514962361
0,1.02323419845612
0,3.28458903316134
4,5.92662045916043
9,8.07553777138222
0,0.690817353959416
0,1.05803376742825
0,3.27304561667874
7,3.30779953493787
1,1.4040705209138
3,1.26526179171244
0,0.782800606260617
7,3.77655186958851
0,1.0473364702503
0,1.79742407035024
4,3.87415453054825
2,1.07968869642364
1,1.00816660258224
4,2.07959509503187
0,0.855808884706366
1,0.865831758505629
7,6.65144836257808
32,16.5166382730167
0,1.09375273059447
1,1.45459743790464
2,1.39515982003434
2,2.09497881625617
2,2.3240739637897
2,3.93840318620001
13,5.22115948614452
3,2.62923170536754
2,3.46064192723117
5,4.8162896338673
0,0.887103482027828
1,2.53337399089372
0,2.96138880267434
3,2.97769028963251
0,0.356128622650985
31,19.9766608033696
0,1.11068839489676
0,2.45185139192829
2,2.27186962906292
21,14.6407453828936
0,1.00007376599293
0,0.973590428102642
0,1.20468475296152
6,3.19291104754905
3,3.31916271996372
3,2.84834979200363
14,7.0162746837011
11,3.78976048562396
16,11.2436042276462
0,0.727498550951205
8,5.5440401564216
0,1.76967054892866
0,0.743406995939884
0,0.553097023190985
0,1.36475421393915
4,1.89810136223967
3,2.76485475144291
1,1.91397582244035
2,2.10057980955153
1,1.54006329624355
3,1.9865468924831
12,9.31841235029059
4,2.60848149355185
0,1.19750797878593
4,3.05552004291688
3,2.15062037035469
2,0.679313769938081
6,2.29342014674495
2,2.31047545723486
7,5.53790663548658
5,3.49070527521484
11,8.31821649492989
0,3.47644814160154
23,11.2969872068474
12,10.7809037304511
2,1.73216777366675
4,5.86308745475099
0,1.3081578298327
8,7.17167166616419
0,9.76881015596993
0,0.362513750755085
0,0.38683579024153
0,0.391286384486751
7,6.89162085328021
4,2.28068523922136
0,0.913316614724359
0,6.98517521883221
2,1.68413521021286
7,6.20298756331277
11,9.75669709897358
0,0.893144367242853
4,1.61069740356361
1,0.611157713888567
16,0.877459399666936
2,0.5920224444095
0,0.670234155737533
0,0.944700132083387
0,0.781653554705272
4,0.739359758983054
3,0.847964466396303
0,0.703491199675351
3,1.15824288410339
5,3.41013087659829
7,1.27802290753502
2,0.791062735413426
0,0.982181913171685
0,0.161842608446789
1,2.08075554457474
3,1.7352749248403
0,2.51577412913739
0,0.802425002153914
0,0.376151734885834
0,1.49513662322639
0,1.13558292306767
0,1.16973121999503
2,1.45697431446967
4,2.28169365792868
1,0.94636973199837
4,7.6104733237098
0,1.67526289968285
2,1.50861099236167
0,1.0646330207623
6,7.09313308719538
2,0.914334707852209
3,1.05425210626423
1,0.807856648142326
3,0.901545182212966
4,3.39200801647572
2,0.526658293496759
0,1.04889300228218
3,1.49804206927351
0,1.18196350002431
0,1.17966276513527
10,1.60821529072451
0,1.24608150000684
4,0.774036611143055
0,0.911582231692226
3,0.70779140357307
0,0.471830891598964
2,0.761797006987594
0,0.512943137621567
0,0.581433726398232
0,0.266550691349769
1,0.907808246625486
0,0.181642153656834
0,0.747705528086248
3,1.93946525496132
12,8.70463589017652
0,1.20577794422732
10,6.1031221350017
2,3.00513282668359
0,1.62084902667515
0,0.443838959805679
0,0.357211196586711
0,0.772523296924405
9,5.10852317892283
1,2.09841867586829
0,2.67759278999916
7,2.76485879778434
4,1.22217930147268
3,2.36663446301231
1,0.438769500621065
4,3.34497462623336
1,1.99920983255101
8,5.82487755592706
5,8.60925837786466
10,6.54431397754364
8,5.97121550389426
0,0.799578720206833
5,2.30547003332517
7,5.73200695711087
0,1.20425420273486
2,2.16428109241231
0,1.06071729634765
10,3.88969566091512
13,8.17838406080707
8,6.6611524562021
19,9.31258268734171
40,19.6271299401793
10,6.53671456428013
4,3.14276715534611
0,0.816681782016727
0,0.963033947128771
0,1.00399258658121
7,5.4169706076818
6,3.23055454835572
1,1.49422412756596
1,1.13264242266066
0,0.697438853406896
1,2.24979694502133
16,8.13872891133634
5,4.93993394877588
5,4.64049026952206
0,0.498582818385397
0,0.880502400095562
0,0.816322071733032
3,3.06988955926601
0,1.03284336375579
2,1.40481045076125
0,1.05576317409798
9,3.75384805022258
1,0.767008690732006
2,3.26441118155591
1,1.3536404340694
3,2.03496363597802
0,1.09696002964675
0,0.78282569821767
6,3.30285747301651
2,4.71522812165634
3,4.26266285468087
2,2.03404165554861
6,3.06206666686223
0,0.751770649579352
4,3.31257885880057
0,1.58034637303119
12,9.82271764433111
5,3.13626933194519
13,5.73829282005769
0,1.67459048289758
4,2.78190465729931
3,2.78696635697827
32,18.4045031860447
4,1.94804252333769
6,5.5359217564096
9,5.33530857759806
1,1.16511536784101
7,2.94751773038719
3,3.70326863639422
1,0.709160076212579
1,1.21395095819865
21,10.2238841738013
7,4.74444595963222
14,4.6742904750962
16,11.7733021953998
1,6.38970660730554
6,3.1830579787003
0,1.96759308549619
7,7.89315418038557
6,6.73683889958538
9,7.69976339398948
11,7.44687845860199
0,1.11364410850105
4,4.09925341473675
6,6.64999152668255
0,0.69858990607886
0,0.648283964336837
0,0.528959180734393
0,0.92620057443599
0,0.637144669926451
6,2.30481458122719
0,1.28337380597558
6,4.16700888101787
0,4.90198672345789
1,2.37189762840197
6,3.40775829126376
2,1.7889122417464
11,9.53685076217078
3,1.63076342028436
13,11.9129106235917
0,0.995815409711061
9,4.52229513045526
0,1.71869633164889
0,0.433060146129117
0,0.739160730084577
7,5.0658543436189
5,3.08960067751466
4,2.0519756497211
0,0.839732450837145
0,0.669544493059307
3,6.37200158013569
3,4.61282126733935
4,2.56130949589835
3,2.81436754896098
0,1.37754589706258
12,10.4865243070242
0,0.885576317023194
3,4.35968246025466
3,3.06278613516507
0,2.95453663338178
6,3.93731836387821
3,4.85517571231942
1,1.26688431839437
1,1.96081114288693
12,6.84325989957232
8,7.1933992636341
0,1.15942106411191
0,1.45746937554628
0,0.846045318397941
0,2.2072728666149
1,1.52077927984124
7,6.28260831297846
2,1.73673030837073
2,1.94203525316239
2,1.69431924810505
2,2.48895621323015
0,0.681061175429303
3,2.6242117062591
5,4.46830844980573
0,1.61051161105644
5,5.21428269262749
11,5.87393625696781
6,5.25409464059271
3,1.61005482578642
4,5.28215855554855
3,1.79546779939308
3,2.31434259059012
4,3.54050535242858
0,0.770251093202611
0,0.736807681597982
0,0.948441289990992
4,3.46815269979756
5,5.10718545159836
11,4.65838150556874
2,1.05043320860272
6,3.98478576765194
2,2.44099869175059
17,9.12574490191902
0,2.3883655280853
0,1.78754124082579
0,1.74389977276983
0,0.362199386070284
11,14.0643302173873
1,1.34456557752151
0,0.55554559668478
0,2.04243598063364
5,6.2460880659551
6,2.72229112014355
0,2.64521905979032
3,1.75214378228588
5,2.51921984811964
3,3.00169375579564
26,27.7276221282327
17,9.19354805325554
1,1.46756131279355
3,3.75611114165642
3,0.410742322419524
0,1.46835466335672
0,0.940418232375947
0,1.03161966943736
0,0.0614219047981308
0,0.141213888005777
0,0.100392290593976
0,0.109150900468917
2,0.336734946849964
0,0.201614869761412
0,0.14921928475059
0,0.561426748652673
0,0.0551840627207998
0,0.103374951579849
0,0.153158471390973
0,0.185450384670923
0,0.152465040854449
0,0.905436013358396
0,0.036997889365261
1,0.138664176243984
0,0.0840434883556098
0,0.141990722089368
0,0.231979429416878
0,0.635124307092258
5,6.77449006785636
0,0.655159031571607
0,0.569284003223343
0,0.575638668894057
8,6.04857717690594
8,5.71480902245394
14,15.4260247421565
18,19.2796914570045
6,4.10680177983942
4,5.16109292981365
17,16.6294775929902
20,18.4972101664405
10,9.97745746380368
4,3.47177670862675
0,1.72161975738473
14,11.1666662660728
21,13.2300003755118
15,11.3359855084641
12,10.2963517453886
4,4.81632158601127
0,9.23272514947438
19,157.678576855479
25,127.804894280287
2,14.6213165368526
10,6.23793293471074
3,2.32152184658788
3,2.43730236788542
2,2.38332136855268
14,10.1707557692483
1,1.8245008476457
5,1.14925931049346
1,1.69491134635395
2,1.81699133801635
3,0.649296107289212
0,2.08445949143859
11,13.037962609512
41,29.852007391168
12,5.75009011906942
29,28.6724579869023
33,21.7037868127927
70,36.9096589142893
42,33.4303431268021
0,3.85604818204813
14,15.2215115421722
8,4.63824890327845
17,18.2955552638197
16,20.6030020767934
6,9.38883836584292
12,13.7299615522607
85,61.5290877900136
10,8.21835819769052
30,26.2993362980212
47,34.1543363243871
11,1.98576562210778
36,32.8241227621969
8,8.12737300171007
11,8.28926639170339
11,10.8772494044541
0,0.603284255738954
0,5.16090762394501
18,18.9972696031409
6,6.55124324025081
36,15.8744359930203
17,12.4870628772478
13,5.9640014220918
4,8.30480466131177
25,14.1029637521863
12,11.8948152154655
8,13.4598140895968
3,2.56858068739017
0,4.68675357718066
7,6.47007551576245
28,15.3995689446487
0,0.724285849165727
0,0.33417488491349
0,0.820436779915823
0,0.253269158597805
4,2.4872063514589
0,3.81576182594344
4,4.76400377104722
55,31.9066199180613
76,42.3558882975133
75,33.7188990974574
23,13.1465757215199
0,9.30657180139228
19,18.5597282705079
16,15.0650891523917
25,19.2307886100913
5,6.62428334467918
14,7.94668193065353
0,4.31513996618724
14,4.84808716618557
6,4.50498826697675
3,6.99316322264066
9,10.9830925786307
5,4.42027798280277
23,10.7236962757422
13,10.1917579897038
15,13.0023022380116
9,8.44483581514743
14,16.6613461673177
11,14.4043590860101
8,12.7351328281049
19,18.021513374542
23,21.6447531137286
25,21.7160195931453
17,23.8142741870441
18,21.6552059416269
8,9.15099481625152
9,14.7979814002505
19,18.4525270771989
0,1.57033735207402
12,11.3348948216617
15,17.5177691149193
12,6.80308993758891
17,14.1324821862854
2,3.38071036566643
6,3.55714093306785
45,23.2723028794599
14,15.3393573185993
20,13.1823009393231
12,6.02764241276162
26,14.1127223580729
11,7.76803540909552
19,14.3507527130457
17,10.1324405152247
23,16.6314648376391
6,3.20937981264356
6,3.63150482111984
1,1.30783221676714
11,8.76355553942783
21,18.9729088224058
10,12.3858624732081
5,7.639872286361
6,6.87784003840406
11,11.9233109839116
4,10.0581685195836
10,6.50169204750404
47,20.3680152981101
14,11.3587955128626
6,4.07432121098778
26,19.5797709408371
5,22.7006920518271
13,9.07455700995467
22,12.5972626880516
29,23.9746514637751
28,15.5387181522701
1,13.4488463213692
17,8.56614739603439
0,1.23732970932777
0,0.574100909772797
35,27.9097296435129
25,19.8795251884374
32,28.7083955233927
34,21.9792757831901
4,4.29247080479636
7,3.86363953893981
4,4.25907208989588
4,1.71838466155299
4,3.37026161143867
5,16.9724497137543
6,20.2508747908024
9,16.4087411318967
29,21.7287156507079
33,26.5668807302379
18,13.6507607125205
21,24.29074895817
18,14.823459544548
36,25.0201858127683
10,11.9808501117197
19,28.8591161960166
13,8.66219236027058
20,15.4718528271734
28,22.5321828119039
0,1.43891944040371
6,2.23631487967479
0,0.451239549385427
0,0.569323710888765
0,0.662535620310236
0,0.395845602831672
0,0.027215495327216
0,0.431775694554813
1,0.516450497486865
1,0.981258369510052
1,0.719317396209396
0,3.18954781671493
1,6.40337155175592
3,4.83176457048806
13,19.4652150712408
13,7.794712357239
3,6.32824543246906
20,13.1882388623299
23,22.2009819339413
11,9.75552627943718
43,41.9930397455877
0,20.264229808438
1,8.32229409837409
0,1.08705865488204
0,2.10264045821153
2,1.11572533624559
38,28.935561461426
75,49.9089244310773
12,17.878904773094
26,22.1963976294606
34,24.1867107122283
31,23.3383400156821
32,26.799918962759
23,18.3359985125974
7,7.83223258573547
10,10.3099478326777
8,6.92224103034001
9,11.6338450904859
2,6.84279104741178
2,1.90960735801896
6,7.646425217301
1,1.55126422132106
0,10.4301438353834
3,8.0140846213519
5,4.99347634024163
0,3.2546027372933
4,5.05313955951668
7,7.78366058616322
6,7.79948941563414
3,2.10079688145969
0,2.06641897102
2,6.34624618197752
20,7.87146248974469
8,8.23548053221174
14,15.1188953947182
0,0.576618621050829
0,1.27509101523559
19,9.89793358336522
8,5.42970181278989
3,4.67024690647807
3,1.22672016185898
0,14.6568283615543
3,17.6525105155043
5,3.17674498315102
6,2.11812868775297
1,1.71232298685484
11,14.1048072549172
0,0.991541477090392
5,3.96782609727248
1,5.84314803295867
6,4.10894467570796
3,3.68794556195865
1,4.36525608319421
4,6.17828544805005
12,13.7359398183488
1,19.2979305998146
5,6.36050228992624
2,7.87435485556735
7,13.4233219041478
0,8.60149420775337
1,3.44440437660648
1,3.51636644308911
4,2.25556826001848
1,0.516416082715049
0,0.133707121513727
0,0.134704420935033
0,0.039745218535888
0,1.22864886244089
1,0.223949052471399
2,1.56728564818793
0,0.945337451304942
0,0.0983322290717356
0,0.56055349321424
0,0.71404914129805
1,0.660068566382756
5,3.85093248543923
14,4.21980835860931
1,0.99018266851646
3,1.26062057616151
1,0.19479788638234
0,0.622771172255774
8,6.89428829687497
0,0.0511891953948839
1,3.64275449780184
0,0.595128711870527
4,2.38258603156539
0,0.431226163255524
1,0.295050580499564
1,0.854386188395472
2,1.22364745433558
1,1.07444086066766
0,0.162889198413073
0,0.494781492230847
1,1.75310609812196
1,0.486577044763911
0,0.595724614569589
0,0.599208630574542
9,7.15000004327229
25,12.6751972403156
3,0.608951986851327
1,0.518835756641925
0,0.442027516799034
3,2.49675132616162
0,0.526438878479719
6,1.59656697238747
0,0.882220197251015
1,1.13310782801862
1,1.14450415416275
1,0.658516969162857
0,0.538999699690058
0,0.506802544009396
2,0.665780528347595
1,1.25847405316096
1,0.734763261149669
4,3.04423714537818
0,0.145135115782638
0,0.0356859000025168
7,3.80163198693528
0,0.509908649878957
0,0.359515941182281
1,0.0851005325977354
3,1.11419051469877
0,0.0501676394297396
1,0.96466103391177
2,1.21052219688862
1,0.787159028032657
2,1.20902410227625
11,5.21032562044859
1,1.04598722325046
1,0.320017886078558
0,0.513534049466565
1,1.11972925299618
1,0.17095427128253
3,3.41957052495755
0,0.448455512744164
1,0.97153169231518
1,1.05104533825625
3,1.90632643569901
0,0.857096386733581
1,0.813078886245779
3,0.936079077437835
0,0.541263241962394
0,0.7665486558688
1,1.88262993679976
4,7.46736861233688
0,0.536652600038603
3,0.359845906012611
1,0.728932638626618
2,0.526695901265926
1,0.888392195769408
1,0.478234589809315
1,1.21225485961938
1,0.598427792692533
5,3.58809566084819
0,0.13583142496907
1,0.802526659649416
1,0.560517713333005
2,2.03383989720746
0,0.735359880799613
0,0.103592263427435
0,0.34419216796031
15,6.78639650660743
1,0.75369571513392
1,0.645876126250747
2,2.11152607072956
0,0.635905785737271
0,1.17752473199247
3,1.82460225839736
1,0.558868894590063
0,0.416206054767449
6,4.61202110817213
1,0.668152243459547
0,0.287348886677396
4,2.32427648348015
0,0.455745382010267
1,0.888651901186267
9,8.52483140330811
4,1.37796795000109
0,0.655564584268216
0,0.498938938285157
1,0.486364246641365
1,1.22886604827775
1,0.367434025722476
0,0.336077160980585
1,1.08229678396101
2,1.32654644378039
0,0.0669864834874185
1,0.0961375748661576
8,4.84759642555664
2,0.593323422208754
0,0.118929508715212
0,0.054514010312673
2,3.55667357715262
2,3.46128682584748
0,0.0925065556261588
0,0.840405333983789
0,0.165728177918137
0,1.1508855219839
0,0.123879662859157
1,0.611795117589079
0,0.320842828384862
3,1.19570850437902
2,1.14607643991849
0,0.939394318271783
6,2.72876266270461
7,3.54116185298003
0,0.0535004223582816
4,3.34900905133678
7,4.01043231619185
1,0.126966453974905
0,0.244762855244659
0,0.180917876566967
0,0.0437818671686497
0,0.0765519205318355
2,0.911249904739608
0,0.00541149131479989
0,0.0234935545043944
1,2.01772608403209
0,0.974189496637133
0,0.11030993320693
0,0.0405310518466608
4,3.49012164887231
1,0.74294989430764
1,0.76191685320877
0,1.1856796474255
0,0.0436271836414373
1,0.331304564197428
2,1.47460133039899
0,1.37206653741194
7,2.9142622525899
0,0.607565931906126
0,0.372551226726104
0,0.531253502926441
2,1.39693375042589
3,4.07724518836998
0,0.368236506217726
1,0.824754999783463
3,2.06109287234409
0,0.391088626186346
0,0.270168978647363
2,1.08059299240455
2,0.560135860341387
2,0.82150586631585
1,0.885830944130353
2,1.73678790279067
0,0.503614594391282
0,0.216985091673416
2,0.895868834238979
2,2.06144526420478
0,0.426270517948841
0,0.591733092109614
7,2.36624575628032
1,0.890852180284806
0,0.68084197506096
1,0.87841919184395
1,0.596072075583499
0,0.0412713574565104
0,0.412526873126393
0,0.394150525771403
0,0.252268474918168
0,0.131688756139112
0,0.413380342697555
4,1.56868135683548
0,0.349153960995187
8,6.77951517607185
2,1.8361194535251
2,4.48753385264089
0,0.1001780294251
0,0.531959754613769
2,3.75944029763858
1,3.73445069515636
0,1.44483250520718
0,0.0072679261922099
6,2.7064254748856
2,3.47541457135969
0,1.16672655804885
0,0.0902954506445986
0,0.156081486050706
0,0.129648651026734
0,0.0886788069611293
0,0.12048123273234
0,0.111005846412973
0,0.0934759510726462
0,0.10657645365523
0,0.135675381042347
0,0.201456689479751
0,0.121099685682869
0,0.0991296486066975
0,0.0972106348915161
0,0.651605659699323
6,3.31754497795811
0,2.71455136320825
0,0.909147892402643
0,0.539106629012653
4,1.12851943424848
14,1.02827917570625
0,1.21887069125994
0,0.863057686081496
0,5.10679131073427
0,1.10384299575977
0,1.08307644538386
0,0.956565915093883
0,0.877492053274987
0,0.790084862755431
0,0.649220487630461
7,4.78051116504799
2,5.03407549259766
4,2.21465716498792
0,0.488281187132425
5,3.52249862876386
0,0.175275662026482
0,0.198144408282879
0,0.0540368724755121
0,0.140586365323945
0,0.140689382280867
0,0.50621464379015
0,0.932216770289486
12,2.52915709630401
0,0.469085546395726
0,0.764341603308931
1,1.44036160081471
4,1.82112984326433
7,3.87357532003672
0,0.336568054004968
5,1.98387418154661
0,0.297445395908854
0,0.141868112512401
0,0.19359926831482
0,0.142583718282429
0,0.218024792593383
17,9.28010242584564
0,0.437217051084009
0,0.589665746965409
5,1.75393598773812
4,23.6355584965059
0,0.0361434329489497
0,0.0192343217637719
0,0.0193681290176757
0,0.0423335784915628
0,0.0721554264069683
0,0.119915270928348
0,0.0379636486435654
0,0.0318669621931327
0,0.0372590185869161
0,0.0219695961601985
0,0.0618035758099519
0,0.0157442030148906
0,0.0172674027218099
0,0.114685983493224
0,0.0207364969976423
0,0.0385798579292777
0,0.00756828548490725
0,0.122790955424031
0,0.0461192113666896
0,0.68507190941481
0,0.123254568171469
0,0.110087541231875
0,0.16663184181104
0,0.125613614043491
0,0.13350360955088
0,0.259582013898757
0,0.139331351498049
0,0.120577923703842
0,0.120326968174801
10,5.31828738350541
16,3.61818038579875
7,3.63957909373412
0,0.450236649753433
0,2.93477767439892
1,0.327600924859819
1,2.20924067338607
0,0.836913591258569
1,0.443735666813832
0,1.27390075114128
0,0.435017477479654
4,0.890223221421268
7,2.93129150904954
0,0.554658218991036
0,0.473904946689334
0,0.720019129147118
0,1.424589466693
0,2.0760445656192
1,0.601650761859189
0,0.0784509769704711
0,0.394075469157622
0,0.938817613240311
1,0.784294141534269
0,0.891644729760141
0,0.676185391001892
0,0.335149539110239
0,0.47968563325223
0,1.97759849501999
8,1.17198978346617
4,0.992824308156845
0,0.350017833921878
0,0.437590059120906
0,0.420153777923719
1,0.502026659948453
0,0.704811391846333
0,0.337641077369835
0,0.462261181563418
0,0.353911055633385
0,0.452761241042138
0,0.708562880872801
0,0.271753343933657
0,0.354173758958848
0,0.862645985355774
0,0.161237323619671
1,0.386327354664833
0,0.261782362480801
0,0.243963227565816
0,2.52042959912781
0,1.48980965655468
6,1.86008787959165
2,2.77043615435808
0,0.49810481098361
4,4.26664693709291
4,2.6688633550657
0,3.00813840069811
0,0.219678029225473
0,0.161985896483467
0,0.175995065118647
0,0.239063327390672
0,0.220231253668122
0,0.156503805821925
7,4.03052433433203
5,2.25732805691857
0,0.373906997315222
0,0.26703361917833
0,0.086412366185203
0,0.102565966951408
0,0.0877460355676614
0,0.129105488610697
0,0.108102945017673
0,0.118059786491533
0,0.107527076596286
0,0.125778654528386
0,0.129426721554722
0,0.0642029131687511
0,0.0653852964607691
0,0.0789503837407348
0,0.103264468310588
0,0.0888212691458233
0,0.0885033682829017
0,0.0770926433743811
0,0.102826109351328
0,0.0726081887414837
0,0.0823417714085119
0,0.137427563226916
0,0.0777497719683025
0,0.153931109291801
0,0.0572960599634027
0,0.0792235029737419
0,0.187720352777536
0,0.101831636946015
0,0.0869663615852931
0,0.0790137632320086
3,0.804776537045334
0,0.0640721877874929
0,0.0759653408884113
0,0.0855497897686307
0,0.108888315091782
0,0.0546515146679042
0,0.117562517591971
0,1.34038000939687
0,1.38821210052782
6,1.39664192496631
0,1.34663166975483
5,1.59247395316538
0,1.4364402017534
0,1.36573819431715
0,1.36745313516765
3,1.36045731749598
3,1.34418764939065
0,1.40981070753143
0,1.23769201168093
0,0.932848791901683
4,3.11550957910352
3,1.80286836518543
6,4.53957479572049
1,4.92633097300961
3,4.7566328155257
11,4.57386958856197
4,4.81251343257738
4,4.81502910313193
2,4.60886937833201
1,4.85646054127081
3,4.81708430835019
8,4.54652735628062
9,4.99961781773658
0,4.75756961003449
6,4.69683186109069
4,4.9091696426359
0,4.48697087577089
2,4.5428279921067
4,4.95991692242955
1,4.63832693502174
7,4.39952381025338
5,4.22429943137773
3,4.35397380275581
12,4.45005103167376
0,3.92376680537325
3,4.48127359291006
0,2.61860150277775
0,4.05763419093304
0,3.02437370778746
0,3.03584414048988
4,3.11767935748112
0,1.43473561924894
0,3.27375016325763
0,1.88133172901422
2,0.762075191206313
5,2.006569334355
0,1.04238821192394
0,0.65061137191766
0,0.218541186828483
0,0.185582493716692
0,18.1724538123342
4,1.51421928205231
0,0.176749149047844
0,0.534608373041805
4,2.85449158399741
0,0.302298675303247
0,0.409472089017756
0,0.296552339405778
0,0.214605001939686
4,1.69306406993272
6,2.98988856822314
1,1.47976354996704
4,4.4084373605517
0,0.346610787089468
0,0.710641273543237
5,4.92326053408905
11,3.53629243243293
0,0.0602101491789228
0,0.0906470694975548
0,0.258005959523677
0,0.00991641699252141
0,0.067840967140196
0,0.0865309586715041
0,0.0255423648808158
0,0.0396880890671338
0,0.0188871003256712
0,0.00506920066395945
0,0.00625986635398352
8,4.0430202711153
3,4.15924974121005
5,4.29727857763932
6,3.78163343280306
3,3.29549155759623
6,3.2815876918485
5,3.75632472976575
4,2.12795146484108
6,3.18848973359102
6,1.68527763455171
0,1.46716910575964
7,2.7745929658971
0,1.89128370913737
0,2.40789829316046
12,7.91653627084545
9,9.06302223421441
5,4.51752338426644
11,5.96689876006752
0,4.57159786323637
5,4.30641151788633
6,4.3979659144589
1,0.750698548686494
8,5.21776768975736
5,2.9128174349679
1,2.26276278350932
4,4.37174171013501
5,2.64574552017871
1,3.74035851426729
4,3.64161042590135
5,2.34623954573345
4,2.69939007102303
1,0.286089917403407
1,0.0575730208769805
12,7.75232237107604
0,1.62619716344827
5,3.63254181623816
0,0.489809051597819
0,0.26320623670437
0,0.165786640553323
0,0.217953594066957
4,1.87165149800244
0,0.282123278304321
0,0.492200537019316
6,2.45028959710079
0,1.27173155721343
16,7.2589649788255
2,12.1754876231174
3,9.80331669593377
0,6.87239600648905
8,6.56243742779501
3,1.87941661645168
1,1.35249708486293
1,0.868998277396916
1,0.725136717019233
12,5.6262060522882
5,2.36669487938098
0,1.87740781570378
13,6.66469383617881
0,5.38968480117062
0,9.58996790354081
0,7.24475515173018
0,7.9568056098905
0,9.68164518278338
1,1.14337713119087
0,0.957641630907126
2,6.61120876250128
7,3.62872871410536
5,3.59254636877811
5,4.04269536556617
0,3.60957083526318
0,0.925963892565758
0,1.67099510423765
0,0.673992973219562
0,0.281552564125221
0,0.518389040133372
0,0.688432398197954
7,5.51306271857927
0,4.40831690631643
0,0.297385529892195
0,0.151092457872837
0,0.709973874672892
8,9.08666355406065
4,5.86080224298197
31,4.23481026560116
3,1.96971044129242
0,2.00142866572349
0,0.710216895288636
0,0.539375611467852
0,0.438689187071817
0,0.300319831297647
0,0.688953921811918
4,3.7508450891269
0,0.00684600438681611
3,4.06007060147952
0,0.27365559566942
1,0.591646892723001
14,4.7007082760005
3,7.18549945187391
3,6.66784856273932
0,1.0212508665168
0,0.368830918354978
0,0.0173241364691987
0,0.0886841596081602
0,0.0349167365320517
6,2.36283351726869
4,2.29319116804301
2,1.18490780990852
0,0.491952502957857
2,2.28982340550457
0,0.865911291240655
0,0.586922920138737
0,1.44296221605161
5,3.81688711227615
4,4.02685871793252
5,4.00998926510177
0,0.147995285090754
2,4.50002599192535
0,0.0259750107609171
0,0.733055420499493
4,4.77003201829593
0,0.354829029765408
2,0.537763439445103
8,2.23737003616928
6,9.00211817483968
12,4.07071287308789
0,1.2469209337076
4,9.40071751396792
14,9.28917783629687
2,7.45220172980899
0,0.0251465672633757
0,0.0200196037278013
0,0.195250481201898
0,1.46468130915992
11,6.4949134194973
11,12.5208937141509
5,5.6639624095944
0,0.8355735969546
0,0.55438907817679
5,3.95637610872964
6,6.12574806250048
1,0.489986204815924
16,9.2181877620676
1,0.910205261936423
3,0.968309634899609
0,0.735709273655322
0,0.0930092310842096
0,0.805012676167749
0,0.867331633355166
0,0.0200036171560597
3,0.58672840940525
0,0.882503405245531
0,0.905598470005458
9,5.00776905876864
0,0.367016574833328
4,4.81065130532071
0,0.069214073903043
4,4.24918470965482
0,0.182180323427813
2,1.02216894382488
6,2.76477594585514
0,0.280324908705138
0,0.310793377682845
0,0.651321781615776
0,0.00589950947335214
6,3.87434337018383
0,0.872449261521471
7,4.82897251862114
4,3.2682665832231
2,2.56886143176316
3,2.87445453434405
2,2.39862574080134
9,3.97902462119821
0,0.069790465267691
0,0.320667197389411
0,0.198979573781944
0,0.0159168797513486
4,2.24433125980476
0,0.441004598888074
0,0.272360702679252
2,2.93959880483409
4,2.35813236624486
2,1.79999796600994
4,5.70797661116702
0,5.23321002019026
6,6.6842558883889
3,6.34723013140641
2,3.5780526444823
4,3.44928099397442
1,5.06056023810075
3,2.64329596840419
1,2.94868128462722
8,0.579752806984322
0,0.0876869668026548
10,8.22660902404626
0,0.0656470640116613
5,0.660994413879447
0,0.109082736924754
4,5.75705684354673
0,0.0713462342785208
0,0.0726567087784387
1,0.805191561229674
6,1.36221692429249
0,2.09454181910805
8,5.82842693831381
0,1.40717313706173
0,0.0132487117969589
0,0.327596922760074
0,0.252882620750562
1,0.550000289100092
0,0.495074304111117
1,1.38999158682205
3,0.954562417419945
1,0.702238447219334
0,0.192621507300357
11,20.7947800252973
0,0.962337657387444
4,1.55177366339934
0,0.688862064806935
0,0.240407221254867
4,2.71024485773219
0,3.6155723556796
0,0.580562748127124
3,5.63451516360128
1,0.100494958427789
0,0.485402655762025
0,2.59894813182208
3,2.61213742004571
0,0.540661734233885
0,0.358518759478448
0,1.21147098864081
10,11.2819289759288
0,0.0871525970082269
0,0.0502638940205011
0,1.00240399464903
0,1.82824427846314
13,8.9605303430375
0,1.03132405959605
0,0.134532795220637
0,0.343485980462606
1,1.37782677766465
5,4.26349519616646
13,8.91227472505858
0,0.0134983944505213
3,3.79506936499771
7,2.92590125373627
1,0.490689800538248
0,0.928836205626445
0,0.729919038529038
0,1.43276764340617
4,5.16778059007452
4,4.60877787747617
10,4.20453526409646
0,0.353902656095302
0,1.6812652341791
4,4.20109985236716
0,0.619344262903775
0,0.291770300223891
0,0.495560988193084
5,3.07601903635818
0,0.448341832902433
0,0.0816226109950003
0,0.732318267056344
7,1.57434672781078
1,0.956273028267162
3,2.80418750609458
5,3.77893125542517
4,1.86510562390253
0,0.745483908802192
1,2.1748166666014
3,1.13040581714831
0,0.750853620826523
7,4.12873110492151
3,1.24393612461859
2,1.02529750730059
4,3.06884779799174
0,1.00054385622264
0,0.540149037693875
3,0.999137617650227
0,0.722281176852801
8,2.55638860901599
5,6.47113058829491
0,0.0992958277613021
0,0.456747716996483
0,3.22059763744085
24,7.14340984767522
10,5.81603009233173
17,13.6708161142634
0,1.01505150160937
0,0.366599289135663
1,0.650165264134604
7,4.48100849584792
0,0.454871877706229
0,0.57604813650892
0,0.327849997890621
0,0.0341033215047884
0,0.0630087915270836
0,1.34856676081126
0,1.08479741376642
0,0.0959766736924502
0,1.30528061844313
2,3.56807800256524
3,2.98009464497312
4,3.10584774954137
1,2.92133783278384
2,3.38388573571426
0,0.0684149357636824
6,3.16814688521077
0,0.753867025472702
11,10.0376412705755
0,0.379605286501042
10,3.11581622513752
0,0.0827042984936737
0,0.307628853335301
4,7.15537350867802
0,0.166496528173943
0,0.0562273309007414
4,5.24540936816661
0,1.66421980173886
0,0.694246893722475
1,0.57816040988633
4,0.842426909579394
2,0.638683483610473
0,0.713419914122891
1,1.47412368758694
0,1.04905906525058
4,3.82163770873404
0,0.329734865420168
0,0.0430579545584728
0,0.486015818080119
4,3.06085667735427
0,0.347288825454174
2,3.54772152282882
0,0.738247919828137
6,1.04430200611871
3,3.78936012567286
7,3.87059917036186
3,2.00050467568892
0,1.00964645385188
10,5.86822129159933
0,0.0608645402135911
0,0.978105641193258
7,4.4270967404722
0,0.181043344764135
1,1.52436015515988
1,0.532496452775613
1,3.62053412607215
8,2.53421189430801
4,2.88618154227168
2,2.14026448992774
0,3.8360440882521
2,1.20990488751708
9,5.82505813715381
0,0.342692401618914
9,7.82832751312199
0,0.687211085828796
0,0.694616761683584
0,0.711804177876198
23,17.1436843218064
23,18.9891312868199
6,4.46517550789294
5,4.39170658036585
0,0.325050606636542
0,0.372213859445225
0,0.0234878496452019
0,0.0777660371196382
8,4.73384099577033
0,3.28362427671782
0,0.902207004386829
4,3.20697889437999
6,4.4207375907905
0,0.240094389346216
0,0.162350479424952
0,1.42047114534794
0,2.5345669884353
0,0.0067381934271491
0,0.534237491242861
1,2.31625527353592
17,7.65816861576007
1,12.231422492292
0,1.03904403360398
3,1.69057084473149
0,0.11144154008208
1,0.474366161251648
0,0.595273106911371
0,0.829641396456326
0,0.925245523748142
0,0.0157528762302811
5,4.41598169412057
5,4.71111843361278
0,0.142508958830665
0,0.319240722297541
1,1.6517951398171
2,1.62500194501472
1,0.472671837437611
0,0.309744076579529
5,1.79764088282151
0,1.17261206301524
0,0.761809346295545
0,0.429568414673017
0,1.22073415193231
0,1.19821384441687
0,0.00631954151800481
9,3.00152873432699
2,1.86149239995715
8,3.47927208244854
0,0.366014357901638
0,0.830285991208986
0,0.012634446539893
1,0.585531834766835
0,0.51877639488974
0,0.557008462094803
7,5.60583974998882
7,6.67355963355731
8,7.23013096935113
0,0.627299383919059
0,0.271753742370391
0,2.45288613906355
7,7.16858847176789
8,6.15988559155908
6,4.44023182861276
0,0.177236564685362
0,1.45595019876592
0,0.0255937358600761
0,0.0674829070766587
0,1.37248387212145
0,0.335145444547726
0,0.365913487869151
0,0.632263999315333
0,0.1607163264196
8,4.52540241265315
2,1.12712939867819
4,2.92314243094833
8,3.38315879463459
5,1.91520507364424
4,1.92985038264944
0,0.122000024148851
4,3.81802579773021
15,5.62937409979249
0,0.104500240449845
4,4.46713039960858
7,5.49524525478318
0,0.288279662271212
2,2.48610883962191
2,1.25007182990542
0,0.195569525191015
1,1.10629312029274
0,0.0167554118011471
0,0.212625242394559
7,4.19355751428159
2,1.15960065297787
0,0.952373507294735
5,4.08799098791478
0,2.20317184973199
0,0.356809808753186
0,1.04340072381682
11,17.8976684957722
0,0.883810177029081
10,22.3936952798058
16,12.6522462179257
7,10.0207901077526
0,0.218577535891302
26,17.3038435466914
7,15.1286072386891
0,0.357749130229686
0,2.20493860227788
6,2.28854831771124
6,5.69445312511444
0,0.48066023177522
30,36.9975484772906
7,3.95734209224842
0,1.62849122496815
0,0.175733700981369
0,0.145510616599733
0,1.30283813118044
1,1.44479507208405
0,1.0719672016733
0,1.244172707464
1,1.652026994385
0,0.00463031140354061
0,0.155294435618408
0,0.0273450545766162
0,0.478508467206965
0,0.327032445164675
0,2.12171852879022
2,0.985421732379902
0,1.68089209967586
0,0.195203404363695
2,1.3321968542306
1,0.59031725691238
2,1.97890097225618
0,0.124653497019659
9,3.62768123690249
0,0.270716682878888
0,1.17651833670954
9,3.3030692548301
0,0.790552883023198
5,3.59650389473705
0,0.179512419210745
0,0.188743364050574
0,0.436804513994443
0,0.856737536162529
0,0.335729772017322
6,8.26919297278849
11,10.7031514511009
8,4.47709292552601
1,1.76159662354406
1,0.865702522465791
0,1.69915927051961
3,2.08691649080072
6,8.49448119572461
12,10.12045166227
12,10.1735909002075
6,10.1614782267833
12,8.55223739799991
9,7.05246166406495
6,8.88894689310175
17,11.4658107509192
11,12.9106085432287
6,8.33657058563567
8,7.11481870970247
17,11.2836516377069
3,1.34884391891004
0,0.793997078037964
4,2.09352407074902
0,2.06038990564842
15,9.6144707465331
3,6.8320488264112
1,3.04952280614923
10,6.32829079982861
0,5.44143904212385
0,2.42153962941573
4,7.41886258964002
3,7.0062942082455
9,7.03501649089183
5,4.10220367504434
0,3.16327113168998
7,6.04626109840441
2,4.92792405629101
5,3.87813720108832
0,7.64974775736963
31,15.5829704044377
10,7.4595929436095
10,8.0187712452198
4,8.29614815416229
4,8.30627396408115
6,8.97956095608505
6,9.59140251242242
12,4.81276671677001
0,1.24465192392419
0,2.46353950569536
10,4.15274026477314
0,0.343469453248144
0,1.46220131019033
0,0.247786259913338
0,0.105152943796039
17,8.86292922305525
6,7.96629486995802
2,1.81141628614987
0,0.0917429044947575
3,2.37724034127818
0,2.31200571248156
9,5.27711339001454
0,3.59045759277927
0,1.70535974719818
0,1.94406795118889
0,0.996540396023015
0,1.28216422308235
0,0.481693742801038
1,0.339100508013543
1,0.774599877674507
0,1.5873840534044
0,0.0254177102320204
10,3.61739958855083
0,1.51112674495821
12,9.6898847154446
11,3.59497564116636
5,4.17545587852336
0,0.31797270556778
0,0.153362116425809
3,2.89714711293265
0,0.0739020097950486
15,6.01634579491587
0,0.183118066991093
4,6.21364775915
0,0.082215032905853
4,8.16562863443322
5,7.04173285501651
0,0.326876476885781
2,1.76167822657127
6,4.29223578939684
0,0.011795043211108
0,0.494494009897773
11,4.50232872979346
0,0.375935191362964
1,0.844799419929872
0,0.965737762009785
0,0.028443230115963
3,3.0492272291576
0,0.0221750916079457
0,0.0262723125728313
0,0.094603851169873
17,6.97934984371731
0,0.815700739400515
2,1.33311004759006
3,1.67326232918489
0,4.16641782689466
0,0.0580243552586662
0,0.444789420640082
9,4.33408892374868
0,0.312164212937613
0,0.681818521861316
1,1.04192586665467
16,6.74130914935322
1,0.555678530506662
0,3.68439345081236
0,0.153724426086406
0,0.0208598438741638
4,4.63121269837352
0,0.319519335286752
0,0.0580878707433313
0,0.0168790334217328
5,3.98730660611144
4,4.0797931072508
6,3.43299698621352
5,3.22561560041724
23,17.4449130323582
0,0.525632569278299
2,3.96679309219386
4,3.54405462177535
5,3.46683196091801
0,0.0156045791226288
0,0.045221996717108
0,0.0568524273103482
0,0.155383273656873
2,2.04938095848837
2,1.47674439672555
6,6.06676749297907
9,6.38721647682219
0,0.0837338397657574
0,1.06358646044596
0,0.878630394029519
0,1.10209692215004
0,0.0421743452453048
1,0.528628950677852
8,3.57069609183173
0,0.142749573338126
1,1.01251263339454
0,0.95757932635231
0,1.1417762261305
0,1.20631621621898
0,0.00604135428463621
0,0.367180403790335
0,3.83389086271976
0,0.0782801167824191
0,0.0364816267437005
1,4.0361165221677
6,3.65757303711755
3,4.15233608180301
0,0.746049117516663
0,0.0653784959156646
4,3.3969563916474
0,4.1800322787877
2,3.62091322291132
0,3.50818094293124
0,4.19723292684592
4,6.82673652465281
8,4.2317397238364
6,3.48859122391021
0,3.31021507301062
0,8.14284042694315
0,1.85415803898002
0,0.149130941985771
0,0.478430141423872
0,0.100884072275085
7,5.20055302766807
4,1.4591838808231
2,0.888335770081043
0,0.475165522168021
11,5.9682541507738
0,0.398446299972994
1,4.25557443209355
3,1.99476817430648
0,5.37779449358399
0,1.06406328918901
2,0.694474309329149
4,2.18011908670556
0,0.528957607544892
0,0.422432073976939
1,1.59255504364118
0,0.0960750561908909
4,2.23437117645957
16,9.83144881727109
1,0.714105393135912
1,0.465887898369397
0,2.27474831780057
5,1.4931095859788
0,0.493148696699139
6,4.09616932246483
3,1.27417242401698
0,0.0638970027463552
1,1.64694360133227
0,2.24965788449288
0,0.0500093445266283
0,0.0136304230675344
28,12.1546773793668
0,0.182809941889626
0,0.491573239847153
0,0.0254191812022561
4,1.00147597009942
0,0.337634940301799
4,6.43157493656692
9,6.91687035815262
0,0.770767096085613
19,17.6540870045228
27,18.3798013706985
11,3.88831213227942
30,23.5425770364526
8,11.7594865212897
14,17.797207573189
0,0.156310420156157
9,7.31676617394888
13,9.35521440949223
5,4.53215728708439
12,15.6150944401975
0,0.0742921752052995
17,11.7637899746063
7,4.16649887715312
0,0.211521294883325
0,2.2414113239569
0,2.24844906138364
0,2.21316797989251
0,2.53629825986826
0,3.34061699394128
0,3.43534394464348
16,4.83507191684392
1,2.81474393818986
1,3.30259660738643
5,3.1456736364228
0,2.26864640247557
0,0.507084952117456
0,0.387503284993108
0,0.126911706320229
0,0.0912675759109317
0,0.574064194385237
0,3.50800708218036
0,0.0808306601339457
0,0.0866222737798318
0,3.29817465151055
0,0.912113296295601
0,0.731923539561488
1,1.3679079592369
3,0.90139267534503
0,0.89371706647168
0,0.952276790238065
5,1.17988967880983
0,0.490167867185714
0,0.107161630579442
0,0.028432378698549
0,0.0744739748216786
0,0.818972066806542
0,0.752200243147268
3,2.07554882553921
4,5.07244791739333
0,0.00404337139756776
0,1.12639185480634
0,0.111214334364803
9,9.02947030631673
0,2.10793917418693
31,15.9387175558053
28,30.7231334712981
31,16.6862752512198
37,27.816326707708
37,23.2427336180397
34,17.4850716550215
31,24.4624188212597
37,26.4956416020866
36,25.4286793871571
28,16.6631145901296
0,0.535367583766195
0,0.0153444375395954
5,2.57284282789401
4,1.07988089887495
7,2.17334169129494
1,1.05870978120103
0,0.958345078221341
0,1.12252945802721
1,2.35531797638262
7,5.28196049761344
0,0.714448088778497
6,5.5333355751956
0,0.335595336820241
4,1.70663100902638
0,0.182379029450828
13,8.09537121088728
10,8.23611464215868
22,12.5948104210375
4,6.12346153241331
8,8.62864218799137
7,8.1788690833564
0,0.017344786259121
14,11.6442746019965
4,2.66296241585742
0,0.139542446411463
2,1.1526856447435
0,1.40293683465409
0,0.713724938938138
0,0.0185834353184415
6,5.5471479112641
0,0.0416792063730771
0,0.0296319413653949
5,4.7303880407157
0,0.0421474226656889
0,0.332389572817528
0,0.477832342890641
15,9.24341238196993
0,1.2416147763135
1,1.94782557392355
0,0.552603808067275
2,2.00440848495404
7,3.50297238109278
0,0.202114678760552
2,0.529382573739613
2,1.39309892346698
3,1.83278856664535
0,0.124368996669438
5,3.29791337278944
0,0.758916180578597
1,2.41621056122258
0,2.86131216751014
0,0.232466080556419
0,0.0614094208491402
0,0.0409654807848706
0,3.04774261396362
0,0.68285565126024
0,0.754854090180561
1,1.13665267217246
0,0.410054459468789
17,3.45796232761602
0,1.91591923621419
1,1.28739603816732
0,0.0458243650608734
5,4.15873248070194
0,0.138583954296945
0,5.79998973490013
5,7.34682389943473
0,0.202249347320922
0,0.0876225579110219
2,0.667515693036993
2,3.63230366431357
0,1.17728731278987
0,1.75389552118642
5,1.12164280658757
0,1.1576770112816
0,0.0336430238784718
1,0.38120626355459
0,1.1686596121169
0,0.580216212838054
2,1.66199256403745
0,0.0428604835343206
0,0.0744419426863888
0,0.582961619963568
14,7.01183283675997
0,0.532292061467845
10,8.21639052586252
4,2.63586286702545
2,1.5152620102217
5,4.15254531492881
0,0.395118902677578
0,0.0221458077809226
0,6.00442401349
2,2.38708731337566
0,1.71888602579947
3,0.744653477633153
6,3.21925315859006
7,3.03130217587065
7,4.50389536390775
0,0.258764268081319
0,0.367024050118121
0,0.504589015368149
0,1.01168149234659
3,3.06557062259799
1,7.11137566523339
1,0.787635339057204
1,0.626766259168167
5,3.30562328498642
2,0.956388027422319
0,0.877994178914642
0,1.06279196923386
0,5.89752056713813
2,4.50812365880522
0,0.135002765027455
0,1.13985445188775
0,0.0953429918484437
0,0.118308412468832
0,0.0596002674702831
8,1.78610494584944
2,1.55857962228373
8,4.01633212485876
4,3.35532558326081
0,0.0583322486675858
0,0.0813238740114105
0,0.0647689300733126
3,0.894915052162623
0,2.41726086292743
0,0.785840455417949
2,1.30180731310462
0,0.64895528622741
0,0.279584970273584
0,0.291356194616048
3,0.853910246414557
1,0.818975726043237
1,0.721916211695308
0,0.748270409539468
2,1.88100980502957
1,0.669109411853013
2,0.49827187278274
0,1.16979757749531
0,3.88578281621421
0,0.121337322563123
4,2.97837312143274
1,0.984707566387629
5,4.2974834523307
0,0.419376210979793
5,1.94411243456798
6,3.63691185345967
0,0.377350391487019
3,1.35349939356879
11,9.64447152756327
0,0.856969912103548
0,0.0161244437342246
0,0.76820642406978
1,0.682042975143771
5,3.37892101421192
1,1.09954721134009
0,0.623225387933452
0,0.819535123035186
1,3.31629988634484
11,8.9941494675461
0,3.1209835807372
0,2.59533481336166
0,4.30681530039385
0,0.922631232674236
0,2.26240226727136
5,7.12682594425046
14,4.64456427131073
0,2.18338183617293
0,4.15398907877643
8,4.24598843623742
0,2.65180770026659
4,5.05826245304203
0,1.91866540795441
0,3.89261997876571
4,2.70752520081225
6,3.99698761711522
0,3.92829203145488
0,2.11978887307564
2,5.06275561952591
0,2.09650315497935
0,2.32862721968239
1,2.31952605152093
0,1.20862443199531
0,0.147361383073605
0,4.66050272509207
0,0.686521649987916
5,1.19666850222715
2,5.53673577195367
11,7.268548200238
8,4.71532586035574
6,1.45647690865009
0,0.911177684385518
0,1.21094634121305
3,1.23883711516243
0,0.130867988045693
0,0.810043874499052
6,5.13656711072283
0,1.5530084350835
2,1.2218485719454
4,10.194191714064
9,1.72127587453616
2,0.855791041929302
0,0.0806377435180344
0,2.53224255442569
0,1.26655201702711
3,2.66638953737808
6,0.447784772038896
0,0.339496129560027
0,0.387784096097785
2,1.78915729880847
3,1.16991374113088
3,1.35833983830232
11,6.59004899169347
0,0.116839718879273
0,1.32327889299051
10,3.98267357980508
9,2.70029718130586
0,4.13193528465716
7,5.93225179715525
8,6.04852209181432
3,4.03280376904057
4,5.01639970340386
0,0.0881798255687536
0,0.99449076350494
0,0.0426231322883392
0,1.04364000957098
0,7.07749909053033
8,7.15529410964961
0,1.92077703263186
3,5.18669965942317
3,2.4474618746284
0,2.46084588176687
0,2.49849594842533
0,2.10576559704666
2,6.25104073514677
0,0.298699325553198
2,5.8894773772466
0,0.0137054342676399
5,4.63613751792425
4,4.92824230883295
0,1.03750515355345
10,4.51574703634486
0,0.615578856409091
0,1.28154250508429
0,1.47928433890079
16,2.39508166246866
2,0.707404366603159
13,8.43840199466976
9,9.57319921363483
9,8.15465654209486
0,1.07948559052047
8,6.3850535143296
5,1.94762148695402
0,0.502670119358839
4,2.45338504053165
1,1.50359358509153
0,0.0172558291957867
6,3.01874390734561
0,1.1708374093226
0,0.83946987520356
0,0.92444935239995
0,0.614003753902138
11,7.17739562070027
5,2.27208892971776
1,0.862737750521523
0,0.581049771816612
5,4.18308695112227
0,0.235868090145485
2,2.09055408492307
6,2.56895413339422
0,0.112365575955657
0,9.31642638078333
0,0.478639989046484
0,0.0295545426689598
9,8.78435251954024
0,1.96610542414986
16,6.6910387257663
0,1.26838007833132
0,0.87594350618099
14,13.0125644517081
0,0.441359200443152
24,16.1010922189736
12,10.6821678757715
28,17.1281558010963
14,9.35260172529215
40,24.2299864161868
21,21.9909023171307
12,10.1078108731153
16,8.49757547634896
4,3.61801248885033
0,0.189382914843141
12,3.94504994037815
0,0.181654466861352
52,32.2201671689901
0,2.32140934009503
48,25.1004596709323
48,26.2165732288049
26,31.3506262754191
0,0.283973233271151
8,5.52167650261489
0,0.808490823927184
0,0.479132652112318
3,0.9060767324198
6,4.27182640558461
0,0.00750807686082254
0,2.76086149386556
10,5.53961422070808
1,1.67424993801069
0,0.110036526182117
0,1.44543237606494
0,0.0241316993600723
0,4.87561966550867
7,4.14317143424285
0,0.256874932543056
2,5.04353463716981
1,4.12107669402082
0,2.15631997674027
0,1.09900974629838
0,1.09711342496966
0,0.96667424230234
11,10.2683974977612
6,9.02856560774625
14,10.5942383994427
0,0.0846518407920754
10,9.81450055628062
0,0.194241574619939
10,11.675687534259
1,0.78547058184513
0,0.727233641800844
0,0.371141568131052
0,1.33172880642857
2,1.92224242497417
0,0.0495486828746407
0,0.399216022245908
0,1.05574169362467
0,0.996045483564829
0,0.0648454996925102
1,1.6435612764301
2,5.10566594314523
2,4.04858924039956
2,4.07945050216886
0,0.127770546407323
0,0.888811096336079
6,1.26007331867418
0,0.473749694354925
3,2.59240220685919
0,0.550715192687994
0,0.430625564633986
1,1.33645528066565
5,4.61524500309635
0,0.054415759300678
0,0.459960831774463
0,3.1081529606502
4,2.90536236454844
6,5.1769168629404
21,17.6444346296807
0,1.20424752882345
4,6.79349842743678
10,6.75125539830228
0,0.284533661396516
0,0.155333339413614
12,8.93339696462876
25,12.1559994882778
13,7.83917842264709
0,0.225653359192224
4,3.06166371041555
0,1.4422567420009
7,5.48972654398612
0,0.287313986262472
0,1.03980660237235
0,1.14339739210797
0,0.857618166883838
0,0.0200305418734117
0,0.0179819271122834
0,0.285005697657893
1,0.354076253451892
0,3.44141802870832
0,0.333796739625121
2,0.788285216065183
10,9.67479892375448
8,10.0882940373234
10,12.8345124756909
1,0.777902441986282
0,0.0250917269115987
9,9.24266546770532
23,14.4823320344145
10,7.3699234667087
0,0.167091320124618
1,0.458402870560535
0,1.15513048220131
0,0.665858438434103
8,3.00181054086703
2,1.78333990195806
0,0.253162586491256
93,34.784132420264
53,34.8173989244678
36,21.0118872894
1,1.76487337018317
0,0.0913693103152395
55,53.4878778999957
56,50.8828953159182
3,2.48398754989489
0,1.11734722941471
6,5.93982493348868
0,0.0317607489264327
0,0.016341883940023
1,1.50886192834058
4,3.33976829749699
0,0.69640112159721
3,2.60269947682634
1,1.1033148647377
2,1.12889031226748
9,5.8887463759156
14,8.66104801770584
7,4.30082240332228
9,5.88712618950036
0,0.332338294298017
2,2.25269687527299
1,1.57695508677582
0,0.098944484274083
0,0.411846087970377
0,0.202544029641955
2,0.624601076141582
0,0.346883527451596
2,1.55141223585291
10,6.17875417666389
0,0.204566542319744
24,9.82284775534201
0,0.811237374686908
3,0.822893471848983
0,0.268227635669421
3,2.58716897379407
2,0.592657561830788
3,3.78584738794222
0,0.0655904391214228
0,0.0576088088886543
0,0.454760704655064
9,10.1007545554552
6,3.45145148528615
0,0.303558035099289
0,0.336000462672865
0,0.0372607341065645
0,0.116527234400026
0,4.86909144794084
0,2.14646733303417
15,4.87638168717705
8,4.70419226874371
0,0.843604215902106
0,0.138982743329136
0,0.0273775428485839
0,0.207303957154664
8,4.72129695652412
0,0.0117792544678431
2,1.66014795329671
9,3.38198003613335
4,1.90758347132675
0,0.0386408425625668
0,1.58397194798236
2,3.90476849860993
9,6.11425280457348
0,0.0419435680522144
0,0.381442222386076
9,5.90244498571101
2,1.58984141782348
0,0.0127382517204593
2,7.63449571076565
0,0.920868274348052
5,2.90525011822864
0,0.410376749309746
7,6.37136781592314
8,8.34271391693718
7,6.89704497447916
7,6.98170947514211
9,8.19785215629413
6,1.25644217505333
0,1.26311676154461
0,0.124134263287853
0,1.36095407103958
0,0.0991850565470934
1,0.498700724586332
0,1.09695836583871
0,0.558867047451037
2,1.85408415645259
0,0.187484136055985
0,0.544024620107346
0,0.0436529970654926
7,2.93079777079976
0,0.574812742649516
0,4.71951770814552
0,0.750503276472293
0,0.737382344620238
0,0.452963057481481
0,0.910655671519159
3,8.48647365829941
8,8.14680681768426
0,0.112797805847016
10,2.12591871953438
4,7.95487625449633
0,0.579276653188568
0,0.371899718175487
1,0.685963203379242
0,2.00719282267236
13,9.46767406141745
0,0.0207879953177034
0,0.0802098063313826
0,0.446178516228041
8,7.98936994517569
8,10.1416586117512
0,0.383704936368685
0,0.542890796734452
0,0.473233815288528
9,3.59735346503043
1,0.565612328502311
3,2.60274711397471
6,4.05686956786862
2,0.781554053371738
1,0.477075471184784
2,2.83872440496893
0,0.277568690452466
0,0.0386579259203658
0,1.30459377489802
4,1.55655382672911
0,1.48922289791815
4,1.77653715879447
7,3.9109461001235
4,3.55755332673904
1,3.31978202319883
7,3.16676613633933
0,0.03839517624774
3,4.57551724227343
3,1.65989783317383
0,0.130326725506465
5,1.42411940411921
0,1.24709292508533
0,1.18018924390643
8,2.8209246813465
0,2.68682817548913
0,0.237506564062955
0,0.616389487823955
0,0.0277483319715313
0,0.0162152786070737
5,3.53414226273586
4,2.34498200874136
14,10.2048282603627
0,0.560278098775959
3,1.07395279570403
0,0.813386468645625
1,1.07310333980266
19,3.48882246163049
0,0.536435346976969
0,3.84777528196178
2,1.9357247350781
0,1.14859267014397
0,0.0519163218273438
4,4.76964281783896
2,3.93841654093033
2,1.1721451645519
0,3.70691776838564
0,0.219943538358618
0,0.547706580101654
4,3.72701767985058
4,3.71872447003423
0,0.611266383407902
0,0.284412749435068
2,0.461107981347243
2,0.814525574392505
0,0.350076773940843
0,0.371005834482725
2,0.613215518656866
0,0.56376553041298
0,1.40265111018586
0,0.0259309107485714
0,1.01675109718179
12,5.27857299084057
0,2.64345218836023
0,1.36900646293328
12,1.85764022784352
0,0.71896610711341
0,0.108864371638027
0,0.056338855179619
0,0.528105854404978
2,0.759298717511181
1,1.73893482831685
0,0.134396327211844
7,3.32818456523629
7,5.9150887772346
3,1.91119520649407
0,0.131407390779541
0,0.793823454032903
0,0.392485447111596
0,5.73926404603322
3,4.46088853661963
3,1.87907148285152
4,2.5745337913916
0,1.45078556378867
0,0.182352062148714
0,1.24188918719334
1,2.24252910135325
0,0.0772257596927107
3,2.40581676988116
0,0.551717895393105
0,0.576073018784791
0,0.98969179214124
2,2.53228021708304
0,1.49301905401857
2,2.01183206903425
7,1.49838142782075
0,0.712324218531425
3,1.71126492355362
0,0.0103044088579091
0,0.754349115932738
0,0.276448471733174
0,0.663566761099476
10,9.30919412816887
11,7.93100409602447
0,7.94080149217226
6,10.0203702785671
12,9.21026708646579
0,0.287725309544756
0,0.100340018944736
7,2.59093339527057
14,13.6122997354813
7,12.8096635944547
0,0.0214222115968956
0,1.07323936139959
1,1.19142176490782
3,2.34626032777189
3,1.38739453061018
4,1.5035851562928
0,0.664626565496032
4,5.20591407197668
14,5.19725414419199
0,5.74012757008434
1,0.216067634050567
8,6.80679743326111
0,3.05727810351641
4,5.43025817406894
1,0.158421257908536
0,0.0649736854248511
8,6.63864965988042
13,6.04864845434815
5,5.42460626432677
7,7.25478471920398
1,5.68433933512179
1,6.57595129794615
0,0.370907665557012
7,6.08441107348897
0,0.0928612554593806
8,8.34563230785291
0,1.21008969932511
6,8.04263911208667
1,0.428005306381166
0,0.291207224259341
0,0.583647280200044
0,0.544440812673927
1,0.448952769213279
1,0.362083143103923
4,2.48339486400305
0,0.856979508772619
0,1.42930880180362
14,6.18701175995336
0,1.09896327951028
2,1.43384711969672
0,0.633985862029939
1,0.410077799258329
2,0.50308844909599
1,0.716455568902675
0,0.0340054188892271
2,1.97418112334397
15,7.7924860111828
1,1.48449884787377
3,2.16801312136245
0,0.716198057369653
1,1.13501669459169
4,3.00030391210615
0,0.259277521280269
7,8.22988522057521
2,3.99417937404858
2,4.68451584425592
5,4.06346014706147
3,5.75089582690082
0,0.213769901696849
4,1.76730882314478
0,0.655306833847498
0,0.203486770196562
6,6.2635705722143
0,0.0204464342784349
7,7.3278031214182
3,3.17420729100473
0,0.857718383584571
0,0.0168403988971957
6,2.97650554173327
3,2.28037467782599
1,0.494868527715051
3,1.94890586286518
12,4.95089210912493
0,0.296891927535633
0,0.51544847752427
0,0.557672256950793
1,0.543482757036606
3,1.9472932435393
25,12.151037158003
9,11.4845936367937
0,0.0382342327953311
14,12.9665546658162
17,13.2751721936467
2,1.44835317312272
2,1.30743033799419
0,0.19331576499485
1,1.14910911334678
1,1.08799208413172
2,0.496222362195827
0,0.0350266428597261
0,0.0515076990122681
0,0.950630688485019
1,1.7051611994944
4,2.45564487936903
0,0.425825138691141
0,0.0377011446855865
0,1.33421851367178
17,9.52307565914876
3,3.64493963281655
3,4.91042389492497
5,5.40218501564892
20,14.1184928185405
4,5.33981692228369
11,11.545064598531
29,12.5348991087475
0,0.0105509337353324
3,5.51073057636281
1,2.57989902102763
5,4.20861212987285
27,11.5439652723613
0,0.321112647581007
0,0.498396296938167
2,1.42867219078562
1,1.20968048670814
5,3.07940298260428
4,1.55006076320641
3,3.32547247129623
0,1.56964266868971
0,0.0135767737163891
0,0.459995496989293
0,0.179978564407278
5,2.87963113812929
2,1.09421514682334
4,2.37814918140095
3,3.06251102776434
0,1.88539538606923
0,0.459422764688487
0,0.989867745492155
5,1.85226223477359
0,0.53235847459218
0,0.657294221347327
0,0.24970749650797
2,2.24868779055004
8,4.88952533366096
11,12.9300941753483
6,11.454402312254
2,0.890966848028693
0,0.943501475543188
2,3.2954886512173
4,4.17070274045373
0,1.10411143873321
6,1.53169371852531
0,0.129700419433764
6,3.57423369345663
3,1.23269414238477
1,0.570371729145308
0,0.76714767040273
0,0.0816969410241199
0,0.563338052528662
3,3.30468419006664
0,0.980680825423346
0,0.511087434505482
4,2.3485359588268
0,0.558000885717242
0,0.237798268260686
2,0.679411149880708
5,8.89109662904209
5,8.82311281470149
2,7.32732005859205
15,8.59843751973455
0,0.112243681639864
0,0.025081926399556
1,0.723266997656591
0,0.711415806366635
1,2.24493052564531
0,1.18491275529547
0,0.751653490030442
15,7.44557067430548
0,3.85994703715585
0,4.86281460160182
0,5.50217623100316
5,2.26971588455351
0,0.0183827121376376
0,0.810504058617634
0,0.348053992731686
0,0.901961461952282
1,0.627956414161386
2,0.851684903828978
0,0.0243046525135341
0,0.0628495384229959
0,1.18816513341866
0,0.87758429324541
0,0.045310324862963
0,0.509319487531306
0,0.396816901838969
0,0.859146390842139
7,6.70930661863829
0,0.304449103384645
7,6.02634262154641
12,4.91466113022027
0,0.0525208671011188
28,17.9078516240685
1,0.0794594318998184
3,1.84148797252846
2,1.22477454103739
0,0.652066255000071
0,0.65066727073576
2,1.01218694880392
16,17.8696560892884
12,13.9352368669038
0,0.0405078565663497
9,9.42853796316168
0,1.833101524109
10,10.4729121008775
0,2.35738152465055
0,0.436858789812343
1,1.19363404297175
6,5.44215806148799
1,0.531018128121177
0,0.281560944935083
1,1.24333152942067
3,2.48955438676716
0,0.398723973632799
5,3.32946007772356
2,1.10597612247331
0,0.624597221303419
7,6.8381559605419
2,0.922704109765931
0,0.562007073707048
0,0.196891123921307
9,4.65094451134776
0,1.75545601762752
0,0.0061153675290482
2,3.61564460831368
2,4.0763967129117
0,1.32564777635673
1,4.31168564720785
1,3.02610708240134
6,4.40709754205726
1,4.10859551685162
0,4.20680174495414
0,0.624463493060921
0,0.0570854269887421
0,0.0171372732846362
0,0.100454083638639
0,1.40468601789995
1,1.07304663405128
0,1.42159996404682
1,1.19823369038917
3,1.21572502948455
5,1.77889307508663
8,2.05029004996317
0,1.09412548431787
0,0.692257442852005
0,0.446794041346714
14,5.64181074685798
26,14.868859732097
0,0.31531502830322
0,0.171164861793134
0,0.431583461155556
9,6.46506503247933
0,0.223737055022143
0,1.56298839932052
1,0.861875550289122
0,1.10719641389351
0,1.16727178945952
0,0.110478968733303
0,0.278973051702681
0,0.310589848747433
7,9.00125684464912
0,0.263517724109957
1,0.733395145967673
0,0.549315875349596
10,5.98275686903362
3,2.10740456323702
0,0.0982362149274464
0,0.403880722261964
3,3.95964732099418
7,3.46494364706029
0,0.540538709913571
0,3.12142243576987
0,0.633214192744207
0,0.641049201746868
0,0.529006435113441
10,7.09784904237878
12,6.79601033267092
0,0.712485615060943
0,0.411175923843245
2,1.89703374851859
3,3.00858830188265
2,0.907278011749229
2,1.99086495523517
0,0.0199677804136742
1,1.78967477697806
0,0.0915275342011315
0,0.0127363118730978
0,1.93533471167428
0,0.176264520639784
3,2.72121623057438
15,8.16992891828853
0,0.0928472607348632
0,0.556430627177508
0,0.662610252930677
0,0.672867894644097
0,0.23269291876577
0,0.9312748489335
7,5.19300909561904
0,0.313365087343567
0,1.00536611699077
0,1.52650793477954
0,0.0861972843766944
0,0.0165978038708604
0,0.0573249034730511
7,3.08042047351942
0,0.312866334897464
0,0.238310984327917
0,1.32023385079828
2,0.633618283499141
0,0.632825514032154
0,0.89842019359102
0,0.0102832658549449
8,2.7483271868605
1,0.998672806953533
0,0.00442456279480126
3,1.61490236410592
14,3.99132254419879
2,2.88748153393593
4,1.68735424532858
0,0.542806581579605
5,3.57600788885562
1,1.99372818825891
0,0.275288261710864
1,1.91178965933731
1,2.20083031609819
1,2.04551157749714
2,1.91485462273764
0,0.472251003015426
3,2.06488796106973
0,0.144799569687767
2,2.25078127316048
0,0.0670308138787046
1,2.38317926083079
0,0.399364811331256
0,1.31344809418205
0,0.554434913582382
0,0.434267215423534
2,2.33677724616452
3,1.99423238235868
0,1.89673149312101
0,0.39407734866292
0,0.613016346520598
8,4.79296189083978
8,14.6757629935712
0,7.71454385055772
4,6.67441937525674
6,9.9795757121098
9,3.19034236616004
3,1.12135821723404
0,0.234419539035019
0,0.96647226412009
0,1.44897856119947
1,1.48560337023275
0,1.15845703102369
2,0.80282716125695
0,0.324009434003945
0,0.0148763131949633
2,1.69090268790911
3,5.30535308209359
0,0.529277601068848
8,4.5241299518152
0,0.482294392384643
0,0.602900784675097
0,1.48510529534364
0,3.11214804616062
6,2.05311340534989
0,0.771400151154293
0,0.548312550506686
3,0.898259884568306
12,5.97015431362317
0,0.770311647741976
11,5.63093410683705
0,0.51497194546362
7,6.01965465037377
7,2.74589144406318
0,1.12784442450897
5,2.45845662573877
0,0.342141787248213
0,0.589289885848767
1,0.568174770917155
0,1.48571568903278
0,1.17049374662955
13,6.68408058809638
1,1.16982403265981
0,0.348115572009338
0,1.16390530829388
1,0.128731599146381
0,1.61645519432745
0,0.019983206743686
0,0.121175326439689
1,2.53159846863617
3,0.612660298839777
0,0.224907614646254
10,9.38923197534079
0,0.184729967810089
0,0.169508978971123
9,6.40240604756102
0,0.402028969920545
3,1.94037622269434
0,0.716557417880199
1,1.50105495145291
0,0.00435315826245224
0,0.0467484955953805
0,0.0148538089806464
0,0.327677336614268
0,0.421109576333562
8,2.86264103442906
0,0.698011766444245
8,2.73320495015433
0,0.367111165587729
0,2.16043402668974
0,0.643691813203414
0,0.791263846564634
5,2.73856614225098
0,0.856821696713188
3,1.47148809192605
18,9.92286972910717
17,12.906688124418
0,3.08980167906591
6,2.59271521184024
0,0.321133341975762
9,8.06300233488304
0,0.300596693265164
0,0.799774698986876
0,0.84910292221198
3,3.25377876983837
0,0.924145087019994
0,0.65299642773385
4,2.43334378790598
0,0.16412359507927
1,0.481884917129669
0,1.34490457966694
1,1.88597057363417
0,0.29613591801624
0,0.126726472323749
0,0.760850783579945
0,0.528622603829299
22,8.26448038911159
2,6.94707474297856
12,6.33622088069263
0,0.0843395417239261
0,6.72108881201959
0,0.0563116593598262
0,0.0168295285399842
0,0.0537998263491056
0,0.665908687911073
0,1.1637725714071
0,0.0555446748532187
0,0.0972332800653123
0,0.561188049748919
3,1.28843872349231
4,2.93342077746618
9,3.62956438411033
0,0.988740318202452
0,1.29658676182375
5,2.19760396594001
3,0.965663688461307
1,1.44731756426662
5,2.81621014805648
0,1.01405343009214
0,0.0389351842449449
0,1.08574449997768
0,0.105153024596554
0,0.115089469575008
6,4.74937879845496
6,4.68858342413126
1,2.48906232738266
0,0.860511660196724
0,0.673722194085958
0,0.0260046146858372
0,0.0117487664797506
0,0.00812614828294326
0,0.1059245676138
2,0.869824056679924
6,4.1708350072922
0,0.032167489998222
0,0.110114394570918
15,9.03141009554997
14,3.50587553482706
0,0.397355849481438
0,2.10791841075756
0,0.705867251900759
0,0.0512823197406864
6,4.248615571798
0,0.0917475125609677
0,1.07738468656875
2,3.47578157219379
7,1.49599368787809
4,1.46438229010299
3,1.40839037663806
0,0.472450473776354
0,0.402791433468652
0,0.525963230889164
14,7.5969092045692
0,0.0434068898050533
0,0.114006237640001
9,6.17883069981197
0,1.23429820058529
0,0.72635409472211
0,0.681233399978149
2,4.34394780133801
0,1.05974436243307
2,1.3421483061636
8,3.28914666526045
1,0.836309375201656
0,0.698835538715942
0,0.933998382225868
1,0.732603151574699
8,2.74447414055399
2,3.55624756175106
5,5.09076706623926
0,0.478372237735854
5,5.77524640095323
3,3.70106037253442
4,1.89366143694631
0,0.344056422720358
0,0.988333570172849
4,1.9961823892919
5,3.94780973140119
5,2.72965916737934
0,0.0758015983414466
0,0.432644482567106
6,5.47999654219676
0,1.23576648772998
0,0.224764050203375
5,1.94228190070496
0,0.482040405912164
6,6.57732946087831
1,0.853961069230719
0,0.467166647471994
0,0.0185885319030948
4,2.82892344779485
4,2.19037969200165
3,1.25889217496351
0,0.339125078085567
7,2.50760713482875
2,0.859745899726759
9,4.76673442042356
5,9.39756316719868
0,0.267268524948602
3,6.71944725977495
2,1.33780068047717
0,0.896001356404243
4,1.71282775283158
0,0.0664768461211695
4,2.54384143111917
4,3.24305790699394
1,2.21109914489918
6,2.47905771760904
0,1.64968693996965
0,2.06746425767011
0,0.109621246025585
5,2.71386109831363
0,0.00575368589630492
0,0.252564908248527
0,0.677785138329136
0,0.396321976622167
0,0.90337546629467
0,0.508000687233905
3,0.878965578304059
0,0.631051513997251
8,4.71344235076785
13,6.62522129681695
11,9.05171251535791
2,3.86348449412823
12,10.8085562468656
2,2.60414458695614
0,0.298384807610782
6,3.36012540008605
3,0.65902009347295
0,7.08632899975513
11,6.65737541472065
0,0.369197879438773
6,13.6029430214488
1,1.59132569404016
9,10.045551771377
6,8.46710143098542
5,6.33692313111566
7,4.75864941611016
0,1.57285452204068
0,1.36917119378896
1,1.34117672465191
24,14.1798457084493
20,14.6741490791786
36,16.1338897022426
0,1.57357115723929
2,2.08559679493604
3,2.71983981998305
1,2.13723590559255
3,2.76699781306825
2,2.92467435074856
0,0.578624749565808
0,4.15382210803238
2,4.83306446472317
7,6.99217219560681
0,0.760807628250883
2,3.31887665543525
13,5.51330666638731
14,7.39000823208764
12,5.20386797251627
0,2.19287924062912
0,5.76643191264724
8,3.11498858359215
0,3.04433423579881
5,2.8660397998712
52,19.5257177173231
5,2.45145800752214
7,4.24999782147565
4,3.64774924391273
2,1.72987761554876
6,3.95646456464279
6,5.68070359961512
0,0.850203331365944
17,8.33425900975367
6,4.32988191185293
13,6.59487503685942
17,7.78287234591294
9,8.0991569023672
13,7.38656342948328
6,6.09323744691404
12,6.94239158922273
22,8.8837382390451
8,12.2731546923382
13,11.4027540870118
14,10.1787385863479
22,9.79076438288655
13,9.42461985704378
14,12.9168164578731
7,12.1710712618709
1,2.57650736957985
11,9.68662694263788
17,13.689868476536
13,14.098607532696
21,7.9888428321085
2,1.1881364139822
25,9.87091803047003
0,4.0933632051871
7,3.23830216998611
19,10.1288657730905
14,11.5700735503194
5,3.49948160937459
0,9.98314892269996
0,3.4526226206863
6,3.68300626951625
0,2.52597877619161
1,1.03747025212941
54,39.8164955267839
0,1.79119226652889
16,18.8378855274977
24,16.9884116026383
20,22.672630517764
17,16.3943948370808
13,17.4336472188808
27,18.2791067826106
24,16.2778762319403
1,2.39592506406787
10,16.0408011782754
0,0.75301225864441
0,0.976777616655455
25,28.8826315947302
21,23.2382932946598
18,17.4108351716965
25,19.9279246107309
18,20.9814488869079
28,25.6734455990083
18,12.7012711951579
25,32.6878114896967
18,22.9006987095337
19,19.8381797185219
22,20.5248431287549
35,28.2049440185065
1,1.91217608711215
24,29.6699528531348
17,20.8636430402041
15,26.106187528457
9,5.74093587929614
12,8.65805571463865
13,8.40439679165366
15,8.95574763558064
6,4.09984513801632
10,9.39899040671976
0,0.923763299928518
7,4.58903477658593
5,3.13492225396226
4,3.07588472807112
4,2.90668966936079
0,1.21291575248479
0,1.23858176879162
0,5.42581465507164
0,3.45285182197071
0,1.70518120350832
6,4.68480803166621
0,1.91687741336915
30,15.3636290826382
3,2.1175867718475
11,7.12935486187419
19,12.3886121998063
21,11.1827336446412
17,13.2217182851267
11,9.56712111728863
5,6.26179902625665
8,5.55494785244556
3,5.23142516531539
5,5.74159966141559
17,7.75120246059312
0,3.08106931040084
1,2.32230301478406
1,2.38737927710726
0,2.53088764112521
1,3.03710175336551
1,2.0722124782605
10,3.63796111382285
8,4.7468816320125
4,3.59448718884399
19,8.20128266598184
6,8.40173113076427
0,0.878568604763953
11,6.63170895309783
8,9.04037653320542
7,5.00046250339616
0,0.539015603514744
14,8.11378285026455
0,1.18273946318559
0,0.828604532066995
12,7.27574584180089
23,14.6384310397439
3,4.97773201061468
5,3.40624744787075
3,3.14875113970984
3,2.77536242414266
3,3.97658505319133
4,2.32476194950079
3,2.41852768573585
7,7.85609097357341
5,6.15068966152603
6,4.97162214255953
3,2.19080750001026
2,1.8632825633428
8,7.32324674790567
5,4.4755026701448
6,5.32849768627992
4,5.77555830185578
3,4.46188701012408
2,2.36528313648426
2,2.19186224924862
2,2.47061191597425
1,1.84400686463098
15,9.53490346319912
1,1.31257503457761
0,1.4884868283746
0,0.959199239221836
0,0.781723504199673
0,1.04848279363412
0,1.40837370686238
0,1.71234454434727
9,7.33175207847594
21,17.7945771861335
16,13.5797891558055
10,5.82837914453236
4,2.37299726057369
3,3.15585858935577
3,1.83878554733742
3,2.50966164286323
4,2.10639760721926
4,1.685408468627
3,2.21951320206973
0,0.634892384405743
10,5.86675591441454
13,10.1583241499193
6,6.94627916181423
12,9.5221742194409
8,10.8315306358276
0,0.866754500254921
0,0.901814090885961
8,4.13756503249499
13,6.52618799557433
2,9.9316050485287
12,7.41391345716854
13,8.07879366988963
10,5.84463206655013
0,1.14747907720994
3,4.48179233926789
1,4.47729388451175
4,4.26320009282012
0,5.95609037757718
2,1.93443861000376
0,0.89959635263681
0,0.702913448343538
0,0.848233784161038
4,3.55400374957643
9,4.75987388829609
1,2.07902924982047
0,3.30281443811265
0,2.89877843599454
3,3.44608711705356
7,6.30709643065776
0,5.01389123014027
4,5.78121745554422
5,4.42820128947882
4,7.41153583446842
0,4.36946019835114
7,5.66983597323459
3,5.72913167636276
4,4.68195166744936
13,6.13215703142824
3,1.96731506926158
8,3.00086121925754
0,0.0272653451910993
0,0.291620622798584
1,0.902350178677008
0,0.288546125336331
0,0.560745151566784
0,1.06772500562057
0,0.738131762744414
0,1.02347005506442
0,0.36076931943974
0,2.16097165574889
0,0.0415232831273722
1,1.06228858440453
25,13.1742316438481
12,11.2595234968566
1,0.498929075204197
0,0.356511964104029
0,0.433104989779218
0,0.514579363327533
0,0.41993305929235
1,1.86137096647936
7,4.64231044118164
9,4.25658206307292
7,4.47923348681612
4,3.32435742214487
0,0.341728357347473
0,0.422238565760089
0,0.50462142826202
9,6.88106155748241
16,17.3681178018039
8,7.08352945590261
7,6.1302779782025
1,1.36817036064052
1,1.08392956247245
1,1.19438609634087
3,2.24004959584178
3,3.08323189915178
3,1.83563387310546
0,1.42424754721619
20,19.6122338261042
27,20.6699364990947
32,23.2485471537622
27,18.4916063574532
25,26.4022314443993
24,26.4268482624148
15,27.6371833186048
21,26.230528719461
21,22.3655335894098
26,27.2964874362418
5,3.21421512454239
3,2.18353167545907
2,1.47023860028147
1,1.99217294028494
2,1.99334137542145
9,4.9392688314267
5,8.11651164354905
10,10.5364219814431
8,7.90768268566517
25,13.3970828231039
13,12.6182316249385
20,14.9737061114886
12,12.5045463811234
17,12.4905572966536
14,14.814335669179
17,12.3861882220981
13,10.0403120349901
17,13.1350678213525
18,12.0988507125189
29,17.2577068264348
4,3.39528098049291
2,1.48153282094987
1,1.38585283043415
12,11.0077725464271
6,4.41220893828715
10,8.73289832458134
14,5.78466110822612
7,3.57012006010971
11,4.40980431533649
0,2.18866075958693
4,6.33165698057623
2,5.78727582217967
19,6.20132619375819
11,11.7023846295592
0,1.17582109663628
1,1.66181172145129
1,1.46814749203178
6,3.16632604236855
8,2.91342754407784
3,2.37653828537195
5,2.51016235095081
1,1.42953250209456
6,2.44957388247656
4,2.51646904044239
0,0.397494858192698
0,0.0311982405321513
6,2.91139636490526
0,0.214985221315698
0,0.363319590379704
0,0.206662277409191
0,1.90210397447242
0,0.755174640973145
0,0.344230170091391
0,0.477743260723261
1,1.17053924086643
1,1.68257118762688
0,0.389023802702139
0,0.782174183540232
1,2.14250283376806
0,0.532552785044217
0,0.374933765708408
1,2.42410386872036
0,0.457293722428676
0,0.425119176943887
0,0.547942327289467
14,5.54027088495878
6,5.81693460071308
0,0.907075974429589
3,4.58951844000391
1,0.666547596428311
3,2.59966696615345
0,0.277976881869213
4,3.03494883325425
6,2.65817971929979
2,1.35031396067216
2,0.623954543723671
3,1.41208031652784
0,0.287574983463013
7,7.6787759511956
3,0.846081035152843
2,0.850857076075162
6,2.89346796499601
0,0.300106690548271
0,0.113643414447752
0,1.53776823563368
0,1.11991364565529
5,2.75274391526074
1,1.02645953499596
2,0.295406691121985
5,1.68732735654301
2,0.750579242918621
1,0.959641756473853
3,2.1405184753547
1,0.689318132825324
0,0.353440299924964
1,0.163289037694508
1,1.00075892811684
0,0.473272007186205
5,3.89277340581253
0,0.801283270150237
1,1.29443228435375
2,0.899951440771686
10,9.10929903489094
0,1.3254605888535
1,0.928120574727892
2,2.57096934701192
7,5.43626928542377
0,0.38456478025033
5,6.51943601939747
10,5.96528960024185
0,0.720250612499722
3,2.19730143480968
0,0.972093226730598
0,0.119412384121628
0,0.960176904290703
0,0.0450793301019717
0,0.0821624191409046
0,0.0960029663557991
1,0.102201368799696
2,2.95334989904065
0,2.14619780448029
0,0.110120326596504
0,0.115073183291984
0,1.17167156961482
0,0.175430977338066
0,0.291493111330496
1,2.20249957079069
1,2.44743083279699
0,0.457366349576783
7,1.01437431225808
10,11.8703367245341
0,0.529194094715701
0,0.150552787323916
0,2.40139283675308
2,1.02201871512872
8,4.51027502223676
0,0.349019753692535
2,0.964597832538653
0,0.00501774678945639
0,0.0115708294746617
1,0.124565845855902
0,1.54947089331447
0,0.128904680614062
0,0.126722184557553
