"Group","ID","Effect"
"District","0100005:AL",-0.80941400653372
"District","0100006:AL",0.136991791795208
"District","0100007:AL",-1.77210714602079
"District","0100008:AL",0.57446639751031
"District","0100011:AL",0.365683138548988
"District","0100012:AL",-0.539128570659292
"District","0100013:AL",0.25164798395461
"District","0100030:AL",0.994175043703724
"District","0100060:AL",-0.517256211935477
"District","0100090:AL",0.343537854391025
"District","0100100:AL",-0.494300202420099
"District","0100120:AL",0.21497606146884
"District","0100180:AL",-0.229935937575244
"District","0100185:AL",0.0135482868285477
"District","0100188:AL",-0.381426140131386
"District","0100189:AL",-0.863102626856141
"District","0100190:AL",-0.508752662102653
"District","0100194:AL",-0.151615055844521
"District","0100195:AL",0.538321268483105
"District","0100197:AL",-0.382948083078184
"District","0100199:AL",0.356216869893556
"District","0100202:AL",-0.0901690648933972
"District","0100210:AL",-0.124426228827824
"District","0100211:AL",-0.273904712469436
"District","0100240:AL",0.129484138494337
"District","0100270:AL",-1.5435363094298
"District","0100300:AL",-0.527619895574743
"District","0100330:AL",0.0977661237241274
"District","0100360:AL",1.15850011664169
"District","0100390:AL",0.430433551774623
"District","0100420:AL",-1.39171577693753
"District","0100450:AL",0.655797794789153
"District","0100480:AL",0.305179014690801
"District","0100510:AL",-0.984337922148045
"District","0100540:AL",-0.0181023400591322
"District","0100600:AL",-0.510381952376468
"District","0100630:AL",-0.791394191018971
"District","0100660:AL",0.904933192641827
"District","0100690:AL",0.639199266551249
"District","0100720:AL",-0.109204212746326
"District","0100750:AL",-0.480516470571092
"District","0100780:AL",-0.776359625478146
"District","0100810:AL",-0.913549097039589
"District","0100840:AL",0.508758113222185
"District","0100870:AL",-0.707198191373137
"District","0100900:AL",0.505352764320215
"District","0100930:AL",-1.40270758590581
"District","0100960:AL",-1.03912646369766
"District","0100990:AL",-0.20234614836341
"District","0101020:AL",-0.294389155600146
"District","0101050:AL",-1.34617054148523
"District","0101080:AL",0.281871220300713
"District","0101110:AL",1.08267936858248
"District","0101140:AL",0.720846433457081
"District","0101170:AL",-0.0722011477366803
"District","0101200:AL",0.210362186508629
"District","0101230:AL",0.514612946852799
"District","0101260:AL",-0.324446528078689
"District","0101290:AL",-0.0101480936383752
"District","0101350:AL",-0.786426589467344
"District","0101380:AL",-0.177478531184421
"District","0101410:AL",0.204427084438021
"District","0101440:AL",0.0521965336991706
"District","0101470:AL",-0.304455337948377
"District","0101530:AL",0.565625596448326
"District","0101560:AL",0.0742528230754703
"District","0101590:AL",0.384954530992154
"District","0101620:AL",-0.571601342016216
"District","0101640:AL",-0.202526089705642
"District","0101660:AL",0.806511652012095
"District","0101680:AL",-0.214465116367331
"District","0101690:AL",-0.329719502886037
"District","0101710:AL",1.01132582891545
"District","0101720:AL",-0.282064573608564
"District","0101730:AL",0.381229815896402
"District","0101740:AL",-1.29161926067698
"District","0101760:AL",-0.101439544054245
"District","0101770:AL",-0.88520455738842
"District","0101800:AL",1.28911990077005
"District","0101830:AL",-0.103932804167286
"District","0101860:AL",-0.296520371153285
"District","0101890:AL",-0.238588813973043
"District","0101920:AL",0.529957487571842
"District","0101950:AL",0.721396660916327
"District","0101980:AL",0.117190466556751
"District","0102010:AL",-0.368363548698911
"District","0102040:AL",-0.633245376367146
"District","0102070:AL",0.167660676111556
"District","0102100:AL",0.709896089497695
"District","0102130:AL",-0.14326679223287
"District","0102160:AL",0.778414797719306
"District","0102190:AL",-0.010292000772165
"District","0102220:AL",0.277811537849113
"District","0102250:AL",0.0397856051238296
"District","0102310:AL",0.0559367805647976
"District","0102350:AL",0.264792856245909
"District","0102370:AL",-0.592405016482653
"District","0102400:AL",0.343116258320493
"District","0102430:AL",-0.710104417068844
"District","0102480:AL",-0.0565000262393595
"District","0102490:AL",0.138116574326889
"District","0102520:AL",-0.486945895991123
"District","0102550:AL",0.0333389430393365
"District","0102580:AL",0.103149896136065
"District","0102610:AL",0.556846915549633
"District","0102635:AL",-0.142060864143524
"District","0102640:AL",-0.321175785579071
"District","0102650:AL",-0.457089765734636
"District","0102670:AL",1.38920275770026
"District","0102700:AL",1.00748270235693
"District","0102730:AL",0.451957491917939
"District","0102760:AL",0.240085668159041
"District","0102790:AL",2.14537899133592
"District","0102820:AL",-0.231206692487782
"District","0102850:AL",-0.457639450915487
"District","0102880:AL",0.446570339540956
"District","0102910:AL",1.05516653308964
"District","0102940:AL",-0.626303332731067
"District","0102970:AL",-0.258268030903626
"District","0103000:AL",0.239989170825978
"District","0103030:AL",-0.146747178902092
"District","0103062:AL",-0.55805178760374
"District","0103090:AL",0.938278870267935
"District","0103120:AL",0.337356344119484
"District","0103150:AL",0.359123429569826
"District","0103180:AL",0.649403035645799
"District","0103210:AL",0.5372020684795
"District","0103240:AL",-0.499709854035959
"District","0103270:AL",0.613334391250453
"District","0103300:AL",-0.337599815638105
"District","0103330:AL",-0.00588841624489865
"District","0103360:AL",0.0343890962881281
"District","0103390:AL",-0.367261385472794
"District","0103420:AL",0.622513353816854
"District","0103430:AL",0.77354703026172
"District","0103450:AL",-0.685901762507862
"District","0103480:AL",-0.173404753550032
"District","0103510:AL",-0.703157932387731
"District","0103540:AL",-0.0408971440351352
"District","0103580:AL",1.17169842509095
"District","0200001:AK",0.522515770111888
"District","0200003:AK",0.779561769593123
"District","0200004:AK",0.0934078811642646
"District","0200005:AK",-0.359604954951256
"District","0200006:AK",0.284234724356678
"District","0200007:AK",-0.133044697916436
"District","0200010:AK",-0.0594608755941901
"District","0200020:AK",-1.25210551736559
"District","0200030:AK",0.329839238718444
"District","0200050:AK",-0.524664529312302
"District","0200060:AK",0.268561623352252
"District","0200070:AK",-0.148367319674413
"District","0200090:AK",0.433809309890542
"District","0200100:AK",1.32098301905371
"District","0200120:AK",-0.319274490686914
"District","0200130:AK",0.173148348024214
"District","0200150:AK",-0.221617205804699
"District","0200180:AK",0.698369849729179
"District","0200210:AK",-0.0903305988134932
"District","0200240:AK",-0.523928369610875
"District","0200270:AK",1.07780106521238
"District","0200300:AK",0.284971697104276
"District","0200330:AK",0.630957998246255
"District","0200360:AK",-0.167568057045627
"District","0200390:AK",0.129179236314105
"District","0200450:AK",0.217822942140028
"District","0200480:AK",-0.979441924284465
"District","0200485:AK",0.277805418537141
"District","0200510:AK",-0.187833841178221
"District","0200520:AK",0.908766837033972
"District","0200525:AK",-0.243805670764133
"District","0200540:AK",-0.458490980505365
"District","0200570:AK",-0.470392020631872
"District","0200600:AK",0.640432398190809
"District","0200610:AK",-1.20582260886774
"District","0200625:AK",-0.639604247494467
"District","0200630:AK",-0.0382677848050385
"District","0200660:AK",-0.1108734983595
"District","0200670:AK",-0.130457701044255
"District","0200680:AK",0.0732864840892505
"District","0200690:AK",-0.288938731692045
"District","0200700:AK",-0.260567793907625
"District","0200710:AK",0.0938312742578123
"District","0200715:AK",-0.152909347297527
"District","0200720:AK",-0.738474649938235
"District","0200730:AK",-0.277896127527569
"District","0200760:AK",-0.46224040197819
"District","0200770:AK",-0.87507250580715
"District","0200775:AK",0.07574274979911
"District","0200780:AK",-0.545811210634132
"District","0200800:AK",-0.570270600475495
"District","0200810:AK",-0.263774199124171
"District","0200840:AK",0.18988786873232
"District","0200862:AK",2.17146320098543
"District","0400001:AZ",1.2460128323007
"District","0400003:AZ",0.589256358068785
"District","0400016:AZ",1.39430807317572
"District","0400019:AZ",-0.462534170768706
"District","0400021:AZ",-0.430941825189269
"District","0400023:AZ",-0.501347475179672
"District","0400026:AZ",-0.356953431735389
"District","0400031:AZ",-0.0343703902624784
"District","0400041:AZ",-0.0118981365244408
"District","0400043:AZ",-0.37452568484064
"District","0400047:AZ",-0.168074346210999
"District","0400052:AZ",-0.383502245754687
"District","0400053:AZ",0.452657072409485
"District","0400056:AZ",-0.550291503110296
"District","0400057:AZ",1.98741045885948
"District","0400061:AZ",0.411442176203062
"District","0400065:AZ",-0.848611604620694
"District","0400070:AZ",-0.583794084638476
"District","0400074:AZ",-0.632015615889276
"District","0400077:AZ",0.246351988015193
"District","0400078:AZ",-0.0543159125886888
"District","0400079:AZ",0.0738550415853085
"District","0400081:AZ",0.22878555955336
"District","0400082:AZ",-1.19590320935939
"District","0400083:AZ",-0.0953578261404266
"District","0400094:AZ",-0.16380442600099
"District","0400095:AZ",-0.274412348959078
"District","0400097:AZ",0.325253141601905
"District","0400099:AZ",0.97249018005525
"District","0400103:AZ",-1.32754808144651
"District","0400106:AZ",-0.586786089296585
"District","0400107:AZ",-0.456477161866664
"District","0400108:AZ",-0.436111058325018
"District","0400112:AZ",0.189485211521241
"District","0400121:AZ",-0.424026029149159
"District","0400124:AZ",-0.131916088838556
"District","0400129:AZ",1.00549196103639
"District","0400130:AZ",-0.24260022118464
"District","0400144:AZ",2.34989719756543
"District","0400147:AZ",0.535266657476357
"District","0400149:AZ",-0.64425925189014
"District","0400153:AZ",-0.186399334479746
"District","0400154:AZ",1.2026237081382
"District","0400157:AZ",1.04775314354251
"District","0400159:AZ",-0.241728767438214
"District","0400163:AZ",-0.375200455148507
"District","0400165:AZ",0.239075403871595
"District","0400201:AZ",1.1733839789538
"District","0400202:AZ",0.337593143546798
"District","0400209:AZ",-0.117941302293235
"District","0400211:AZ",0.330639747522172
"District","0400212:AZ",-0.151431248915834
"District","0400219:AZ",-0.797246822969004
"District","0400223:AZ",1.38319253433904
"District","0400225:AZ",1.28172325285849
"District","0400231:AZ",0.0208054575230996
"District","0400238:AZ",-0.347094765102818
"District","0400241:AZ",-0.882691881285714
"District","0400243:AZ",0.402739924586344
"District","0400244:AZ",1.5655319612512
"District","0400246:AZ",-0.265480152973857
"District","0400248:AZ",0.541822851830494
"District","0400254:AZ",0.433143464147491
"District","0400259:AZ",0.012864885418718
"District","0400261:AZ",-0.480846987924333
"District","0400266:AZ",-0.367142483450621
"District","0400267:AZ",-0.150321322074369
"District","0400274:AZ",-0.184342956927248
"District","0400276:AZ",-0.26062674157485
"District","0400278:AZ",-0.0948022569707462
"District","0400280:AZ",-0.525017649226072
"District","0400281:AZ",-0.435064033707543
"District","0400282:AZ",0.126834971502554
"District","0400284:AZ",0.46683122889282
"District","0400288:AZ",-0.263547399315398
"District","0400290:AZ",0.817193289718721
"District","0400295:AZ",-1.25739533515703
"District","0400303:AZ",-0.84914651701803
"District","0400311:AZ",-0.904187362344079
"District","0400315:AZ",-0.359852392612188
"District","0400321:AZ",1.19360692608485
"District","0400327:AZ",-0.341571321068563
"District","0400329:AZ",-1.11965991846779
"District","0400330:AZ",-0.525369252601065
"District","0400332:AZ",-0.135316124242134
"District","0400352:AZ",-0.256867264822229
"District","0400353:AZ",-0.50863749335956
"District","0400354:AZ",-0.418132989441741
"District","0400355:AZ",-0.45173921691446
"District","0400356:AZ",-0.223638303230723
"District","0400357:AZ",-0.315882459680102
"District","0400363:AZ",-0.186716038282428
"District","0400364:AZ",0.306229818898501
"District","0400366:AZ",-0.351005634176787
"District","0400367:AZ",-0.245802005545136
"District","0400373:AZ",-0.428039004338402
"District","0400381:AZ",-0.0295639236616944
"District","0400382:AZ",-0.252134884143185
"District","0400384:AZ",-0.389216717515306
"District","0400385:AZ",-0.312028376207152
"District","0400386:AZ",-0.314471817797815
"District","0400387:AZ",-0.148302740365784
"District","0400388:AZ",0.0986830088076434
"District","0400389:AZ",-0.438838121930688
"District","0400391:AZ",-0.053265842966032
"District","0400394:AZ",-0.198127155426721
"District","0400395:AZ",-0.789517332598933
"District","0400402:AZ",-0.420099423711634
"District","0400405:AZ",-0.380596209972093
"District","0400407:AZ",0.324805098549777
"District","0400414:AZ",-0.318489165380003
"District","0400415:AZ",-0.551201286073761
"District","0400417:AZ",-0.492691544913789
"District","0400420:AZ",-0.176336451416111
"District","0400423:AZ",0.0887866733331192
"District","0400426:AZ",-0.200778895622409
"District","0400427:AZ",0.470223410315487
"District","0400429:AZ",0.540263984359178
"District","0400432:AZ",0.354352443206918
"District","0400440:AZ",-0.0712997043877255
"District","0400447:AZ",-0.443756844013827
"District","0400450:AZ",0.422387335505573
"District","0400463:AZ",1.0672083270543
"District","0400520:AZ",0.707654341680858
"District","0400608:AZ",-0.267051327251166
"District","0400610:AZ",-0.671104690210289
"District","0400614:AZ",-0.329190882166618
"District","0400618:AZ",-0.206882476537873
"District","0400619:AZ",0.662426046089444
"District","0400621:AZ",0.914625029492311
"District","0400625:AZ",0.445058988192101
"District","0400626:AZ",1.27859874195551
"District","0400632:AZ",0.272692486170176
"District","0400636:AZ",1.01332874838899
"District","0400640:AZ",0.321024626154412
"District","0400650:AZ",-0.0195477703286135
"District","0400653:AZ",0.271876703093673
"District","0400655:AZ",0.0411696465614815
"District","0400656:AZ",-0.0968990352085249
"District","0400680:AZ",0.535389950185424
"District","0400720:AZ",0.562192910075788
"District","0400746:AZ",-0.873628870172164
"District","0400747:AZ",0.174990067502347
"District","0400757:AZ",0.199918190587577
"District","0400760:AZ",-0.0820909700522366
"District","0400769:AZ",0.656134311479929
"District","0400770:AZ",1.79233867781875
"District","0400771:AZ",-0.230127475133612
"District","0400775:AZ",0.4950357051222
"District","0400776:AZ",1.02173952372199
"District","0400778:AZ",0.842531360743933
"District","0400783:AZ",0.706926537281252
"District","0400785:AZ",0.514810056550154
"District","0400790:AZ",-0.755841557785697
"District","0400800:AZ",-0.43538612636586
"District","0400801:AZ",0.452797591184776
"District","0400803:AZ",-0.433249724170452
"District","0400805:AZ",0.479630509974095
"District","0400807:AZ",1.41461214618376
"District","0400814:AZ",-0.169538041600907
"District","0400816:AZ",-0.20220447751965
"District","0400818:AZ",-0.415234667882259
"District","0400819:AZ",0.357722380554825
"District","0400820:AZ",-0.367181487410421
"District","0400821:AZ",-0.251067349645
"District","0400823:AZ",-0.583133051307092
"District","0400827:AZ",2.01795934114051
"District","0400828:AZ",-0.522436498835408
"District","0400829:AZ",-0.128412919913434
"District","0400830:AZ",-0.664513718289546
"District","0400831:AZ",-0.37105875464351
"District","0400838:AZ",-0.517222287488716
"District","0400843:AZ",0.176649125205261
"District","0400851:AZ",0.590064649833501
"District","0400858:AZ",0.775714979827975
"District","0400859:AZ",0.81202013024248
"District","0400861:AZ",0.31480759605202
"District","0400862:AZ",-0.0933946981042056
"District","0400863:AZ",-0.172528039814134
"District","0400872:AZ",-0.138237821113328
"District","0400875:AZ",-0.456990365117287
"District","0400877:AZ",-0.413301027228959
"District","0400878:AZ",0.0816117346557362
"District","0400880:AZ",0.671602304100357
"District","0400897:AZ",-0.630495595386911
"District","0400898:AZ",-0.459569150198376
"District","0400900:AZ",0.429802742525493
"District","0400903:AZ",-0.597176278677039
"District","0400904:AZ",-0.471632655850169
"District","0400907:AZ",-0.138343927061365
"District","0400909:AZ",0.896011536250309
"District","0400910:AZ",-0.203909128707267
"District","0400911:AZ",0.51199340229052
"District","0400913:AZ",-0.276029225583086
"District","0400919:AZ",0.214053964352903
"District","0400924:AZ",-0.449118150152002
"District","0400926:AZ",1.04302590156575
"District","0400941:AZ",0.384868249475899
"District","0400946:AZ",-0.274248291996898
"District","0400947:AZ",-0.49613862130418
"District","0400950:AZ",-0.345887290368734
"District","0400955:AZ",1.22001944000992
"District","0400965:AZ",0.0350741915125775
"District","0400966:AZ",-0.00491718623742169
"District","0400969:AZ",-0.357534743741418
"District","0400970:AZ",-0.0897472484252442
"District","0400976:AZ",0.372982600948168
"District","0400988:AZ",1.42653089344167
"District","0400993:AZ",1.0348608263601
"District","0400998:AZ",0.439425234310438
"District","0400999:AZ",0.0153439024756693
"District","0401000:AZ",-0.479474455351155
"District","0401005:AZ",-0.220818154179274
"District","0401013:AZ",-0.127891388581938
"District","0401015:AZ",-0.287175533708225
"District","0401160:AZ",-0.246016315271803
"District","0401180:AZ",-0.411119383229568
"District","0401230:AZ",-0.0218926959748533
"District","0401330:AZ",-0.0749355837809175
"District","0401410:AZ",0.31630266498796
"District","0401460:AZ",-0.949296261983038
"District","0401600:AZ",-0.634254682405121
"District","0401740:AZ",-1.39752248726131
"District","0401760:AZ",-1.13373436219081
"District","0401870:AZ",-1.61156299542763
"District","0401940:AZ",0.895025488397607
"District","0402320:AZ",-0.862180639527411
"District","0402370:AZ",-0.0236809024451582
"District","0402480:AZ",-0.217592843255643
"District","0402530:AZ",1.49104048694547
"District","0402600:AZ",0.419739075985862
"District","0402690:AZ",0.389427656393858
"District","0402740:AZ",-0.175511360702684
"District","0402860:AZ",-0.926456332657051
"District","0402920:AZ",-0.599513764640583
"District","0403010:AZ",-0.649646434307997
"District","0403040:AZ",-0.722481538553687
"District","0403080:AZ",0.184112218357172
"District","0403200:AZ",-0.45028707698264
"District","0403290:AZ",-0.634167446084297
"District","0403310:AZ",-0.290676573408032
"District","0403400:AZ",1.9207256858945
"District","0403450:AZ",0.509810215197875
"District","0403500:AZ",-0.0103057798541307
"District","0403550:AZ",-0.256460556258144
"District","0403730:AZ",0.228021444127409
"District","0403780:AZ",-0.153293182329454
"District","0403820:AZ",-0.647876766993655
"District","0403860:AZ",1.58233755085172
"District","0403870:AZ",0.77437925231629
"District","0403950:AZ",-0.530532908329195
"District","0403990:AZ",0.24593578788504
"District","0404010:AZ",-0.00677377469271137
"District","0404060:AZ",-0.723914998614698
"District","0404280:AZ",-1.02667083705996
"District","0404410:AZ",-0.176671744623698
"District","0404570:AZ",-0.31870938602203
"District","0404630:AZ",-0.142890296806426
"District","0404720:AZ",0.539959367098675
"District","0404820:AZ",-0.42639251672867
"District","0404970:AZ",0.466794116227862
"District","0405030:AZ",-0.0168257039236441
"District","0405070:AZ",-0.141135967382309
"District","0405320:AZ",1.04261882577499
"District","0405360:AZ",-0.071577015744624
"District","0405460:AZ",-0.301952263116235
"District","0405500:AZ",0.828433157933784
"District","0405530:AZ",1.3074310708176
"District","0405820:AZ",0.659794271749695
"District","0405930:AZ",-0.0503395559017857
"District","0405980:AZ",-0.629561809706279
"District","0406030:AZ",0.818198359030726
"District","0406070:AZ",0.841532000603446
"District","0406120:AZ",-0.113887368450422
"District","0406250:AZ",1.23172252328491
"District","0406330:AZ",1.03404495283508
"District","0406440:AZ",0.473172089852568
"District","0406580:AZ",1.3636067902763
"District","0406730:AZ",1.00887691883413
"District","0406740:AZ",0.0676864073092244
"District","0406810:AZ",-0.586567452597053
"District","0406850:AZ",-0.348073224885018
"District","0406870:AZ",0.076272542979022
"District","0406960:AZ",0.655172722608098
"District","0407130:AZ",-0.654025424826077
"District","0407170:AZ",-0.0488142366206042
"District","0407240:AZ",-0.160782119859391
"District","0407300:AZ",0.305793319087269
"District","0407430:AZ",0.77659227266893
"District","0407520:AZ",-0.747680581300052
"District","0407530:AZ",-0.423002565049066
"District","0407570:AZ",0.37627272228576
"District","0407630:AZ",-0.135312938164014
"District","0407700:AZ",-0.85695569923702
"District","0407750:AZ",-0.0727558313580537
"District","0407820:AZ",0.306506832707803
"District","0408020:AZ",-0.360889465969429
"District","0408080:AZ",-0.633246712356401
"District","0408170:AZ",0.0385488443448399
"District","0408230:AZ",-0.26060093976602
"District","0408280:AZ",-0.745732309965353
"District","0408340:AZ",-0.74029892534959
"District","0408410:AZ",-0.709126742699092
"District","0408520:AZ",0.0956540781800395
"District","0408600:AZ",-0.542929276982459
"District","0408680:AZ",-0.719444553723188
"District","0408800:AZ",-2.30701653888199
"District","0408850:AZ",-0.596970874225168
"District","0408910:AZ",-0.286969834880549
"District","0409160:AZ",0.366306383860125
"District","0409190:AZ",-0.639264250425242
"District","0409250:AZ",-0.148362173844629
"District","0409310:AZ",-0.393579226503857
"District","0409430:AZ",-0.68365877888906
"District","0409460:AZ",-0.687957758359388
"District","0409540:AZ",0.331393235832338
"District","0409630:AZ",-2.10834053522348
"District","0409733:AZ",-0.502133034384818
"District","0600028:CA",0.56524521852114
"District","0600029:CA",0.20993387212352
"District","0600052:CA",-0.44465986843774
"District","0601332:CA",-0.595232008736861
"District","0602421:CA",1.17361650357772
"District","0602430:CA",0.205378716151496
"District","0607970:CA",-0.686596143172734
"District","0608370:CA",1.29829916979107
"District","0609030:CA",-0.298462524241856
"District","0611820:CA",0.0627160810994414
"District","0612330:CA",-0.387775049819434
"District","0614550:CA",0.499159984756103
"District","0616230:CA",-1.0070540300386
"District","0616920:CA",-0.593761091109528
"District","0619540:CA",-0.482809381248656
"District","0621400:CA",0.91473817937027
"District","0621600:CA",0.0373068165844226
"District","0621690:CA",-0.192213130115844
"District","0633840:CA",-0.0407428546469319
"District","0634440:CA",-0.411000600731677
"District","0636800:CA",-0.582494767574322
"District","0638010:CA",-0.722165960180606
"District","0802340:CO",-0.71026127843591
"District","0802910:CO",-0.130336950576933
"District","0804080:CO",0.155654997345711
"District","1200002:FL",0.19708040043391
"District","1200030:FL",-1.48097532618119
"District","1200060:FL",1.02334667743923
"District","1200090:FL",-0.16725481166481
"District","1200120:FL",-0.0215056206884431
"District","1200150:FL",0.282180445755359
"District","1200180:FL",0.754185889831507
"District","1200210:FL",-0.601770936168788
"District","1200240:FL",-0.872263248730701
"District","1200270:FL",0.503706008267485
"District","1200300:FL",-0.512763009668439
"District","1200330:FL",-0.271717819610676
"District","1200360:FL",-1.15576080817316
"District","1200390:FL",1.23175452321345
"District","1200420:FL",-0.203594057827958
"District","1200450:FL",0.233096585404349
"District","1200480:FL",1.03399319765958
"District","1200510:FL",0.708370950702562
"District","1200540:FL",-0.0738007702850479
"District","1200570:FL",0.153192389550225
"District","1200600:FL",-0.688234837172489
"District","1200630:FL",-0.738344955531971
"District","1200660:FL",0.311998593308817
"District","1200690:FL",-0.59087247404209
"District","1200720:FL",-0.489874162985767
"District","1200750:FL",0.0560517308949752
"District","1200780:FL",-0.650364191846099
"District","1200810:FL",0.19197874800653
"District","1200840:FL",-0.856793754533516
"District","1200870:FL",0.593051147098134
"District","1200900:FL",-0.880468963725211
"District","1200930:FL",0.145184269847752
"District","1200960:FL",-0.244990302948828
"District","1200990:FL",-0.212395752778692
"District","1201020:FL",1.46447646742978
"District","1201050:FL",-0.029347270191309
"District","1201080:FL",0.164476082062004
"District","1201110:FL",-0.490070479794784
"District","1201140:FL",-0.052677572136438
"District","1201170:FL",-0.421824507559909
"District","1201200:FL",0.0949401366047819
"District","1201230:FL",-0.61879778586188
"District","1201260:FL",-0.73430956807744
"District","1201290:FL",-0.991367560703236
"District","1201320:FL",-0.662498353220989
"District","1201350:FL",1.48439287495032
"District","1201380:FL",1.59299142660529
"District","1201410:FL",-0.8497523717506
"District","1201440:FL",-0.669551648313972
"District","1201470:FL",0.524340530390751
"District","1201500:FL",0.705606484470936
"District","1201530:FL",-0.153654377805657
"District","1201560:FL",1.18399940177644
"District","1201590:FL",-0.00765885189669191
"District","1201620:FL",0.194964793048758
"District","1201650:FL",-0.799765339631058
"District","1201680:FL",0.787012508680805
"District","1201710:FL",1.34586507621561
"District","1201740:FL",0.508818124009754
"District","1201770:FL",-1.53536378909507
"District","1201800:FL",0.0279442689894755
"District","1201830:FL",-0.337712431352138
"District","1201860:FL",-0.508651989306589
"District","1201890:FL",-0.177403442906751
"District","1201920:FL",1.04997329115363
"District","1201950:FL",-0.584450781025466
"District","1201980:FL",-0.308244309915304
"District","1202010:FL",0.643179614680569
"District","1202012:FL",-0.529103726446581
"District","1202013:FL",-0.624451067883256
"District","1202014:FL",-0.270309903029046
"District","1202015:FL",-0.506731661817914
"District","1202016:FL",0.750040885817047
"District","1300001:GA",0.459582814865818
"District","1300005:GA",0.156830593294778
"District","1300026:GA",-0.96462588283463
"District","1300060:GA",0.66600907706701
"District","1300090:GA",-0.681349111280231
"District","1300120:GA",0.742118694257532
"District","1300150:GA",-0.734656386578657
"District","1300180:GA",-0.3990428921317
"District","1300210:GA",0.648826825570444
"District","1300214:GA",-1.22113626650564
"District","1300217:GA",0.649692908432862
"District","1300218:GA",-0.148939558651226
"District","1300227:GA",-0.449981882001407
"District","1300232:GA",0.931558570504659
"District","1300235:GA",-1.17929866997462
"District","1300238:GA",0.935874556104549
"District","1300240:GA",0.703037487976091
"District","1300243:GA",0.0129934630010543
"District","1300244:GA",-0.354114840092597
"District","1300246:GA",-0.21615240785746
"District","1300248:GA",-0.492218651311666
"District","1300252:GA",-0.918685675091283
"District","1300254:GA",1.50881857492707
"District","1300256:GA",0.184883655770473
"District","1300258:GA",-0.71047154664488
"District","1300263:GA",-0.366804052690301
"District","1300290:GA",0.777148152933407
"District","1300330:GA",-0.166216849091199
"District","1300360:GA",0.124272652957695
"District","1300390:GA",-1.21283188324586
"District","1300420:GA",0.475500462250755
"District","1300440:GA",0.226344203394817
"District","1300480:GA",-0.504221287563365
"District","1300510:GA",0.230310738668496
"District","1300540:GA",1.16914256996115
"District","1300570:GA",-1.23736656458468
"District","1300600:GA",0.247106202934296
"District","1300630:GA",-1.22632855689206
"District","1300660:GA",0.0517532944241831
"District","1300690:GA",-0.881531431024504
"District","1300720:GA",0.395135345119476
"District","1300750:GA",-0.427479089360593
"District","1300780:GA",0.896752812301109
"District","1300810:GA",0.777951874199141
"District","1300840:GA",0.624265014427175
"District","1300870:GA",0.709122173508291
"District","1300900:GA",0.24554519798846
"District","1300930:GA",1.04909644273179
"District","1300990:GA",-0.841833909656509
"District","1301020:GA",0.315125147516198
"District","1301050:GA",0.345922077004399
"District","1301080:GA",-0.825908518486588
"District","1301110:GA",-0.0466448609385878
"District","1301140:GA",-0.890333590590048
"District","1301170:GA",0.28870457752289
"District","1301230:GA",0.898224936094882
"District","1301260:GA",-0.780921304930469
"District","1301290:GA",0.29537220541279
"District","1301350:GA",0.403503852471538
"District","1301380:GA",0.601468132278441
"District","1301410:GA",0.261758478216912
"District","1301440:GA",0.487420670915208
"District","1301470:GA",0.150002924362244
"District","1301500:GA",0.107052251090156
"District","1301530:GA",-0.382493989285951
"District","1301560:GA",0.704744275279336
"District","1301590:GA",-1.00521302827237
"District","1301620:GA",0.658083826393843
"District","1301650:GA",-0.671606374208082
"District","1301680:GA",0.604059440097345
"District","1301710:GA",0.146125890835588
"District","1301740:GA",0.498516535347595
"District","1301770:GA",0.558771369152168
"District","1301800:GA",-0.660282800268638
"District","1301830:GA",0.752940429021158
"District","1301860:GA",0.758606387456455
"District","1301870:GA",-0.856215491579913
"District","1301890:GA",-0.147623127953329
"District","1301920:GA",-0.913715613459666
"District","1301950:GA",-0.499979311697356
"District","1301980:GA",-0.46411274677679
"District","1302010:GA",0.551402361537722
"District","1302040:GA",-1.05980239991037
"District","1302070:GA",0.944674065752767
"District","1302100:GA",-0.0534596032496028
"District","1302130:GA",-0.0844841888527908
"District","1302190:GA",0.720108167028683
"District","1302220:GA",0.00104401391558916
"District","1302250:GA",-0.747876558384566
"District","1302280:GA",0.742867957757168
"District","1302310:GA",0.346720671084567
"District","1302340:GA",-0.086083796622482
"District","1302370:GA",0.70362927704668
"District","1302400:GA",0.38680192436538
"District","1302430:GA",-0.211720441098587
"District","1302460:GA",0.2787876543513
"District","1302490:GA",-0.398016555331102
"District","1302520:GA",-0.702976797129407
"District","1302550:GA",1.04083975210449
"District","1302580:GA",-0.728292492109284
"District","1302610:GA",0.703499875313228
"District","1302640:GA",0.193303256378507
"District","1302670:GA",0.0130389795715036
"District","1302700:GA",0.837902740568509
"District","1302730:GA",-0.0420845801041828
"District","1302790:GA",-0.673164476442968
"District","1302820:GA",0.967359439904123
"District","1302880:GA",0.271413168604381
"District","1302910:GA",-0.614824835401359
"District","1302940:GA",0.684524883281153
"District","1302970:GA",0.794491746784331
"District","1303000:GA",-0.878617313582918
"District","1303030:GA",0.00618292011202267
"District","1303060:GA",0.790926419806622
"District","1303090:GA",-0.529593481346701
"District","1303120:GA",-0.616871009819257
"District","1303150:GA",0.608210294044567
"District","1303210:GA",-0.793348283826577
"District","1303240:GA",0.143628667329051
"District","1303270:GA",-0.351560646217064
"District","1303300:GA",-0.984563071073934
"District","1303330:GA",0.4710977797885
"District","1303360:GA",-0.950685959400647
"District","1303390:GA",0.423480498312184
"District","1303420:GA",0.168561934975997
"District","1303450:GA",0.312202160866424
"District","1303480:GA",0.0460320752528077
"District","1303510:GA",0.981273491317537
"District","1303540:GA",-0.328726155043244
"District","1303570:GA",0.978031659326055
"District","1303600:GA",-0.528394452234407
"District","1303630:GA",-0.223825277658285
"District","1303660:GA",-0.382635781857297
"District","1303690:GA",-0.42676278249297
"District","1303720:GA",0.473249894756974
"District","1303750:GA",-0.566073426468402
"District","1303780:GA",0.0312584661832435
"District","1303840:GA",-0.644452383028415
"District","1303870:GA",0.430137697904338
"District","1303930:GA",0.464971175443203
"District","1303960:GA",1.24531447940729
"District","1303990:GA",-0.667360875955437
"District","1304020:GA",0.462769076384887
"District","1304050:GA",-0.832566615230127
"District","1304080:GA",-0.116705184047727
"District","1304110:GA",0.248244402609628
"District","1304140:GA",-0.17885907814942
"District","1304170:GA",-1.28924457125283
"District","1304200:GA",1.1172288588161
"District","1304220:GA",-0.781555668044209
"District","1304260:GA",0.167465200768042
"District","1304290:GA",-0.326290355449156
"District","1304320:GA",-0.147874951348551
"District","1304350:GA",-0.283961381072785
"District","1304380:GA",1.6739114273567
"District","1304410:GA",0.99287506037555
"District","1304440:GA",0.381443358858567
"District","1304470:GA",0.164843179769238
"District","1304500:GA",-0.40705939396063
"District","1304530:GA",0.0682449323332804
"District","1304540:GA",1.23052572495935
"District","1304560:GA",-0.970034481680557
"District","1304590:GA",-0.113092992872787
"District","1304620:GA",0.145076048743938
"District","1304650:GA",0.0235802472788939
"District","1304680:GA",0.40544094005973
"District","1304770:GA",-0.215906766714738
"District","1304800:GA",-0.715966682409878
"District","1304830:GA",-0.325268167141378
"District","1304860:GA",-0.59166252957581
"District","1304890:GA",1.05784953602872
"District","1304950:GA",-0.00512375895978841
"District","1304980:GA",0.803056761867867
"District","1305040:GA",-0.181387757173406
"District","1305070:GA",0.375868628868203
"District","1305100:GA",-0.570223993289398
"District","1305130:GA",-0.817421030425616
"District","1305190:GA",-0.476045245946917
"District","1305220:GA",-0.4934141429292
"District","1305250:GA",0.69319751693117
"District","1305280:GA",0.899836974136889
"District","1305310:GA",-0.583552809710807
"District","1305340:GA",-0.537599821790376
"District","1305370:GA",-0.304101811110542
"District","1305390:GA",1.31313312096745
"District","1305430:GA",-1.01458585011179
"District","1305460:GA",-0.188425857540282
"District","1305490:GA",-1.04020141030307
"District","1305550:GA",-0.975034702578154
"District","1305580:GA",0.13962416990554
"District","1305640:GA",-0.57835813566762
"District","1305670:GA",-0.475335688734775
"District","1305700:GA",1.14791730120363
"District","1305730:GA",-0.635876649885494
"District","1305760:GA",-0.520993431621201
"District","1305790:GA",-0.702518496994307
"District","1305850:GA",-0.418550591973604
"District","1600001:ID",-0.249197416707284
"District","1600002:ID",0.195376277425528
"District","1600003:ID",-0.429637468327128
"District","1600004:ID",-0.925910229802219
"District","1600005:ID",-0.586993341731818
"District","1600007:ID",-0.590791054577807
"District","1600009:ID",0.27861368579881
"District","1600010:ID",0.205049927213886
"District","1600011:ID",0.662999524370628
"District","1600012:ID",-0.623283924953203
"District","1600015:ID",0.569146704224608
"District","1600030:ID",-0.582564072647034
"District","1600060:ID",0.838403560060351
"District","1600138:ID",-0.215925827370981
"District","1600139:ID",-0.610206869501665
"District","1600140:ID",-0.567794876303337
"District","1600141:ID",0.0040855912102149
"District","1600142:ID",-0.740242250501943
"District","1600143:ID",-0.464560873453039
"District","1600144:ID",-0.579129516896799
"District","1600148:ID",-0.619061383837083
"District","1600149:ID",-0.625195134040228
"District","1600152:ID",-0.412602122202108
"District","1600155:ID",-0.261360441575903
"District","1600156:ID",0.302796527719203
"District","1600160:ID",1.35889872435236
"District","1600162:ID",0.0893926077901337
"District","1600165:ID",-0.496792165182596
"District","1600169:ID",1.26091902579351
"District","1600171:ID",0.0352949843816367
"District","1600172:ID",-0.452746584115185
"District","1600173:ID",-0.301654217104049
"District","1600174:ID",1.73856878133875
"District","1600177:ID",-0.452269208461477
"District","1600179:ID",-0.481943416668112
"District","1600180:ID",0.0649817932056434
"District","1600182:ID",0.586406586238934
"District","1600183:ID",0.246026770029212
"District","1600189:ID",-0.561564202357668
"District","1600190:ID",-0.0122964535269425
"District","1600194:ID",-0.564586381876604
"District","1600204:ID",-0.394059394667179
"District","1600240:ID",0.0468102911280431
"District","1600270:ID",0.119765184807358
"District","1600300:ID",-0.501574988447503
"District","1600330:ID",0.809206404317887
"District","1600360:ID",-0.373236919507532
"District","1600420:ID",-0.645314373212664
"District","1600450:ID",-0.374209853319166
"District","1600480:ID",-0.0555241198456434
"District","1600490:ID",0.0405546632739047
"District","1600510:ID",-0.296383589126436
"District","1600540:ID",-0.0430773047394818
"District","1600570:ID",-0.29649943624858
"District","1600600:ID",-0.961379160337585
"District","1600630:ID",-0.305776430806955
"District","1600660:ID",1.18155731442805
"District","1600690:ID",-0.530817784511314
"District","1600720:ID",-0.551973506976297
"District","1600750:ID",-0.298823192319589
"District","1600780:ID",0.833881555338781
"District","1600810:ID",0.898864231334763
"District","1600815:ID",1.03928011131505
"District","1600840:ID",0.111331094754659
"District","1600870:ID",-0.203405197056613
"District","1600900:ID",0.187009300875052
"District","1600930:ID",-0.807822468781285
"District","1600960:ID",0.0166046565520853
"District","1601020:ID",-0.0637081016329322
"District","1601050:ID",-0.0479840304722649
"District","1601080:ID",-0.545344759827602
"District","1601110:ID",0.490584773527436
"District","1601140:ID",-0.0203284369637731
"District","1601170:ID",0.300639013862288
"District","1601200:ID",0.764995932882433
"District","1601230:ID",0.577673992701609
"District","1601260:ID",-0.443828238564777
"District","1601290:ID",2.93710539939396
"District","1601380:ID",0.971815877253528
"District","1601410:ID",-0.351333146324746
"District","1601440:ID",-0.269706315688903
"District","1601470:ID",-0.573988460730035
"District","1601500:ID",-0.346408247032324
"District","1601530:ID",-0.0885607384192242
"District","1601570:ID",-0.453264527581281
"District","1601590:ID",1.08937172602377
"District","1601620:ID",-0.114970471387709
"District","1601650:ID",-0.423174460423574
"District","1601680:ID",-0.335577746676073
"District","1601710:ID",-0.841420988685131
"District","1601740:ID",-0.273674599873221
"District","1601770:ID",0.00747628976620219
"District","1601800:ID",0.808147030849581
"District","1601830:ID",0.119337145023451
"District","1601860:ID",-1.01766157054344
"District","1601900:ID",-0.388706442516954
"District","1601920:ID",-0.150251138239252
"District","1601950:ID",-0.437535198789708
"District","1601980:ID",0.379410399665202
"District","1602030:ID",0.555723916031035
"District","1602060:ID",-0.257377498954096
"District","1602070:ID",-0.609505665049025
"District","1602100:ID",0.478681874444679
"District","1602130:ID",-0.279642825067848
"District","1602160:ID",-0.305118081729731
"District","1602190:ID",0.636032290243801
"District","1602220:ID",0.705580913435677
"District","1602250:ID",0.45082213031161
"District","1602280:ID",-0.182630770827116
"District","1602310:ID",0.264039396253731
"District","1602340:ID",0.749838820981078
"District","1602370:ID",0.14536078404492
"District","1602400:ID",1.30100527650515
"District","1602430:ID",0.159795310840168
"District","1602460:ID",-0.355046798076874
"District","1602490:ID",-0.63126016271603
"District","1602520:ID",0.932651624439055
"District","1602550:ID",-0.536618627641357
"District","1602580:ID",0.135992448058616
"District","1602640:ID",0.0971673799131427
"District","1602670:ID",-0.508827096311967
"District","1602700:ID",0.479139451875167
"District","1602760:ID",-0.0256362491879988
"District","1602790:ID",0.390687797973193
"District","1602820:ID",-0.287266022667865
"District","1602850:ID",-0.760919929343587
"District","1602910:ID",-0.38635217462269
"District","1602940:ID",0.455235679202375
"District","1602970:ID",0.545422827231164
"District","1603000:ID",-0.282622072807035
"District","1603030:ID",-0.193893144205181
"District","1603060:ID",-0.395841450291605
"District","1603090:ID",-0.485425170601039
"District","1603180:ID",-0.723896096220505
"District","1603240:ID",0.191762753656425
"District","1603270:ID",0.0631061304427013
"District","1603300:ID",-0.444005061715119
"District","1603330:ID",-0.792867141846874
"District","1603360:ID",2.84633332357521
"District","1603400:ID",0.83540796621084
"District","1603420:ID",-0.524175135579722
"District","1603480:ID",0.362590833734978
"District","1603511:ID",-0.255878101876088
"District","1926400:IA",0.109660218201677
"District","2100030:KY",-0.165009354126696
"District","2100070:KY",0.220992542742464
"District","2100081:KY",-1.15607651636642
"District","2100094:KY",-0.124144375423092
"District","2100095:KY",-0.204751862236818
"District","2100120:KY",-0.318020605357043
"District","2100150:KY",-0.604960438277544
"District","2100180:KY",-0.20326043411677
"District","2100210:KY",-0.215751871139818
"District","2100240:KY",0.207780099909158
"District","2100270:KY",0.390679464174871
"District","2100300:KY",-0.843108719400603
"District","2100330:KY",-0.151309299758806
"District","2100360:KY",-0.0240437636925773
"District","2100390:KY",0.093122872515398
"District","2100420:KY",-0.52750212006348
"District","2100480:KY",0.720228626466543
"District","2100510:KY",0.782412741004563
"District","2100540:KY",-0.20728907871141
"District","2100570:KY",0.324772652026605
"District","2100620:KY",0.132885947657849
"District","2100630:KY",0.726932748844704
"District","2100660:KY",-0.220165292593544
"District","2100690:KY",0.896968616355825
"District","2100720:KY",0.405577739023648
"District","2100750:KY",-0.139767027931025
"District","2100780:KY",-0.232711713628605
"District","2100810:KY",-0.500273908733967
"District","2100840:KY",0.462505211987456
"District","2100870:KY",0.473824484174541
"District","2100900:KY",0.235401754688022
"District","2100930:KY",0.0126696963138306
"District","2100960:KY",-0.427106642044795
"District","2100990:KY",0.622372368314678
"District","2101020:KY",-0.799430857898927
"District","2101050:KY",-0.503740562603472
"District","2101110:KY",0.977022783853897
"District","2101150:KY",0.54998297502097
"District","2101200:KY",-0.214592770212922
"District","2101230:KY",1.04728227165131
"District","2101260:KY",-0.82824693477127
"District","2101290:KY",-0.0268299085684132
"District","2101320:KY",-0.135678003636655
"District","2101350:KY",-0.513545191558531
"District","2101380:KY",0.234662403450986
"District","2101410:KY",-0.0723399407389008
"District","2101440:KY",-0.623044601689735
"District","2101470:KY",0.506611821457727
"District","2101500:KY",0.0817579811489205
"District","2101530:KY",-0.21002713666525
"District","2101620:KY",-0.179758694528802
"District","2101650:KY",-0.238209250892325
"District","2101680:KY",-0.21606348275823
"District","2101710:KY",-0.25681446027884
"District","2101740:KY",-0.564700582679684
"District","2101760:KY",-0.0736519548737174
"District","2101800:KY",0.364007537801402
"District","2101860:KY",-1.41915362765009
"District","2101920:KY",-0.836799279917693
"District","2101950:KY",-0.100661185497634
"District","2101980:KY",0.351302775202676
"District","2102010:KY",0.247882522391402
"District","2102040:KY",0.491112891912121
"District","2102070:KY",1.08012310239641
"District","2102100:KY",0.723503957658423
"District","2102130:KY",0.306765942227271
"District","2102160:KY",-0.873226435569519
"District","2102220:KY",0.358778083857158
"District","2102250:KY",0.497814925185613
"District","2102280:KY",0.100536348854313
"District","2102300:KY",-0.0455980601057693
"District","2102340:KY",0.523218344956601
"District","2102400:KY",0.262203074761315
"District","2102460:KY",0.078004149114051
"District","2102490:KY",1.00327473360349
"District","2102520:KY",-0.227636963019241
"District","2102540:KY",0.110306785378422
"District","2102580:KY",0.293941734820562
"District","2102640:KY",0.109875739439345
"District","2102670:KY",0.0868267495464571
"District","2102710:KY",0.099209737355969
"District","2102760:KY",0.51181610869052
"District","2102790:KY",0.58947342322159
"District","2102860:KY",0.196734794970788
"District","2102910:KY",-0.0603970884260001
"District","2102940:KY",-0.114476860530268
"District","2102990:KY",-1.18374005894962
"District","2103000:KY",0.835708464368938
"District","2103030:KY",0.971006049303109
"District","2103060:KY",0.337837056940474
"District","2103090:KY",0.725423004891612
"District","2103120:KY",0.213527351421054
"District","2103150:KY",-0.709891350820152
"District","2103180:KY",0.586912716766934
"District","2103210:KY",-0.373909440062108
"District","2103240:KY",-0.152553630955446
"District","2103270:KY",0.36779873308462
"District","2103330:KY",-0.128916969990394
"District","2103360:KY",-0.942642464973593
"District","2103390:KY",-0.669877190680799
"District","2103480:KY",0.0286613979787773
"District","2103510:KY",-0.436955692275046
"District","2103540:KY",0.1012078618528
"District","2103630:KY",-0.164966230439235
"District","2103690:KY",-0.108197294905115
"District","2103720:KY",-0.790603041300038
"District","2103750:KY",0.0412507378143109
"District","2103780:KY",-0.0304276390419066
"District","2103810:KY",0.319367860709675
"District","2103840:KY",0.383030845693277
"District","2103870:KY",0.339194178526631
"District","2103900:KY",-0.437518796810625
"District","2103960:KY",0.236373575844419
"District","2103990:KY",-0.184201480678413
"District","2104020:KY",-0.432541825637992
"District","2104050:KY",-0.247746327289487
"District","2104080:KY",-0.63693777247982
"District","2104110:KY",-0.978693953581076
"District","2104140:KY",0.739060039967055
"District","2104170:KY",-0.00755635720800763
"District","2104200:KY",0.510000575850071
"District","2104250:KY",-0.182610435775072
"District","2104290:KY",0.0433315061885751
"District","2104380:KY",0.166546691131303
"District","2104410:KY",0.136687592850832
"District","2104440:KY",-0.601133037863233
"District","2104470:KY",-0.146480818881596
"District","2104500:KY",0.49966977648117
"District","2104530:KY",-0.260813569727396
"District","2104560:KY",0.438356143037725
"District","2104590:KY",-0.20844298390356
"District","2104620:KY",-0.424689150581793
"District","2104650:KY",0.521274681746338
"District","2104680:KY",0.307265123353124
"District","2104710:KY",0.651177665988808
"District","2104740:KY",-0.872925725094357
"District","2104770:KY",-0.15379918193136
"District","2104800:KY",-0.681142577715477
"District","2104830:KY",0.437676070798887
"District","2104860:KY",0.0156708219399804
"District","2104890:KY",-0.0204453563090141
"District","2104950:KY",-0.218162874691581
"District","2104980:KY",-0.705764056102735
"District","2105040:KY",0.275169999716861
"District","2105070:KY",0.360208959428041
"District","2105100:KY",-0.0894879605397138
"District","2105130:KY",0.181525306108512
"District","2105160:KY",-0.0119020493041562
"District","2105190:KY",0.699489591946576
"District","2105260:KY",-0.229737255056269
"District","2105320:KY",-0.376499881184941
"District","2105400:KY",0.184129527999892
"District","2105430:KY",-0.31053339605166
"District","2105490:KY",0.972703426140682
"District","2105520:KY",-0.428051526620243
"District","2105550:KY",0.277530826145359
"District","2105580:KY",-0.297536279122475
"District","2105610:KY",0.601026359943547
"District","2105640:KY",0.519083472945148
"District","2105700:KY",0.739073188485912
"District","2105730:KY",-0.889123395571883
"District","2105760:KY",0.179251707799642
"District","2105790:KY",-0.0159590586076597
"District","2105820:KY",-0.215925595617078
"District","2105880:KY",0.0693870585393375
"District","2105910:KY",-0.390357827202576
"District","2105940:KY",-0.22787835266371
"District","2105970:KY",0.247745942788043
"District","2106000:KY",-0.144045639720122
"District","2600004:MI",-0.236194630266596
"District","2600005:MI",1.53243368389939
"District","2600006:MI",-0.378399371423893
"District","2600007:MI",3.18438905606481
"District","2600012:MI",-0.542489584879249
"District","2600013:MI",-0.675051088236787
"District","2600015:MI",0.583298382434038
"District","2600017:MI",-0.668120891172094
"District","2600018:MI",-0.46834332207773
"District","2600020:MI",-0.274701581167545
"District","2600067:MI",-0.344577670004562
"District","2600068:MI",-0.380734317906564
"District","2600069:MI",-0.369971370617695
"District","2600074:MI",-0.223013141371815
"District","2600088:MI",0.843569096138942
"District","2600096:MI",0.412471792676228
"District","2600099:MI",-0.45044736397515
"District","2600100:MI",0.438987563967959
"District","2600103:MI",-0.284962961679235
"District","2600106:MI",0.522376080631322
"District","2600114:MI",-0.711575891590098
"District","2600139:MI",-0.350577161973768
"District","2600142:MI",-0.314565765305961
"District","2600152:MI",-0.295108914772748
"District","2600156:MI",0.749736789950355
"District","2600164:MI",-0.968814877173355
"District","2600166:MI",-0.421064404871191
"District","2600168:MI",0.930526983852149
"District","2600170:MI",0.411384540141842
"District","2600171:MI",0.789924966269344
"District","2600182:MI",-0.505876131793083
"District","2600186:MI",-0.353331241311268
"District","2600195:MI",-0.313072568648298
"District","2600210:MI",-0.604005958987289
"District","2600217:MI",-0.626021100967045
"District","2600220:MI",0.392215952107445
"District","2600222:MI",-0.320167299852724
"District","2600225:MI",-0.687758816694141
"District","2600227:MI",-0.549418964373478
"District","2600232:MI",-0.273033519445638
"District","2600237:MI",-0.553722041471388
"District","2600242:MI",0.786518828623766
"District","2600243:MI",0.241277692153482
"District","2600250:MI",-0.323832813894132
"District","2600267:MI",-0.278279668149343
"District","2600269:MI",-0.285336422508016
"District","2600273:MI",-0.409726520727187
"District","2600274:MI",-0.161060431728782
"District","2600275:MI",-0.337325149865343
"District","2600277:MI",-0.502373849504893
"District","2600285:MI",-0.219548793339775
"District","2600291:MI",-0.616789248511146
"District","2600292:MI",0.718629635587575
"District","2600301:MI",0.588629704928448
"District","2600306:MI",-0.63768277057007
"District","2600316:MI",-0.163931916797502
"District","2600317:MI",-0.403292315777229
"District","2600322:MI",-0.786556804824904
"District","2600330:MI",0.211254000819979
"District","2600947:MI",-0.0861110656980661
"District","2600949:MI",-0.565491846895949
"District","2600951:MI",-0.130492778982874
"District","2600952:MI",-0.584920663547322
"District","2600955:MI",-0.217741607313761
"District","2600956:MI",-0.614752964253906
"District","2600958:MI",-0.233153654436865
"District","2600960:MI",2.01517290802628
"District","2600961:MI",-0.697615307774231
"District","2600967:MI",0.858980141995656
"District","2600968:MI",-0.323636354978796
"District","2600969:MI",0.627600498293289
"District","2600972:MI",-0.688283468073348
"District","2600974:MI",-0.435324273486656
"District","2600977:MI",0.106226376581193
"District","2600981:MI",0.159331095200104
"District","2600982:MI",-0.209010385058149
"District","2600983:MI",0.957549194821149
"District","2600984:MI",-0.281791052191966
"District","2600986:MI",-0.485028053303741
"District","2600989:MI",0.203836698737231
"District","2600992:MI",1.22693015043099
"District","2600993:MI",0.486920048952613
"District","2601000:MI",-0.232680380433519
"District","2601006:MI",-0.143714453212846
"District","2601013:MI",0.656733106214822
"District","2601017:MI",-0.258136678887157
"District","2601019:MI",-0.134365574224427
"District","2601023:MI",-0.429331903578961
"District","2601029:MI",-0.228266072143813
"District","2601030:MI",4.00936391116822
"District","2601034:MI",0.764152033525694
"District","2601040:MI",2.1398612431968
"District","2601043:MI",0.0832694891554846
"District","2601044:MI",1.30587379768265
"District","2601050:MI",-0.970094885762791
"District","2601056:MI",-0.211303165351928
"District","2601058:MI",-0.548776621566153
"District","2601061:MI",0.119216494192735
"District","2601062:MI",-0.322925296243937
"District","2601066:MI",-0.376894087881479
"District","2601068:MI",-0.311923373205571
"District","2601070:MI",-1.13384903491194
"District","2601072:MI",-0.529642872796936
"District","2601074:MI",-0.370302118012005
"District","2601076:MI",-0.197566336177113
"District","2601077:MI",0.182413049253089
"District","2601080:MI",0.15516831306031
"District","2601088:MI",-0.319483212163599
"District","2601089:MI",1.20667256944488
"District","2601092:MI",0.344366738373338
"District","2601095:MI",0.0348538065311672
"District","2601097:MI",-0.290210364618292
"District","2601099:MI",-0.370290693506399
"District","2601103:MI",0.826557882453076
"District","2601104:MI",-0.743956770226843
"District","2601106:MI",-0.355647089361318
"District","2601107:MI",-0.370098898416122
"District","2601108:MI",-0.490325167273413
"District","2601112:MI",0.343192182900144
"District","2601114:MI",0.22710954833581
"District","2601117:MI",-0.631965070982073
"District","2601118:MI",0.295262792730467
"District","2601120:MI",-0.340466642944039
"District","2601122:MI",-0.312138250956615
"District","2601125:MI",-0.601341953631463
"District","2601129:MI",-0.0716577075614867
"District","2601131:MI",-0.414502343600457
"District","2601132:MI",0.461139000850995
"District","2601136:MI",-0.183997791224664
"District","2601139:MI",-0.410128872990715
"District","2601890:MI",-0.538673280479243
"District","2601920:MI",0.936424351546542
"District","2601950:MI",0.736897968126763
"District","2601980:MI",1.24817412814287
"District","2602010:MI",-0.34953619679013
"District","2602160:MI",-0.553237166027143
"District","2602190:MI",-0.548652317125324
"District","2602220:MI",-0.975488026895057
"District","2602520:MI",-0.612066238568999
"District","2602550:MI",1.25393786121803
"District","2602640:MI",-0.29419224031538
"District","2602670:MI",-0.746668875332763
"District","2602730:MI",1.48220375841237
"District","2602790:MI",-0.16124716582025
"District","2602820:MI",1.28708233121613
"District","2603240:MI",0.121047483794424
"District","2603480:MI",0.262572106124846
"District","2603510:MI",1.67924498117565
"District","2603540:MI",-0.174401997467474
"District","2603600:MI",-0.322599156415207
"District","2603690:MI",0.628178223585828
"District","2603810:MI",-0.275198056385034
"District","2603870:MI",-0.284857476832011
"District","2603900:MI",-0.958075112526521
"District","2603990:MI",0.320449329085955
"District","2604020:MI",-0.23948181999947
"District","2604170:MI",-0.572292320679011
"District","2604260:MI",-0.507061036487356
"District","2604290:MI",-0.67598258838016
"District","2604320:MI",0.249310478013561
"District","2604350:MI",-0.160150244366007
"District","2604440:MI",-0.635029667158085
"District","2604470:MI",-0.189779751753235
"District","2604500:MI",-0.447901878147784
"District","2604530:MI",0.180947777250925
"District","2604620:MI",0.9822886183118
"District","2604650:MI",0.410982067966604
"District","2604740:MI",0.0433535651725346
"District","2604800:MI",-0.555673037164967
"District","2604830:MI",-0.708241653769754
"District","2604950:MI",-0.0559358290509746
"District","2605010:MI",0.246727187040917
"District","2605430:MI",-0.772224059678458
"District","2605780:MI",-0.910826133108466
"District","2605820:MI",-0.620984476260987
"District","2605850:MI",-0.502691421216111
"District","2606000:MI",-0.673522351395002
"District","2606090:MI",0.123808986928979
"District","2606270:MI",-0.6102570893388
"District","2606500:MI",-0.719916885235239
"District","2606510:MI",-0.151048939944338
"District","2606570:MI",0.424251998171459
"District","2606600:MI",-0.780863770557441
"District","2606630:MI",-0.511467331567444
"District","2606720:MI",-0.128613388293115
"District","2606780:MI",-0.382184843888631
"District","2606840:MI",-0.302506363895793
"District","2606870:MI",0.886298361279023
"District","2606960:MI",0.236446750338711
"District","2606990:MI",-0.289035492839568
"District","2607040:MI",0.835751124075366
"District","2607080:MI",-0.186532813119544
"District","2607140:MI",-0.0393612746910737
"District","2607320:MI",-0.501371974285386
"District","2607410:MI",0.628535817876204
"District","2607470:MI",-0.162008303674067
"District","2607530:MI",-0.658449457498718
"District","2607560:MI",-0.231846925571584
"District","2607590:MI",-0.786168209072559
"District","2607620:MI",-0.393124827189645
"District","2607690:MI",-0.868300409040158
"District","2607710:MI",-0.463209463139883
"District","2607800:MI",1.3279360686327
"District","2607890:MI",0.994651641633543
"District","2608010:MI",-0.160939516663534
"District","2608040:MI",0.656035320322782
"District","2608070:MI",-0.165677578374581
"District","2608130:MI",0.229438879091242
"District","2608160:MI",-0.494441329575149
"District","2608400:MI",-0.597919672380321
"District","2608430:MI",-0.478735520358592
"District","2608520:MI",-1.08050266606798
"District","2608580:MI",-0.444784658118219
"District","2608640:MI",0.22213638918343
"District","2608670:MI",0.144991743496996
"District","2608730:MI",-0.0352238211038178
"District","2608770:MI",1.13403991110601
"District","2608910:MI",1.19233361671747
"District","2608940:MI",1.09844024258426
"District","2609150:MI",-0.472192192252642
"District","2609560:MI",0.410692836075644
"District","2609570:MI",-2.03540410476286
"District","2609750:MI",-0.708250049866881
"District","2609840:MI",-0.719779893518579
"District","2609900:MI",1.11758668182183
"District","2609930:MI",0.834955611108985
"District","2610020:MI",1.72869737596829
"District","2610050:MI",1.683636820901
"District","2610080:MI",-0.962421151758701
"District","2610110:MI",-0.297765428128207
"District","2610140:MI",-0.893517623469602
"District","2610200:MI",0.206254124283703
"District","2610380:MI",-0.362409159332381
"District","2610410:MI",0.160633634699604
"District","2610590:MI",0.156276728355098
"District","2610620:MI",0.0845017933605712
"District","2610650:MI",0.167813320722258
"District","2610750:MI",-0.533330373898457
"District","2610830:MI",-0.165050343075899
"District","2610860:MI",-0.0563184870774718
"District","2610980:MI",-0.2245561854101
"District","2611030:MI",-0.81461738191415
"District","2611140:MI",0.515904982325361
"District","2611400:MI",-0.0532433171028899
"District","2611430:MI",0.223804844495744
"District","2611550:MI",-0.0423451574870935
"District","2611600:MI",1.97711304187526
"District","2611610:MI",-0.593611718661165
"District","2611640:MI",0.47054347178244
"District","2611670:MI",-0.514032266118763
"District","2611700:MI",0.762834794554578
"District","2611910:MI",1.57051898164599
"District","2611970:MI",-0.163751547593142
"District","2612030:MI",1.37422625206852
"District","2612150:MI",-0.714657582817022
"District","2612240:MI",-0.529357185269503
"District","2612300:MI",0.169955357684278
"District","2612330:MI",0.0887060353894445
"District","2612420:MI",-1.35228818096195
"District","2612450:MI",-0.824375174340207
"District","2612480:MI",0.519406586497011
"District","2612540:MI",-0.0386572221300768
"District","2612560:MI",-0.565356186376187
"District","2612600:MI",0.114353238697862
"District","2612690:MI",0.451226532873981
"District","2612810:MI",1.17233625115494
"District","2612930:MI",-0.0282908313520432
"District","2612960:MI",-0.534428277389612
"District","2612990:MI",0.48642504548932
"District","2613050:MI",0.561524884947742
"District","2613090:MI",0.20313095835931
"District","2613500:MI",0.0124458380223072
"District","2613530:MI",0.879750374962686
"District","2613560:MI",-0.500638439337265
"District","2614070:MI",0.777913695755239
"District","2614100:MI",-0.675002928873433
"District","2614230:MI",-0.628848820310135
"District","2614250:MI",1.03881591774828
"District","2614280:MI",1.29140457038284
"District","2614460:MI",0.295382386731181
"District","2614520:MI",1.67066339974794
"District","2614550:MI",-0.143477287142599
"District","2614570:MI",-0.38417003875782
"District","2614610:MI",0.874179364305225
"District","2614690:MI",-0.599165302255239
"District","2614700:MI",-0.598715162923493
"District","2614730:MI",-0.800586043329663
"District","2614760:MI",-0.529013211892963
"District","2614790:MI",0.0673355010277699
"District","2614820:MI",0.849381632334576
"District","2615060:MI",0.257506690343275
"District","2615150:MI",-0.820143311934295
"District","2615390:MI",-0.180676201763484
"District","2615420:MI",0.923411998385052
"District","2615450:MI",0.511712017050197
"District","2615540:MI",-0.362003615260589
"District","2615730:MI",-0.351867292224966
"District","2615750:MI",0.447968812420011
"District","2615830:MI",0.966662940466506
"District","2615870:MI",0.742566401869669
"District","2615970:MI",-0.501355555460958
"District","2615990:MI",-0.531953554797359
"District","2616050:MI",0.701622889087756
"District","2616080:MI",-0.369065452170108
"District","2616110:MI",-0.745777331619742
"District","2616320:MI",0.776632030585211
"District","2616350:MI",1.49869664361721
"District","2616380:MI",-1.27268541641264
"District","2616410:MI",-1.14532857140844
"District","2616440:MI",-1.32827206800994
"District","2616470:MI",-0.583352679341642
"District","2616500:MI",-0.577360900761456
"District","2616830:MI",-0.677586973937619
"District","2617160:MI",-0.935045333878993
"District","2617220:MI",0.422172765714398
"District","2617250:MI",1.31585503666122
"District","2617370:MI",-0.364613679315066
"District","2617400:MI",1.1044297988037
"District","2617520:MI",0.299542051598633
"District","2617550:MI",0.0696264386235963
"District","2617640:MI",-0.6429698013778
"District","2617730:MI",0.713021306215884
"District","2617760:MI",-0.595831351298744
"District","2617820:MI",-0.371762617946616
"District","2617860:MI",-0.145803994814689
"District","2617880:MI",-0.612974548445323
"District","2617910:MI",0.422377174607485
"District","2617940:MI",-0.175791254428469
"District","2617970:MI",0.147652825598102
"District","2618030:MI",-0.66393526742857
"District","2618180:MI",-0.750886943286832
"District","2618270:MI",0.037374163101705
"District","2618360:MI",-0.442134450616817
"District","2618390:MI",0.203044571548772
"District","2618420:MI",1.30876361942536
"District","2618450:MI",1.85037938864145
"District","2618480:MI",0.250542906905137
"District","2618510:MI",-0.541561967404083
"District","2618540:MI",-0.126046584124262
"District","2618570:MI",-0.075168615103077
"District","2618600:MI",-0.559838369602129
"District","2618720:MI",2.33214809287982
"District","2618810:MI",2.37897682313606
"District","2618840:MI",1.0654698220938
"District","2618930:MI",0.301827253059278
"District","2618990:MI",0.479929729990252
"District","2619050:MI",0.656290918897754
"District","2619100:MI",2.07449700513534
"District","2619170:MI",-0.498614492318153
"District","2619250:MI",0.530490413595941
"District","2619410:MI",0.628500919058357
"District","2619470:MI",1.48059579105346
"District","2619530:MI",-0.224578533137881
"District","2619580:MI",0.0842454380137535
"District","2619620:MI",-0.095738565640054
"District","2619800:MI",0.541641947228512
"District","2619830:MI",2.46434949751243
"District","2619890:MI",-0.452750257837281
"District","2619920:MI",0.32856290355656
"District","2619950:MI",0.175767757458457
"District","2620010:MI",0.495269615810605
"District","2620050:MI",-0.739239688052089
"District","2620070:MI",0.558399139616154
"District","2620160:MI",-0.788050121072495
"District","2620280:MI",-0.711972995259889
"District","2620310:MI",0.194976629348652
"District","2620340:MI",-0.00455466068379503
"District","2620380:MI",1.07369349580756
"District","2620400:MI",-0.509486878393129
"District","2620550:MI",-0.688743847850609
"District","2620610:MI",0.400649497304666
"District","2620670:MI",-0.598726309575246
"District","2620700:MI",-0.197738923767281
"District","2620730:MI",0.0221977726489884
"District","2620820:MI",1.26220394252183
"District","2620850:MI",0.695020102711808
"District","2620880:MI",-0.508736371804687
"District","2620910:MI",-0.556304907317556
"District","2620940:MI",-0.654754008200513
"District","2620980:MI",0.0830539775217051
"District","2621120:MI",-0.319142675288529
"District","2621150:MI",1.0386888459985
"District","2621180:MI",-1.16651455021353
"District","2621210:MI",-0.414219344813454
"District","2621240:MI",0.740915068117472
"District","2621450:MI",-0.698794796341203
"District","2621570:MI",0.0914117562663336
"District","2621600:MI",-0.925336769847547
"District","2621690:MI",0.169316751950133
"District","2621750:MI",-0.315438329174253
"District","2621840:MI",-1.02397621914775
"District","2621870:MI",-1.26546178797889
"District","2622050:MI",0.386536819157327
"District","2622200:MI",1.62748318961559
"District","2622230:MI",0.297498623944575
"District","2622290:MI",-0.768536947244183
"District","2622320:MI",1.68219419433794
"District","2622350:MI",-0.50964062153101
"District","2622380:MI",-0.696565187853556
"District","2622410:MI",0.0644715403152294
"District","2622470:MI",-0.206792620562048
"District","2622500:MI",-0.260653333484838
"District","2622620:MI",-0.596319459292546
"District","2622740:MI",0.0785305458862011
"District","2622800:MI",-0.42913835511055
"District","2622860:MI",-0.498807569028968
"District","2622970:MI",-1.12899505403949
"District","2622980:MI",-0.221661655659505
"District","2623040:MI",-0.91445287433138
"District","2623070:MI",-0.174330231281449
"District","2623100:MI",-0.685743032708946
"District","2623130:MI",-0.723295036640212
"District","2623160:MI",-0.369827387648298
"District","2623250:MI",0.363101999353077
"District","2623280:MI",-0.511095207479665
"District","2623310:MI",-0.0756427969463968
"District","2623460:MI",-0.642071319206704
"District","2623490:MI",-0.709438163682008
"District","2623520:MI",-0.555845967619175
"District","2623550:MI",0.666555950309433
"District","2623580:MI",-0.735709677604449
"District","2623610:MI",-0.120306135495661
"District","2623670:MI",-0.523290555509207
"District","2623790:MI",-0.439622220758155
"District","2623820:MI",1.31820917632325
"District","2623830:MI",0.512285573650706
"District","2623850:MI",-0.886032677374243
"District","2623910:MI",0.481222828098844
"District","2624000:MI",-0.015415409489242
"District","2624120:MI",0.505349503863433
"District","2624150:MI",-0.355651617137692
"District","2624180:MI",1.32024384296549
"District","2624420:MI",0.73893132007595
"District","2624570:MI",-0.454817826722974
"District","2624600:MI",-0.386587220878472
"District","2624630:MI",-0.418099013602048
"District","2624690:MI",2.0210513490329
"District","2624720:MI",0.416999919110258
"District","2624750:MI",-0.1315408329745
"District","2624810:MI",-0.258964625582216
"District","2624840:MI",1.99078421519791
"District","2624960:MI",0.291494021021823
"District","2625020:MI",-0.714645654420961
"District","2625140:MI",-0.49433119155362
"District","2625230:MI",-0.678054437887633
"District","2625290:MI",-0.707719745571019
"District","2625320:MI",0.0487662535326403
"District","2625400:MI",1.45065712263404
"District","2625560:MI",0.120962021789671
"District","2625650:MI",-0.397788501421308
"District","2625680:MI",0.0361977734969767
"District","2625740:MI",1.39482248074158
"District","2625780:MI",-0.386671781115431
"District","2625800:MI",-0.300366513208025
"District","2625920:MI",-0.213648916649518
"District","2625950:MI",0.28325616478594
"District","2625980:MI",1.11226059945262
"District","2626010:MI",0.384734227878512
"District","2626040:MI",0.475222204235791
"District","2626130:MI",-0.238433746652407
"District","2626190:MI",1.91394667880009
"District","2626220:MI",-0.52266666316802
"District","2626280:MI",0.196608256447191
"District","2626370:MI",0.632727756693126
"District","2626400:MI",-0.375471328816294
"District","2626490:MI",-0.0622821821581515
"District","2626520:MI",1.4550943127361
"District","2626550:MI",-0.186487133144909
"District","2626760:MI",-0.832605050148268
"District","2626940:MI",0.696260249199238
"District","2626970:MI",-0.611972479476151
"District","2627060:MI",-0.477986970230633
"District","2627150:MI",-0.801180586723424
"District","2627180:MI",-0.233449354336269
"District","2627210:MI",-0.165049833327106
"District","2627240:MI",0.681735089095118
"District","2627420:MI",-0.15959608651092
"District","2627660:MI",-0.161901793523485
"District","2627690:MI",0.565690291245755
"District","2627720:MI",-0.41089548194189
"District","2627810:MI",-0.732639502717103
"District","2627900:MI",-0.339348488638074
"District","2627930:MI",-0.714251872468462
"District","2627960:MI",0.812120230136368
"District","2628140:MI",0.174432721305079
"District","2628170:MI",-0.081620397706327
"District","2628200:MI",-0.673501397200022
"District","2628500:MI",-0.479881520888417
"District","2628530:MI",-1.03561933890995
"District","2628560:MI",-0.01955193013795
"District","2628740:MI",0.307300023124759
"District","2628830:MI",1.00203006474497
"District","2628890:MI",-0.781828682833842
"District","2628950:MI",-1.35324539953344
"District","2629120:MI",0.570375111034016
"District","2629130:MI",-0.285862123317451
"District","2629160:MI",-0.481182620773083
"District","2629220:MI",-0.323816597150668
"District","2629250:MI",-0.62416434924164
"District","2629340:MI",0.934500274288979
"District","2629370:MI",-0.592561705428773
"District","2629400:MI",-0.519515254475707
"District","2629460:MI",0.334091120112693
"District","2629490:MI",-0.74281578089843
"District","2629520:MI",-0.635884926322132
"District","2629540:MI",1.17772658908225
"District","2629670:MI",-0.474992431798563
"District","2629760:MI",0.504838679027617
"District","2629790:MI",-0.607578307517783
"District","2629910:MI",-1.02362422982933
"District","2629940:MI",0.812899453748331
"District","2630030:MI",-0.3125486295312
"District","2630060:MI",0.0372451227432669
"District","2630090:MI",-0.294477570138111
"District","2630120:MI",-0.0991124090129145
"District","2630210:MI",-0.254629530594182
"District","2630300:MI",-0.477642759260882
"District","2630390:MI",0.676135574959634
"District","2630450:MI",-0.192703665137303
"District","2630480:MI",-0.322057234986719
"District","2630660:MI",0.0453484295808468
"District","2630780:MI",1.54641383934295
"District","2630840:MI",0.248413355987442
"District","2630930:MI",-0.70897035009847
"District","2630960:MI",-0.684588613846249
"District","2630990:MI",-0.266365228426999
"District","2631020:MI",-0.672756697178869
"District","2631320:MI",-0.332998593222586
"District","2631380:MI",0.0134885671454008
"District","2632220:MI",0.256770159952833
"District","2632250:MI",1.22199929945853
"District","2632280:MI",1.14567291531563
"District","2632300:MI",0.150004284202647
"District","2632310:MI",0.0203782711537973
"District","2632340:MI",0.36204345765934
"District","2632370:MI",1.1338738907303
"District","2632550:MI",-0.183343242152782
"District","2632610:MI",-0.285512081948686
"District","2632640:MI",-0.720174715199627
"District","2632670:MI",-0.470188626708009
"District","2632820:MI",-0.937819190865643
"District","2632850:MI",0.138305558926507
"District","2632880:MI",-0.533806062877683
"District","2632910:MI",-0.456180248514397
"District","2632940:MI",0.188932502320717
"District","2633000:MI",-0.620204300748906
"District","2633030:MI",-0.214753721935428
"District","2633090:MI",-0.803134418508558
"District","2633120:MI",-0.586198692209883
"District","2633360:MI",-0.614577173993602
"District","2633410:MI",2.19854065081853
"District","2633420:MI",-0.442424101916049
"District","2633510:MI",-0.40097682099586
"District","2633540:MI",1.02806259852069
"District","2633720:MI",0.725449914273555
"District","2633750:MI",1.56102327211061
"District","2633810:MI",-0.362167394821778
"District","2633840:MI",-0.769538385150395
"District","2633870:MI",0.0430215710487755
"District","2633900:MI",-0.68559614642725
"District","2633930:MI",0.201590065659547
"District","2634260:MI",0.194323198525197
"District","2634380:MI",-0.272013614797281
"District","2634410:MI",-0.59968676204789
"District","2634440:MI",-0.624267030830092
"District","2634470:MI",0.181345722386076
"District","2634560:MI",0.843370219508021
"District","2634620:MI",-0.174259697854524
"District","2634650:MI",0.689813242834415
"District","2634680:MI",-0.686688289212593
"District","2634710:MI",-0.818540960396597
"District","2634920:MI",-0.454471098961569
"District","2634950:MI",0.429394545107911
"District","2635040:MI",-0.171658381177382
"District","2635160:MI",1.097600482493
"District","2635190:MI",-1.25207124230239
"District","2635220:MI",-0.158922452753382
"District","2635310:MI",1.21075687184299
"District","2635340:MI",-0.226025932804874
"District","2635460:MI",0.382058928199897
"District","2635520:MI",0.492879947338376
"District","2635550:MI",0.850625517320543
"District","2635730:MI",0.293155636557445
"District","2635820:MI",-0.887291733566325
"District","2635850:MI",0.912493463239093
"District","2635910:MI",2.10091694451786
"District","2635940:MI",-0.913092098332156
"District","2635970:MI",-0.798823024794955
"District","2636060:MI",-0.31512672294383
"District","2636270:MI",0.233648550441012
"District","2636300:MI",1.28796348106478
"District","2636330:MI",-0.00227865273839815
"District","2636390:MI",0.0322371371812953
"District","2636420:MI",0.0330330185628815
"District","2636480:MI",-0.334902083472699
"District","2636485:MI",-0.579036494709337
"District","2636540:MI",0.0515699478841788
"District","2636570:MI",-1.14074868344395
"District","2636600:MI",-0.415043942313306
"District","2636630:MI",1.5122108929189
"District","2636660:MI",-0.569719405778483
"District","2680160:MI",-0.32955472583907
"District","2680200:MI",-0.0613155081472539
"District","2680220:MI",-0.169924810772077
"District","2680280:MI",-0.0245301752679588
"District","2680400:MI",-0.567167147917166
"District","2680440:MI",-0.499458810795495
"District","2680504:MI",-0.0302178850669005
"District","2680520:MI",-0.253549123865999
"District","2680580:MI",-0.0489803759976619
"District","2680600:MI",0.923922961947537
"District","2680620:MI",-0.833572774485231
"District","2680660:MI",-0.0631745609965601
"District","2680680:MI",-0.358311521773388
"District","2680720:MI",-0.631373755524035
"District","2680755:MI",-0.244568999704498
"District","2680770:MI",-0.169854690274575
"District","2680820:MI",-0.738448260789993
"District","2680830:MI",-0.504520841502857
"District","2680850:MI",-0.156524760082515
"District","2680880:MI",-0.670453289671983
"District","2680900:MI",-0.386024382385432
"District","2680920:MI",-0.172802520632415
"District","2680930:MI",1.43314667219989
"District","2680980:MI",-0.133514873321923
"District","2680985:MI",-0.263210561717033
"District","2680990:MI",1.64527048549604
"District","2916350:MO",-0.650397742168067
"District","2921810:MO",-0.165864094737961
"District","2931440:MO",-0.361979751857896
"District","3000090:MT",0.532488403445139
"District","3000091:MT",-0.249472446942823
"District","3000095:MT",-0.443982328491895
"District","3000097:MT",0.976377854506124
"District","3000099:MT",-0.332771237009427
"District","3000100:MT",-0.239463435733588
"District","3000101:MT",-0.535021357027956
"District","3000102:MT",0.0223841319002561
"District","3000654:MT",1.36855606941789
"District","3000655:MT",-0.52257723173152
"District","3000656:MT",-0.516395705631941
"District","3000933:MT",-0.180032028019622
"District","3001740:MT",-0.0121381808817236
"District","3001860:MT",0.165982015186081
"District","3002030:MT",-0.6299602811783
"District","3002250:MT",-0.403028721414087
"District","3002430:MT",-0.150565164213029
"District","3002450:MT",0.555822410334313
"District","3002640:MT",-0.543924265242723
"District","3002730:MT",0.372417697840862
"District","3003090:MT",0.437698898471247
"District","3003270:MT",-0.140641060316364
"District","3003330:MT",-0.547439092449066
"District","3003450:MT",-0.656507173321421
"District","3003750:MT",-0.541935796179421
"District","3003840:MT",-0.985638013982602
"District","3003900:MT",0.0580721866505889
"District","3004500:MT",-0.198447498713458
"District","3004590:MT",-1.00721132834225
"District","3004800:MT",2.66641800646535
"District","3004860:MT",-0.275803095263966
"District","3004920:MT",-0.235895828752144
"District","3004980:MT",0.701968548266094
"District","3005040:MT",0.058271387856901
"District","3005190:MT",-0.478006670118976
"District","3005310:MT",-0.543687802949635
"District","3005610:MT",-0.232931312747937
"District","3005910:MT",-0.223014602771816
"District","3006110:MT",-0.436947506185106
"District","3006115:MT",0.193631840685373
"District","3006270:MT",0.57521145532724
"District","3006330:MT",0.382468725480929
"District","3006810:MT",0.818359177412441
"District","3007080:MT",-0.131397254337048
"District","3007140:MT",0.76525936674095
"District","3007200:MT",-0.868156533679612
"District","3007320:MT",0.458858214351493
"District","3007410:MT",0.766736885285575
"District","3007860:MT",-0.0182604044842223
"District","3007930:MT",0.175314901031202
"District","3008130:MT",0.231501375598272
"District","3008190:MT",-0.0553093071045055
"District","3008280:MT",-0.572047203103171
"District","3008340:MT",0.34423034714379
"District","3008850:MT",-0.177113862222343
"District","3009120:MT",-0.215924046461632
"District","3009210:MT",-0.142589775441169
"District","3009930:MT",0.516495505478112
"District","3010170:MT",0.8722623297199
"District","3010290:MT",-0.0885049062909895
"District","3010530:MT",-0.13808176623451
"District","3011100:MT",-0.948056147798105
"District","3011190:MT",0.271045430246059
"District","3011260:MT",-0.655803621130144
"District","3011420:MT",1.7619796634694
"District","3011460:MT",0.665486843093392
"District","3011520:MT",0.38990809961138
"District","3011580:MT",0.388229591114811
"District","3011650:MT",0.368411837995376
"District","3011850:MT",-0.16159010330716
"District","3011880:MT",0.0532843698691291
"District","3012210:MT",-0.311138937594141
"District","3012300:MT",-0.402593514011418
"District","3012420:MT",-0.147111308542672
"District","3012840:MT",-0.222175051876802
"District","3012990:MT",0.434813707657331
"District","3013050:MT",-0.741314794860028
"District","3013260:MT",-1.10829049686946
"District","3013340:MT",0.0881916851317301
"District","3013360:MT",-0.326575765830003
"District","3013400:MT",-0.497873941624852
"District","3013470:MT",0.636052649185299
"District","3013530:MT",-0.461890239637587
"District","3013590:MT",0.982975016263026
"District","3013660:MT",-0.353412636444563
"District","3013830:MT",0.185354315290391
"District","3014070:MT",-0.394372939571813
"District","3014340:MT",-0.184514177642438
"District","3014370:MT",0.289327394016124
"District","3014430:MT",0.0439569067626252
"District","3014640:MT",0.483584190315197
"District","3014700:MT",0.430455461588504
"District","3014760:MT",0.272931179854373
"District","3015120:MT",-0.62240416996162
"District","3015260:MT",1.03817768177641
"District","3015390:MT",0.292044532814757
"District","3015420:MT",-0.444880405078505
"District","3016020:MT",0.540532656467406
"District","3016230:MT",0.690008739324205
"District","3016290:MT",0.878617802027125
"District","3016530:MT",0.393733496668764
"District","3016710:MT",0.503381190291734
"District","3016770:MT",-0.308466502925972
"District","3016810:MT",0.034658134187164
"District","3017040:MT",0.469761687944587
"District","3017580:MT",-0.200095168983711
"District","3017640:MT",0.956939142530104
"District","3018170:MT",-0.179291547810204
"District","3018270:MT",-0.189339062591393
"District","3018540:MT",-0.236118133005846
"District","3018900:MT",-0.320932444236194
"District","3019170:MT",-0.0172240879839423
"District","3019500:MT",0.205939094815079
"District","3019740:MT",0.801218722854639
"District","3020070:MT",-0.679685341251166
"District","3020100:MT",-0.680990165506674
"District","3020850:MT",-0.133955029864372
"District","3020960:MT",0.544764850114999
"District","3021000:MT",0.196678777366144
"District","3021090:MT",0.543213233555817
"District","3021270:MT",-0.580755290821407
"District","3021450:MT",-0.754881549915126
"District","3021540:MT",-0.452409312310165
"District","3021900:MT",-0.000561500655381818
"District","3022110:MT",0.805815576153515
"District","3022260:MT",-0.385129988416955
"District","3022370:MT",0.860752246646159
"District","3022410:MT",-0.430356039156862
"District","3022710:MT",-0.429364352734174
"District","3022800:MT",0.208263352420636
"District","3022920:MT",-0.263340786783053
"District","3023070:MT",0.0435631945680408
"District","3023160:MT",0.0673577761231257
"District","3023340:MT",2.38629114304869
"District","3023400:MT",-0.321197405350997
"District","3023550:MT",0.273946302940444
"District","3023670:MT",-0.620459008589558
"District","3023910:MT",0.613017813871279
"District","3023970:MT",-0.591139707994188
"District","3024180:MT",0.174746643227428
"District","3024230:MT",-0.598795021154328
"District","3024330:MT",-0.41086804008688
"District","3024930:MT",0.256512646736413
"District","3024990:MT",-0.176128249415009
"District","3025050:MT",-0.5276583247165
"District","3025140:MT",-0.192153795789985
"District","3025320:MT",0.526241353839015
"District","3025470:MT",0.270803666786574
"District","3025560:MT",-0.788253510856901
"District","3025950:MT",-0.173860340338165
"District","3026100:MT",-0.532690287660208
"District","3026190:MT",-0.44268206045144
"District","3026580:MT",-0.726627967118016
"District","3026670:MT",-0.347228510796261
"District","3026730:MT",-0.0205034666189719
"District","3027090:MT",-0.45604443032409
"District","3027270:MT",-0.610636310430708
"District","3027630:MT",-0.0743274183255508
"District","3027730:MT",-0.00356005998533047
"District","3027790:MT",-0.351565053816338
"District","3027840:MT",-0.3449925769826
"District","3027930:MT",0.556889762549298
"District","3028020:MT",-0.481030857805842
"District","3028170:MT",0.177547685100447
"District","3028380:MT",0.058228189506472
"District","3028470:MT",0.164845763592307
"District","3028620:MT",-0.346436932732713
"District","3028770:MT",0.356323561585637
"District","3028911:MT",-0.0674538173180561
"District","3100002:NE",-0.348803858377634
"District","3100003:NE",0.297333690030545
"District","3100004:NE",-0.381466393361322
"District","3100006:NE",0.129252229901918
"District","3100008:NE",-0.297830726535254
"District","3100010:NE",-0.639155862266631
"District","3100011:NE",0.0501409512361871
"District","3100012:NE",-0.423138322905092
"District","3100015:NE",-0.662642832229171
"District","3100016:NE",-1.70053165779541
"District","3100018:NE",-0.264082761668542
"District","3100021:NE",-0.155139297818469
"District","3100022:NE",0.163545751607638
"District","3100023:NE",-0.387816675423356
"District","3100024:NE",-0.765140831094446
"District","3100025:NE",-0.418221654463734
"District","3100029:NE",0.0435449020974075
"District","3100034:NE",0.0832673955850465
"District","3100041:NE",0.429431482467259
"District","3100046:NE",-0.436108326397963
"District","3100051:NE",-0.184446856306835
"District","3100065:NE",0.0138238088676492
"District","3100066:NE",0.445856638797074
"District","3100067:NE",-0.0389524454668964
"District","3100070:NE",0.00594318011622845
"District","3100071:NE",0.603548700914493
"District","3100072:NE",1.04074121501029
"District","3100073:NE",1.03357355037741
"District","3100076:NE",-0.45521626614405
"District","3100077:NE",0.918309638927134
"District","3100080:NE",0.776962508640871
"District","3100082:NE",0.353321241569131
"District","3100085:NE",1.08950800553938
"District","3100088:NE",-0.648871413513528
"District","3100089:NE",0.038117696128489
"District","3100090:NE",-0.269611693784022
"District","3100091:NE",-0.611358141090648
"District","3100095:NE",-1.17122193938213
"District","3100096:NE",0.120726195269182
"District","3100097:NE",-0.024102072146414
"District","3100098:NE",-0.973669531974042
"District","3100099:NE",-0.0808710957665226
"District","3100105:NE",-0.745623723565759
"District","3100109:NE",-0.667437256145804
"District","3100110:NE",-0.547991894818387
"District","3100111:NE",0.242439025259087
"District","3100112:NE",0.675546332530905
"District","3100114:NE",-0.421479760060606
"District","3100115:NE",-0.942652625925325
"District","3100116:NE",0.291136469302711
"District","3100117:NE",0.190417505020357
"District","3100118:NE",-0.511025881982576
"District","3100120:NE",-0.513200201851155
"District","3100121:NE",-0.191220127640232
"District","3100122:NE",1.03812121469186
"District","3100123:NE",-0.324768462204806
"District","3100124:NE",0.617266180770084
"District","3100125:NE",-0.186938460697917
"District","3100129:NE",0.100494275534792
"District","3100130:NE",-0.172949356640622
"District","3100132:NE",0.687895398147768
"District","3100133:NE",-0.176322489110357
"District","3100134:NE",0.502744773650557
"District","3100140:NE",-0.266694110655662
"District","3100141:NE",0.811720757579866
"District","3100157:NE",-0.506207496222433
"District","3100163:NE",-0.102853150880201
"District","3100165:NE",0.173137313344231
"District","3100170:NE",0.939416245318995
"District","3100172:NE",-0.884455221987887
"District","3100176:NE",0.552174516799214
"District","3100177:NE",0.182257561422637
"District","3100178:NE",-0.732106602393032
"District","3100179:NE",0.312385223614138
"District","3100183:NE",-0.424467678612829
"District","3100184:NE",-0.282954453106874
"District","3100185:NE",0.299056277090564
"District","3100187:NE",0.0236804225833135
"District","3100189:NE",0.532554646248142
"District","3101992:NE",-0.122228816258479
"District","3102770:NE",0.96327159888563
"District","3102790:NE",0.406324044761028
"District","3102820:NE",0.380623501264434
"District","3102880:NE",-0.19718793275603
"District","3102910:NE",-0.478026049181921
"District","3103060:NE",0.0891839503194568
"District","3103090:NE",0.536849586023376
"District","3103120:NE",-0.0896065391921122
"District","3103130:NE",0.335661399072181
"District","3103210:NE",-0.402205117851123
"District","3103330:NE",-0.218640741963225
"District","3103360:NE",0.332778603089076
"District","3103420:NE",-0.745738086658287
"District","3103440:NE",0.530748772052407
"District","3103540:NE",-0.206030598800146
"District","3103600:NE",-1.28797650543858
"District","3103810:NE",0.661335187529214
"District","3103990:NE",-0.876010531522032
"District","3104020:NE",0.549993127256624
"District","3104100:NE",-0.0287600942559782
"District","3104140:NE",-0.108204960300258
"District","3104200:NE",0.405923107869227
"District","3104290:NE",0.0265418152213867
"District","3104640:NE",-0.0774319624124199
"District","3104870:NE",0.510768176274114
"District","3104920:NE",0.369918879586087
"District","3104950:NE",-0.278967079800001
"District","3104980:NE",0.292403426104767
"District","3105010:NE",-0.739123464722967
"District","3105160:NE",0.395762012349722
"District","3105280:NE",-0.0232033803768441
"District","3105340:NE",-0.297209831848333
"District","3105460:NE",0.156112884833155
"District","3105520:NE",-0.457985620544179
"District","3105550:NE",0.599862014865547
"District","3105630:NE",-0.13686303287996
"District","3105910:NE",0.142417520983481
"District","3105970:NE",0.190042712129035
"District","3109120:NE",-0.274928466928973
"District","3119560:NE",0.0545923772919293
"District","3162950:NE",0.998777381708673
"District","3169840:NE",0.460926195969596
"District","3170020:NE",0.0399947419173447
"District","3170050:NE",-0.311517694903389
"District","3170110:NE",-1.33113326821633
"District","3170140:NE",0.146215236930598
"District","3170220:NE",0.00820592013419513
"District","3170440:NE",1.1514420816223
"District","3170530:NE",0.504357598112716
"District","3170650:NE",-0.165049562851088
"District","3170710:NE",-1.0047643517706
"District","3170800:NE",-0.5341746086619
"District","3170980:NE",0.724194472216378
"District","3171010:NE",-0.544073920214714
"District","3171100:NE",-0.168552593060246
"District","3171220:NE",-0.235322985233549
"District","3171370:NE",-0.127176719877728
"District","3171520:NE",0.430371172973108
"District","3171550:NE",0.0281440896529988
"District","3171580:NE",0.329755600543859
"District","3171610:NE",-0.0400082159673362
"District","3171730:NE",-0.190625492021592
"District","3171820:NE",-0.475706716952312
"District","3171940:NE",0.239392195318757
"District","3172000:NE",0.249203597641839
"District","3172150:NE",0.329426685531839
"District","3172210:NE",-0.521973633992586
"District","3172335:NE",0.463725792389882
"District","3172390:NE",-0.119044683530552
"District","3172420:NE",-0.375951932664839
"District","3172480:NE",-0.376303191924103
"District","3172570:NE",-0.706844233783663
"District","3172720:NE",0.366101734576107
"District","3172780:NE",0.413686638361074
"District","3172810:NE",-0.267737298828419
"District","3172840:NE",0.465755540969808
"District","3172910:NE",0.213797737453711
"District","3172990:NE",-0.341558260008465
"District","3173050:NE",0.045783039126636
"District","3173090:NE",0.422536099810758
"District","3173120:NE",1.18274180319626
"District","3173210:NE",0.242389989541305
"District","3173230:NE",0.435069330548341
"District","3173290:NE",0.676229784798277
"District","3173440:NE",0.122581409060086
"District","3173470:NE",0.238242357299255
"District","3173500:NE",-0.294935355511342
"District","3173560:NE",-0.471166785637964
"District","3173590:NE",-0.763843242371288
"District","3173600:NE",0.361027822678106
"District","3173660:NE",-0.481992593720513
"District","3173710:NE",-0.524736340456867
"District","3173740:NE",-0.269075238164103
"District","3173800:NE",-0.0936890915865361
"District","3173830:NE",0.0757897811619917
"District","3173890:NE",0.732610434455375
"District","3174040:NE",0.09736908742053
"District","3174160:NE",0.0873581010695301
"District","3174200:NE",0.133639026169525
"District","3174220:NE",0.732038632018805
"District","3174340:NE",-0.485848071182829
"District","3174370:NE",0.624493176164162
"District","3174430:NE",0.422729751731517
"District","3174580:NE",-1.0356561150711
"District","3174640:NE",0.75433741381851
"District","3174760:NE",0.17498523605348
"District","3174820:NE",0.259193889248033
"District","3174850:NE",0.855903167436094
"District","3174940:NE",0.623403216087291
"District","3175000:NE",-0.267706555001558
"District","3175030:NE",0.428375242662008
"District","3175060:NE",-0.74637525764106
"District","3175210:NE",0.781618235265538
"District","3175270:NE",-2.13933457012771
"District","3175330:NE",0.50411574046277
"District","3175360:NE",-0.699904013118342
"District","3175390:NE",-0.468723717100196
"District","3175510:NE",0.710014844943838
"District","3175570:NE",-0.648164493611596
"District","3175630:NE",-0.232280502590482
"District","3175660:NE",-0.25813010375947
"District","3175690:NE",0.189849343327701
"District","3175770:NE",-0.589421209907921
"District","3175810:NE",-0.107267597195593
"District","3175900:NE",-0.973233666860005
"District","3175930:NE",-0.0723230898162894
"District","3175960:NE",0.153319286852272
"District","3175990:NE",0.634390448449309
"District","3176170:NE",-0.100323761716575
"District","3176380:NE",0.225202897957233
"District","3176400:NE",-0.439511854335985
"District","3176410:NE",0.715986043013134
"District","3176450:NE",0.540107344171541
"District","3176470:NE",-1.39460106640899
"District","3176560:NE",0.717551228441019
"District","3176590:NE",0.0689989852060374
"District","3176620:NE",-0.312951311220474
"District","3176650:NE",0.408688022567487
"District","3176710:NE",0.350271265400861
"District","3176800:NE",-0.354806357323389
"District","3176860:NE",0.158835783749654
"District","3176980:NE",0.573569426122984
"District","3177100:NE",-0.137905427900388
"District","3177180:NE",0.288392731501653
"District","3177190:NE",-0.24301952438439
"District","3177340:NE",0.399284362446997
"District","3177520:NE",0.704963970490564
"District","3177550:NE",0.407989582079728
"District","3177730:NE",0.0135491495655809
"District","3178020:NE",-0.0246451919619738
"District","3178120:NE",-0.11058078994472
"District","3178210:NE",0.372273118827001
"District","3178240:NE",0.256987185772691
"District","3178260:NE",-0.629425853934687
"District","3178300:NE",-0.0371449701313914
"District","3178450:NE",0.846635920921952
"District","3178520:NE",0.125033878434516
"District","3178540:NE",0.942392294093773
"District","3178660:NE",0.140921989385081
"District","3178670:NE",0.186957829119017
"District","3178720:NE",-0.859307192986789
"District","3178810:NE",0.0452796961213366
"District","3178840:NE",-0.154635566907721
"District","3178940:NE",0.0469800502247492
"District","3178990:NE",0.708361915810484
"District","3179050:NE",0.103262500760692
"District","3179080:NE",0.425478436547986
"District","3180030:NE",-0.130688349875912
"District","3180130:NE",-0.157558816958989
"District","3200001:NV",-0.552215028585362
"District","3200030:NV",1.05891790574426
"District","3200060:NV",0.218201073315024
"District","3200090:NV",0.556364369545035
"District","3200120:NV",0.131502093249283
"District","3200210:NV",0.341014444721476
"District","3200240:NV",-0.647836814969134
"District","3200300:NV",0.6938281073092
"District","3200330:NV",0.321709717589276
"District","3200360:NV",-0.156263425718991
"District","3200390:NV",-1.05328202940964
"District","3200420:NV",-0.235413742311394
"District","3200480:NV",-0.72358376418946
"District","3200510:NV",1.03483129628458
"District","3500570:NM",-0.384782221533853
"District","3629520:NY",-0.471377577902797
"District","3700011:NC",0.137384529526375
"District","3700012:NC",0.319983882338205
"District","3700020:NC",-0.408609452135684
"District","3700025:NC",0.456142829760139
"District","3700027:NC",0.464589901023569
"District","3700029:NC",-0.3529733977662
"District","3700030:NC",1.62450431711112
"District","3700034:NC",-0.491257103765127
"District","3700035:NC",0.56442610547003
"District","3700038:NC",0.233443584295387
"District","3700049:NC",-0.657810362529946
"District","3700050:NC",-0.363260270878755
"District","3700053:NC",0.187453039668688
"District","3700062:NC",-0.489496041013596
"District","3700064:NC",-1.17806809899407
"District","3700069:NC",0.252842037826654
"District","3700070:NC",-0.173863848061244
"District","3700077:NC",-0.189087307942237
"District","3700089:NC",-0.808394991080871
"District","3700090:NC",-0.623724058461495
"District","3700091:NC",-0.710745553767448
"District","3700093:NC",-0.0825037926543486
"District","3700096:NC",0.333185597035704
"District","3700097:NC",-1.04233613744933
"District","3700101:NC",-0.604624544141879
"District","3700103:NC",-0.631060852855466
"District","3700104:NC",-1.0756587624521
"District","3700105:NC",-0.731697884335812
"District","3700110:NC",-0.537251849956693
"District","3700111:NC",0.170137419956892
"District","3700112:NC",-0.240741444632303
"District","3700114:NC",-0.464827986380251
"District","3700115:NC",-0.252470095899784
"District","3700116:NC",0.11181278953585
"District","3700120:NC",0.656264366143794
"District","3700123:NC",0.377435939867639
"District","3700127:NC",-0.690282451408177
"District","3700128:NC",-0.319159213613531
"District","3700132:NC",0.0848703323470704
"District","3700133:NC",-0.210478907043793
"District","3700135:NC",-0.510209950847918
"District","3700137:NC",-0.369112462884803
"District","3700139:NC",-0.741891248447059
"District","3700143:NC",-0.467124194484737
"District","3700144:NC",-0.138198726527799
"District","3700145:NC",0.208451772798516
"District","3700175:NC",-0.882746801511781
"District","3700180:NC",-0.355917404654459
"District","3700210:NC",-0.369930219283676
"District","3700240:NC",0.478613610600184
"District","3700270:NC",1.35383802959715
"District","3700300:NC",-0.606965839268193
"District","3700315:NC",0.535539532514895
"District","3700317:NC",0.388748334395448
"District","3700318:NC",0.41932916104574
"District","3700319:NC",-0.572620295210141
"District","3700320:NC",-0.307007880528169
"District","3700321:NC",-0.239710356365044
"District","3700322:NC",-0.752784255724344
"District","3700323:NC",-0.664653768211089
"District","3700324:NC",0.862079688087951
"District","3700325:NC",-0.602065275706542
"District","3700326:NC",-0.665623080534525
"District","3700327:NC",0.376507285524585
"District","3700328:NC",-0.947415667805623
"District","3700330:NC",-0.0656180212486581
"District","3700331:NC",-1.01358498883754
"District","3700333:NC",-0.405467643318388
"District","3700334:NC",-0.782956661233195
"District","3700336:NC",-0.939901040546334
"District","3700337:NC",0.196289794197114
"District","3700338:NC",-0.00724786689099929
"District","3700343:NC",-0.27310272175187
"District","3700347:NC",-0.377672984516131
"District","3700349:NC",0.0883403322528988
"District","3700351:NC",-0.333164703816808
"District","3700353:NC",0.33361713576726
"District","3700356:NC",0.169935477217767
"District","3700359:NC",0.32522791944693
"District","3700360:NC",-0.867429501837249
"District","3700361:NC",0.192655944181584
"District","3700369:NC",-0.740017093255493
"District","3700374:NC",-0.42217900076976
"District","3700377:NC",-0.666729122327706
"District","3700379:NC",0.601271507354666
"District","3700382:NC",-0.402173341479435
"District","3700384:NC",-0.637855510344307
"District","3700386:NC",-0.104875384734538
"District","3700388:NC",-0.407121983871417
"District","3700389:NC",-0.294393364900897
"District","3700390:NC",-0.362652841325713
"District","3700391:NC",0.643204008954066
"District","3700392:NC",-0.437182423363718
"District","3700394:NC",-0.455729518032537
"District","3700398:NC",-0.370300561568346
"District","3700406:NC",-0.412760934870654
"District","3700407:NC",0.581185718918326
"District","3700413:NC",-0.307493309130797
"District","3700416:NC",-0.125873986973366
"District","3700420:NC",0.608477049191741
"District","3700438:NC",0.929727718287895
"District","3700439:NC",0.636654850596981
"District","3700441:NC",-0.359237934209084
"District","3700445:NC",-0.400624791112475
"District","3700450:NC",1.17699189563803
"District","3700480:NC",-0.153455753056881
"District","3700530:NC",0.532650934067713
"District","3700580:NC",-0.563081343559455
"District","3700600:NC",-1.11808681141751
"District","3700630:NC",0.476291340876066
"District","3700660:NC",0.209996503918236
"District","3700690:NC",0.283506338205548
"District","3700720:NC",0.967734881558631
"District","3700750:NC",0.863047132826998
"District","3700780:NC",-0.32635071227504
"District","3700840:NC",-0.308067647525237
"District","3700870:NC",-0.190159321356311
"District","3700900:NC",-0.487855697092724
"District","3700930:NC",-0.0288236809194111
"District","3700960:NC",-0.414516192950807
"District","3701080:NC",-0.082787389331169
"District","3701110:NC",0.426799491241468
"District","3701140:NC",-0.68332748683683
"District","3701170:NC",-0.763142173485346
"District","3701200:NC",-0.614005285667654
"District","3701260:NC",1.24284014279723
"District","3701320:NC",0.66423509321647
"District","3701380:NC",-0.116478817998693
"District","3701500:NC",0.386769292061124
"District","3701530:NC",-0.0369582104441633
"District","3701620:NC",0.408298294420036
"District","3701680:NC",0.44210098752027
"District","3701800:NC",-0.0370009000121988
"District","3701830:NC",0.288832633850407
"District","3701920:NC",1.15000201307065
"District","3701950:NC",0.348807583120289
"District","3702010:NC",0.331766492260492
"District","3702040:NC",0.390969742542864
"District","3702100:NC",0.406627360797457
"District","3702160:NC",0.883102777087457
"District","3702190:NC",1.20615871632501
"District","3702250:NC",1.41330115154464
"District","3702280:NC",0.248631578744455
"District","3702310:NC",0.285784642488529
"District","3702340:NC",-0.00586189723368057
"District","3702370:NC",-0.650495591815713
"District","3702400:NC",-0.124937330672134
"District","3702430:NC",0.342784529106938
"District","3702560:NC",-0.0606157474039092
"District","3702610:NC",0.44923807203977
"District","3702640:NC",0.719734251543301
"District","3702680:NC",1.38264337845348
"District","3702760:NC",0.0638846574872021
"District","3702820:NC",0.0301569254316177
"District","3702880:NC",-0.775539218308848
"District","3702940:NC",-0.107881676729079
"District","3702970:NC",1.21771847887932
"District","3703000:NC",-0.310906200093421
"District","3703060:NC",-0.879097579503771
"District","3703090:NC",0.651455568220122
"District","3703120:NC",0.244874622294266
"District","3703210:NC",0.0568666684008731
"District","3703270:NC",-1.11419487881711
"District","3703310:NC",0.631683675418668
"District","3703330:NC",0.673286755425843
"District","3703360:NC",0.115352806383387
"District","3703420:NC",0.559448718049995
"District","3703450:NC",0.767548296489576
"District","3703480:NC",0.771436406699312
"District","3703510:NC",0.644601434342933
"District","3703540:NC",-1.11286938399005
"District","3703570:NC",0.526696549042595
"District","3703600:NC",-0.261048689612589
"District","3703630:NC",1.21278124333007
"District","3703720:NC",-0.0622922160279316
"District","3703780:NC",0.344375799628467
"District","3703870:NC",1.06570578492556
"District","3703900:NC",-0.420848673233259
"District","3703930:NC",0.342665817331113
"District","3703990:NC",-1.27030308805514
"District","3704050:NC",0.492498061550418
"District","3704080:NC",0.110732334452647
"District","3704140:NC",0.411256506712934
"District","3704200:NC",-0.703062255038408
"District","3704320:NC",-0.319068171284364
"District","3704380:NC",0.687847756611426
"District","3704410:NC",0.129120494816865
"District","3704440:NC",-0.421584982505029
"District","3704500:NC",0.0115233333476408
"District","3704530:NC",0.068284659542421
"District","3704590:NC",0.0946016619682458
"District","3704620:NC",0.471546959633554
"District","3704650:NC",-0.509146590342792
"District","3704720:NC",1.1279752418719
"District","3704740:NC",-0.523628738623231
"District","3704800:NC",0.464984247366965
"District","3704830:NC",1.23644627009969
"District","3704880:NC",0.0587254765248421
"District","3704890:NC",0.317653352443036
"District","3704920:NC",-0.828346760589914
"District","3704950:NC",0.108231735123607
"District","3705020:NC",0.68572564326731
"District","3705040:NC",0.47158685403163
"District","3813030:ND",0.156804795434906
"District","3900001:OH",0.526438321057264
"District","3900002:OH",0.728162200158085
"District","3900022:OH",-0.460990413447112
"District","3900031:OH",-0.655504325632683
"District","3900040:OH",1.14001042107206
"District","3900042:OH",0.972152068577726
"District","3900052:OH",-0.589972074620399
"District","3900053:OH",-0.652980076925661
"District","3900056:OH",-0.738754542175342
"District","3900068:OH",-0.412707858319571
"District","3900080:OH",-0.260021538199805
"District","3900081:OH",0.204360289197912
"District","3900084:OH",-0.41284447439932
"District","3900086:OH",-0.254072970436552
"District","3900094:OH",-0.882307573845899
"District","3900097:OH",-0.31665235956581
"District","3900100:OH",-0.482104576799519
"District","3900101:OH",-0.541868341675541
"District","3900104:OH",-0.453929328645839
"District","3900106:OH",-0.968945174333479
"District","3900117:OH",-0.277171781571775
"District","3900118:OH",0.538990558358112
"District","3900123:OH",-0.463218162167968
"District","3900127:OH",-0.674422346294044
"District","3900138:OH",-0.450367774235956
"District","3900145:OH",-0.394539094661845
"District","3900146:OH",0.426257399026069
"District","3900151:OH",0.700638954450833
"District","3900155:OH",-0.437037314015322
"District","3900175:OH",-0.330807696342699
"District","3900176:OH",-0.365120704446704
"District","3900177:OH",-0.254168937439274
"District","3900178:OH",0.996670937951868
"District","3900180:OH",0.0225775948934641
"District","3900203:OH",-0.356459048153021
"District","3900223:OH",-0.686387395286678
"District","3900231:OH",-0.414794577153554
"District","3900233:OH",0.295766306260631
"District","3900237:OH",-0.784605338487608
"District","3900250:OH",-0.587248491922735
"District","3900252:OH",0.212840294143493
"District","3900276:OH",0.00501219891272934
"District","3900277:OH",-0.468771914104117
"District","3900279:OH",-0.508774408294052
"District","3900285:OH",-0.0960330913633671
"District","3900286:OH",-0.574731558408643
"District","3900306:OH",-0.505370769936414
"District","3900307:OH",-0.934479128546585
"District","3900331:OH",-0.196872622658987
"District","3900337:OH",-0.260652823535354
"District","3900338:OH",-0.292882030632901
"District","3900342:OH",-0.301925097657589
"District","3900344:OH",-0.305754080860259
"District","3900348:OH",-0.359978450582002
"District","3900361:OH",-0.334520002107427
"District","3900366:OH",-0.304148949047104
"District","3900381:OH",-0.366078701310311
"District","3900383:OH",-0.526113326486928
"District","3900385:OH",-0.527375970500987
"District","3900396:OH",-0.538250924273244
"District","3900428:OH",-0.438668653668023
"District","3900448:OH",-0.327269516160691
"District","3900478:OH",0.254770548314119
"District","3900488:OH",0.668932288290247
"District","3900490:OH",-0.303629651621261
"District","3900494:OH",-0.293999890858817
"District","3900495:OH",-0.254784602553793
"District","3900496:OH",-0.238298796125299
"District","3900497:OH",-0.289259536641789
"District","3900498:OH",-0.423532134803306
"District","3900510:OH",-0.12014159025185
"District","3900528:OH",-0.132018243528413
"District","3900530:OH",0.000337803909986146
"District","3900537:OH",-0.188056253436751
"District","3900562:OH",-0.351210024661369
"District","3900586:OH",-0.581379645002131
"District","3900593:OH",-0.277029469499049
"District","3900638:OH",-0.497269803775587
"District","3900642:OH",-0.260043015138757
"District","3900643:OH",-0.340561594414439
"District","3900647:OH",-0.304672988902717
"District","3901302:OH",-0.604957687149167
"District","3901313:OH",-0.198924522895358
"District","3901314:OH",-0.0933312022533611
"District","3901329:OH",-0.308144048709701
"District","3901330:OH",0.687707020296691
"District","3901350:OH",-0.321686854948923
"District","3901362:OH",0.310361953959811
"District","3901363:OH",-0.200799392933487
"District","3901365:OH",0.0967015768986078
"District","3901366:OH",0.0571175057990999
"District","3901374:OH",0.990149057279365
"District","3901376:OH",-0.51908743483897
"District","3901378:OH",-0.232319429765174
"District","3901409:OH",-0.496801339218457
"District","3901410:OH",-0.427733077134092
"District","3901411:OH",-0.454352136238432
"District","3901412:OH",0.469528563586532
"District","3901413:OH",-0.266663572591029
"District","3901414:OH",0.304943931714987
"District","3901415:OH",-0.404923913064469
"District","3901416:OH",-0.356956474982899
"District","3901417:OH",0.118021976185329
"District","3901420:OH",-0.509695015503051
"District","3901429:OH",-0.197439237642635
"District","3901433:OH",0.532086361374924
"District","3901450:OH",0.621339685011394
"District","3901451:OH",-0.168733864373379
"District","3901463:OH",0.220503909804431
"District","3901472:OH",0.924427552034221
"District","3901473:OH",-0.158591345588775
"District","3901490:OH",-0.313816418588734
"District","3901512:OH",0.876227705283291
"District","3901516:OH",-0.320194085881448
"District","3901530:OH",-0.325996854183261
"District","3901535:OH",0.606450283781294
"District","3901539:OH",-0.748655895716561
"District","3901550:OH",-0.429251522174999
"District","3901551:OH",-0.248104991597993
"District","3901565:OH",-0.766315626265918
"District","3901566:OH",-0.303256731233808
"District","3901567:OH",-0.372575532429391
"District","3901568:OH",-0.29544809606154
"District","3901574:OH",-0.552147051382783
"District","3901575:OH",-0.618736405060954
"District","3901577:OH",1.32338232096129
"District","3901582:OH",-0.334979507902269
"District","3901583:OH",-0.34558573230529
"District","3901587:OH",-0.272241764732352
"District","3901595:OH",-0.722201729534249
"District","3901599:OH",0.0316172781406351
"District","3901602:OH",3.44164196343867
"District","3901605:OH",-0.403772757200866
"District","3901613:OH",-0.701717704044382
"District","3901615:OH",-1.04646131345607
"District","3901616:OH",-0.374543605677967
"District","3901617:OH",-0.56838466750769
"District","3901618:OH",-0.780860663008354
"District","3901620:OH",-0.250094821554862
"District","3901623:OH",-0.614458805239515
"District","3901625:OH",-0.425862243573763
"District","3901627:OH",0.888479707493634
"District","3901630:OH",-0.302464926523002
"District","3901631:OH",-0.098384030637093
"District","3904348:OH",0.907346402712337
"District","3904349:OH",0.0619652954293864
"District","3904350:OH",-0.777071700885186
"District","3904351:OH",0.462391629090494
"District","3904352:OH",-0.379243992753796
"District","3904353:OH",1.13141999038068
"District","3904354:OH",0.662258520316498
"District","3904355:OH",0.763954083439403
"District","3904357:OH",0.519334103197247
"District","3904358:OH",-0.640828292026159
"District","3904359:OH",-0.39533633068647
"District","3904360:OH",-0.699943230252466
"District","3904361:OH",-0.349927825852606
"District","3904362:OH",-0.126393355149697
"District","3904363:OH",0.856129308559796
"District","3904364:OH",0.499291450785979
"District","3904365:OH",1.14143249280117
"District","3904366:OH",-1.10686966466242
"District","3904367:OH",0.597086930245112
"District","3904368:OH",-0.202575385456708
"District","3904369:OH",0.295551639091491
"District","3904370:OH",0.437259490959567
"District","3904371:OH",-1.09314817689164
"District","3904373:OH",0.802028892033628
"District","3904374:OH",0.87769954632797
"District","3904375:OH",0.608624105661734
"District","3904376:OH",0.0771268759847835
"District","3904377:OH",0.909950247026772
"District","3904378:OH",-0.474972642877974
"District","3904379:OH",-0.24603173614269
"District","3904380:OH",1.68688264469129
"District","3904381:OH",0.116884548807216
"District","3904382:OH",0.155775003246511
"District","3904383:OH",0.415033743031406
"District","3904384:OH",-2.1091842217288
"District","3904385:OH",-0.216843941601874
"District","3904386:OH",0.247587445605615
"District","3904387:OH",-0.623900055298688
"District","3904388:OH",0.907850580340338
"District","3904389:OH",-1.06872542051673
"District","3904390:OH",1.1546689706474
"District","3904391:OH",0.352043912121336
"District","3904392:OH",-0.474446438733893
"District","3904393:OH",1.76313055281222
"District","3904394:OH",0.922929291243567
"District","3904395:OH",-0.108210009436124
"District","3904396:OH",0.142762301115673
"District","3904397:OH",-0.714743947800944
"District","3904399:OH",0.816820248439372
"District","3904400:OH",0.674543257979179
"District","3904401:OH",-0.808378456100536
"District","3904402:OH",-0.357856182303997
"District","3904403:OH",0.244949593885557
"District","3904404:OH",0.946623255945072
"District","3904405:OH",-0.832674605160235
"District","3904406:OH",0.326647385144221
"District","3904407:OH",1.00803973844577
"District","3904408:OH",0.790546668276074
"District","3904409:OH",1.00582232460622
"District","3904410:OH",-0.0533235343095113
"District","3904411:OH",-0.705998405389357
"District","3904412:OH",0.85917414045985
"District","3904413:OH",-0.193362037655683
"District","3904414:OH",0.675631701558129
"District","3904415:OH",0.8576281124867
"District","3904416:OH",0.165915261472474
"District","3904418:OH",-0.0866932260780582
"District","3904419:OH",0.383985761866169
"District","3904420:OH",-1.12870538755385
"District","3904421:OH",0.8644046064244
"District","3904422:OH",-0.705116410109331
"District","3904423:OH",-0.443151258632255
"District","3904424:OH",-0.249793874042188
"District","3904425:OH",0.218822135772395
"District","3904426:OH",-0.20698780275843
"District","3904427:OH",0.30672806218352
"District","3904428:OH",-0.353031931414112
"District","3904429:OH",-0.0830676419533491
"District","3904430:OH",0.0849557084704196
"District","3904431:OH",-0.492445931237751
"District","3904433:OH",0.720097133055882
"District","3904434:OH",-0.671382306634898
"District","3904435:OH",0.658326289612406
"District","3904436:OH",0.535056686986947
"District","3904437:OH",-0.348574185782382
"District","3904438:OH",-0.231941982622086
"District","3904439:OH",-0.485691290992178
"District","3904440:OH",-1.07476199187549
"District","3904441:OH",-0.456755721525256
"District","3904443:OH",0.874888654923877
"District","3904444:OH",-0.462972461884727
"District","3904445:OH",-0.700131781743471
"District","3904446:OH",0.853895393978592
"District","3904447:OH",1.05855024690403
"District","3904448:OH",0.516106502322888
"District","3904449:OH",0.48236736679681
"District","3904450:OH",0.0201729749353625
"District","3904451:OH",-0.332994038917714
"District","3904452:OH",-0.617555023457637
"District","3904453:OH",0.297600201428026
"District","3904454:OH",0.372088286585661
"District","3904455:OH",0.0169701152591519
"District","3904456:OH",-0.0803307392187207
"District","3904457:OH",-0.713185145559014
"District","3904458:OH",-0.190014483850194
"District","3904459:OH",-0.502647943619421
"District","3904460:OH",1.8073353495419
"District","3904461:OH",0.0440353257547969
"District","3904463:OH",0.133724535390002
"District","3904464:OH",-0.918922750649042
"District","3904465:OH",-0.573996142829219
"District","3904467:OH",0.577167385073121
"District","3904468:OH",-0.734036077217729
"District","3904469:OH",0.838965102284925
"District","3904470:OH",0.851449673290422
"District","3904471:OH",-0.561221221257655
"District","3904472:OH",0.370850354866122
"District","3904474:OH",0.0602890268918339
"District","3904475:OH",0.388066453482848
"District","3904476:OH",0.961615457023236
"District","3904479:OH",0.225857410952153
"District","3904480:OH",-0.278427826654948
"District","3904481:OH",0.36936285507938
"District","3904482:OH",1.11906113514471
"District","3904483:OH",-0.46376713524502
"District","3904484:OH",-0.350191024004411
"District","3904485:OH",0.980572418908889
"District","3904486:OH",0.375434150002008
"District","3904487:OH",-0.227436212892104
"District","3904488:OH",-0.670997960562217
"District","3904489:OH",-1.06959944536108
"District","3904490:OH",-2.47683658367434
"District","3904491:OH",-0.373024610816371
"District","3904492:OH",0.402623407057449
"District","3904493:OH",0.19236876103939
"District","3904494:OH",0.0311164873990069
"District","3904495:OH",0.673127301043083
"District","3904498:OH",-0.427131398946654
"District","3904499:OH",1.0461126422637
"District","3904500:OH",-0.580774629046526
"District","3904502:OH",-0.946873269520441
"District","3904503:OH",0.564464911600493
"District","3904504:OH",-0.437521986021887
"District","3904505:OH",0.711380585300338
"District","3904506:OH",0.316977992673568
"District","3904507:OH",-0.31728776317094
"District","3904508:OH",0.300393065184671
"District","3904509:OH",0.778969552365015
"District","3904510:OH",0.902742585698839
"District","3904511:OH",0.229243849499073
"District","3904513:OH",-0.728922913222464
"District","3904514:OH",0.35927319485899
"District","3904515:OH",0.320261416200636
"District","3904516:OH",-0.594257706545776
"District","3904517:OH",-0.434924144108995
"District","3904518:OH",1.22599441138027
"District","3904519:OH",0.764951752306601
"District","3904520:OH",-0.852185012588344
"District","3904521:OH",-0.448308488319426
"District","3904522:OH",-0.377080215615241
"District","3904523:OH",1.04459286840509
"District","3904524:OH",0.898135794895716
"District","3904525:OH",-0.495495534265346
"District","3904526:OH",0.490293226712083
"District","3904527:OH",0.234901706946446
"District","3904528:OH",-0.342760884661099
"District","3904529:OH",0.688862048073852
"District","3904531:OH",-0.886454555265826
"District","3904532:OH",0.231192061687537
"District","3904533:OH",0.638365682870359
"District","3904535:OH",0.299070153821434
"District","3904536:OH",2.58828593004906
"District","3904537:OH",0.749600762602017
"District","3904538:OH",-0.478987068067647
"District","3904539:OH",0.304405575415649
"District","3904540:OH",0.704133342511216
"District","3904541:OH",-0.684233710105088
"District","3904542:OH",-0.993737512032642
"District","3904543:OH",1.1960902177976
"District","3904545:OH",0.51965662087642
"District","3904546:OH",-0.70465507754933
"District","3904547:OH",-0.555918501520695
"District","3904548:OH",0.635722133811029
"District","3904549:OH",-0.411113156426565
"District","3904550:OH",0.286003810030929
"District","3904551:OH",-0.87891471970979
"District","3904552:OH",1.32660904120278
"District","3904553:OH",0.617292711373988
"District","3904554:OH",-0.529366527012085
"District","3904555:OH",-0.516519869807542
"District","3904556:OH",0.245127622655972
"District","3904557:OH",-0.092460179416378
"District","3904558:OH",-1.38258177770999
"District","3904560:OH",0.870513792409205
"District","3904561:OH",0.112634004903684
"District","3904563:OH",-0.518879781461776
"District","3904564:OH",0.524166767630635
"District","3904565:OH",0.187042150076786
"District","3904566:OH",-0.381987589640748
"District","3904567:OH",-0.749472473965146
"District","3904575:OH",-0.485293294950575
"District","3904576:OH",-0.906009139752147
"District","3904577:OH",0.807729244114649
"District","3904578:OH",-0.70009356533096
"District","3904579:OH",1.24963149202682
"District","3904580:OH",1.1939043068852
"District","3904582:OH",-0.639442592217036
"District","3904583:OH",0.884874391228062
"District","3904585:OH",0.62358366045612
"District","3904586:OH",1.33687066233403
"District","3904587:OH",0.726749356930773
"District","3904588:OH",-0.624668792827122
"District","3904590:OH",-1.04323520096635
"District","3904591:OH",1.27041882303744
"District","3904592:OH",-0.363446337544385
"District","3904594:OH",1.3292916142002
"District","3904595:OH",-0.380968449468016
"District","3904596:OH",-0.0242119109147698
"District","3904597:OH",-0.395078284210857
"District","3904599:OH",0.407539735004308
"District","3904600:OH",0.826938948287948
"District","3904601:OH",0.0184028945822262
"District","3904603:OH",-0.788801717681691
"District","3904604:OH",-0.12352211072768
"District","3904606:OH",-0.874745300546437
"District","3904607:OH",-0.299552009410537
"District","3904609:OH",-1.02032490658265
"District","3904610:OH",-0.0530476060912067
"District","3904611:OH",0.411445984989244
"District","3904612:OH",-0.877637052739804
"District","3904613:OH",0.00703031078389007
"District","3904614:OH",-0.0406281803415203
"District","3904615:OH",-0.0787235940715731
"District","3904617:OH",0.154727135112371
"District","3904619:OH",0.0567675469432539
"District","3904620:OH",-0.052356626081372
"District","3904621:OH",0.18152285229077
"District","3904623:OH",-0.311254324305317
"District","3904624:OH",-0.871476473501878
"District","3904625:OH",-0.920432484017614
"District","3904626:OH",-0.0725336497083696
"District","3904627:OH",0.481376975620365
"District","3904628:OH",-0.899107245943943
"District","3904630:OH",-0.993609538733432
"District","3904631:OH",0.818931702356539
"District","3904632:OH",0.620596133614718
"District","3904633:OH",-0.0833125168891655
"District","3904634:OH",0.104257189943825
"District","3904635:OH",-0.903936477493791
"District","3904636:OH",0.411137413051825
"District","3904638:OH",0.521292324233159
"District","3904639:OH",-0.106141527984937
"District","3904640:OH",-0.650543328885904
"District","3904642:OH",-0.572726314937731
"District","3904643:OH",0.748163565499973
"District","3904644:OH",-0.186020084329945
"District","3904645:OH",0.663682979089842
"District","3904647:OH",-0.297840032262718
"District","3904648:OH",0.0641863788698953
"District","3904650:OH",-0.634104948166467
"District","3904651:OH",-0.772763387475418
"District","3904652:OH",-0.217290108019043
"District","3904655:OH",0.364164079233854
"District","3904656:OH",1.22422780825424
"District","3904657:OH",0.00619308404909235
"District","3904659:OH",0.596299042932291
"District","3904660:OH",0.963296452553945
"District","3904662:OH",-0.0573095182238645
"District","3904663:OH",-0.253546396647126
"District","3904664:OH",-0.730225711724758
"District","3904667:OH",-0.590063802323205
"District","3904668:OH",-0.34103345146381
"District","3904670:OH",1.34179240152168
"District","3904671:OH",-0.208966775160833
"District","3904672:OH",-0.77762816472752
"District","3904674:OH",0.131406537206226
"District","3904675:OH",-0.351469973467841
"District","3904676:OH",0.0108084068505214
"District","3904678:OH",-0.610518750201142
"District","3904680:OH",-0.770525207111771
"District","3904681:OH",0.953707314508028
"District","3904682:OH",-0.575067972523936
"District","3904684:OH",0.00416204330637624
"District","3904685:OH",-0.662692872693101
"District","3904686:OH",-0.472706402309099
"District","3904687:OH",-0.00980575601243793
"District","3904688:OH",0.506366624426877
"District","3904689:OH",0.896990362289292
"District","3904690:OH",0.19072208852458
"District","3904694:OH",0.305941189582749
"District","3904695:OH",-0.850816603811221
"District","3904696:OH",-1.47237355307265
"District","3904697:OH",0.388735092778062
"District","3904699:OH",0.20943228597004
"District","3904700:OH",-0.994514168442292
"District","3904701:OH",0.336888157418215
"District","3904702:OH",-0.19006944024476
"District","3904704:OH",0.250902622778038
"District","3904705:OH",-0.463825210295563
"District","3904706:OH",-0.546392669879522
"District","3904707:OH",-0.650766865077225
"District","3904708:OH",0.666238136331165
"District","3904709:OH",-0.639100912898213
"District","3904716:OH",1.36132485408289
"District","3904717:OH",0.468745694903679
"District","3904718:OH",-0.922709828624018
"District","3904719:OH",0.469308646099529
"District","3904722:OH",-0.716946694780437
"District","3904724:OH",-1.28711006473296
"District","3904725:OH",-0.736829931971935
"District","3904726:OH",-0.536011514991903
"District","3904727:OH",-0.678308431874998
"District","3904730:OH",-0.620880583835757
"District","3904733:OH",0.0109056619898148
"District","3904734:OH",-0.0827225434512411
"District","3904736:OH",-0.123712643434791
"District","3904737:OH",-0.139163396185822
"District","3904738:OH",-0.20591707059324
"District","3904739:OH",-0.625672863362222
"District","3904742:OH",0.222796712759126
"District","3904743:OH",-0.36826195231347
"District","3904744:OH",0.708649358879472
"District","3904745:OH",0.280671343716238
"District","3904747:OH",0.739222524116942
"District","3904749:OH",-0.631226351154888
"District","3904750:OH",-0.659297035277285
"District","3904751:OH",-0.260192558906192
"District","3904752:OH",-0.222752504279629
"District","3904754:OH",-0.225888280836465
"District","3904757:OH",-0.345537659780928
"District","3904758:OH",0.361720954375729
"District","3904759:OH",0.113195640334314
"District","3904761:OH",0.220610366573194
"District","3904762:OH",0.566309596785199
"District","3904763:OH",0.875686028632736
"District","3904768:OH",0.524560301644067
"District","3904769:OH",0.170413736263622
"District","3904771:OH",-0.449443248950982
"District","3904772:OH",1.18253486232988
"District","3904773:OH",-0.287227519463173
"District","3904774:OH",0.662433529974578
"District","3904776:OH",0.555040900858356
"District","3904778:OH",0.88317866212212
"District","3904779:OH",0.800779022336403
"District","3904780:OH",1.00877729733102
"District","3904782:OH",0.900721957016202
"District","3904783:OH",0.0968015115747104
"District","3904785:OH",-0.612660422472489
"District","3904787:OH",0.739447743272529
"District","3904788:OH",0.124867211154124
"District","3904790:OH",1.55972019039161
"District","3904792:OH",0.909224836049219
"District","3904793:OH",-0.135820595202355
"District","3904794:OH",-0.597603449326752
"District","3904795:OH",0.740351422036942
"District","3904796:OH",-0.716113995939511
"District","3904798:OH",0.0514697665733989
"District","3904799:OH",1.48760929817897
"District","3904800:OH",0.866282356946512
"District","3904801:OH",-0.803380212006002
"District","3904802:OH",0.437992645488653
"District","3904803:OH",-0.305113952691036
"District","3904804:OH",0.017449276961564
"District","3904807:OH",0.935445220092539
"District","3904808:OH",0.682554368522333
"District","3904809:OH",-0.605320490156
"District","3904811:OH",0.789701642882163
"District","3904812:OH",0.135901969544485
"District","3904813:OH",0.284327669891051
"District","3904814:OH",0.172272966643842
"District","3904815:OH",-0.225912299216415
"District","3904816:OH",0.575639319034157
"District","3904817:OH",-0.469202793524512
"District","3904820:OH",0.46511335858783
"District","3904821:OH",1.15062871786061
"District","3904822:OH",-0.784874306038349
"District","3904823:OH",-0.702809810296464
"District","3904825:OH",0.322701992111169
"District","3904826:OH",0.933849681417228
"District","3904827:OH",0.610724241591541
"District","3904829:OH",-0.3339082080697
"District","3904830:OH",-0.310961488225993
"District","3904831:OH",-0.355144187300508
"District","3904832:OH",-0.37009749263315
"District","3904833:OH",-0.519257067207745
"District","3904834:OH",0.166830027715535
"District","3904835:OH",0.0446413162267876
"District","3904836:OH",0.0868224307896237
"District","3904837:OH",-0.731947764074185
"District","3904838:OH",-0.382643435715285
"District","3904839:OH",0.655242508656419
"District","3904841:OH",1.50496700943543
"District","3904842:OH",0.519246516156192
"District","3904843:OH",-0.782754014695231
"District","3904844:OH",0.815215172340662
"District","3904846:OH",0.790234334572991
"District","3904847:OH",-1.02781887743006
"District","3904848:OH",-0.353964831557332
"District","3904849:OH",0.0502289767051627
"District","3904851:OH",-0.10076899850961
"District","3904852:OH",1.11791705217255
"District","3904853:OH",-0.799646371066446
"District","3904857:OH",-0.179008344702942
"District","3904858:OH",0.58691384012224
"District","3904859:OH",0.23610080224201
"District","3904861:OH",0.24556141665743
"District","3904862:OH",0.116227435844175
"District","3904863:OH",0.380355140547202
"District","3904865:OH",-0.277773359054043
"District","3904867:OH",0.373001973439685
"District","3904868:OH",-0.0262668149699461
"District","3904869:OH",-0.751287334445222
"District","3904870:OH",-0.0614844302244294
"District","3904871:OH",0.300595407742882
"District","3904872:OH",-0.836398723368809
"District","3904873:OH",0.513089254176501
"District","3904874:OH",-0.93256226584657
"District","3904875:OH",0.317575868190551
"District","3904877:OH",-0.615631588766295
"District","3904879:OH",-0.808649458992802
"District","3904880:OH",-0.0537569174964465
"District","3904881:OH",-0.0809136126381556
"District","3904883:OH",0.717933774918714
"District","3904884:OH",1.33705153822792
"District","3904885:OH",0.580697571129684
"District","3904887:OH",-0.607755067477257
"District","3904888:OH",-0.113108059849489
"District","3904890:OH",0.262090323797107
"District","3904892:OH",-0.633676213118213
"District","3904893:OH",0.60093184541778
"District","3904894:OH",-0.823673747990395
"District","3904897:OH",0.569447928912317
"District","3904899:OH",1.59582722555376
"District","3904900:OH",0.280569363744939
"District","3904903:OH",1.20375026286596
"District","3904905:OH",-0.55627819318302
"District","3904906:OH",-0.549283776477486
"District","3904908:OH",0.244503896645932
"District","3904909:OH",-0.0680295305684388
"District","3904910:OH",0.649903350769775
"District","3904912:OH",-0.362642959750051
"District","3904913:OH",-0.030228022058349
"District","3904914:OH",-1.02501654640531
"District","3904915:OH",-0.608416751863157
"District","3904917:OH",-0.572601293530488
"District","3904918:OH",-0.882610984931934
"District","3904919:OH",0.212471502375365
"District","3904920:OH",-0.84984970411172
"District","3904921:OH",0.140387131820852
"District","3904922:OH",0.0734974605081807
"District","3904923:OH",-0.550686808518877
"District","3904924:OH",-0.767341189589715
"District","3904926:OH",-0.398226869225649
"District","3904927:OH",0.453977898586437
"District","3904928:OH",-0.0788534395859014
"District","3904931:OH",0.154390325217927
"District","3904932:OH",1.0077220693987
"District","3904933:OH",0.696107448153641
"District","3904934:OH",0.0436114489815482
"District","3904935:OH",-0.363425214378505
"District","3904936:OH",-0.687131034137999
"District","3904937:OH",0.0977635051196171
"District","3904938:OH",-0.309458186000089
"District","3904939:OH",0.168581669674974
"District","3904941:OH",-0.921954031608539
"District","3904942:OH",-0.82520502777325
"District","3904943:OH",-0.65394592104022
"District","3904944:OH",0.485281772612336
"District","3904945:OH",0.269319603952205
"District","3904946:OH",-0.485754056300332
"District","3904947:OH",-0.694547158652368
"District","3904949:OH",1.09966685419176
"District","3904950:OH",-0.199575568453968
"District","3904951:OH",-0.154565006468753
"District","3904952:OH",0.582921231729894
"District","3904953:OH",0.331748160259283
"District","3904954:OH",0.404776205159612
"District","3904956:OH",-0.874943073934261
"District","3904957:OH",0.225723539624297
"District","3904959:OH",0.685264644071433
"District","3904961:OH",-0.59728238524418
"District","3904962:OH",-0.936346956445867
"District","3904963:OH",-0.665448589084292
"District","3904964:OH",-0.373404108904311
"District","3904965:OH",0.576864778963634
"District","3904966:OH",-0.148721507266546
"District","3904968:OH",0.380566767705088
"District","3904970:OH",-0.800427438237229
"District","3904971:OH",-0.0755531102889808
"District","3904976:OH",-0.431025937041835
"District","3904977:OH",0.644413188345402
"District","3904978:OH",-0.199669732067043
"District","3904979:OH",1.57634952534607
"District","3904981:OH",0.457065801614896
"District","3904983:OH",0.697938710198349
"District","3904984:OH",-0.286242677232789
"District","3904985:OH",-0.394052908933127
"District","3904986:OH",-0.0259682296063361
"District","3904987:OH",0.339145120278661
"District","3904988:OH",0.778074183732872
"District","3904989:OH",-0.728303871196216
"District","3904990:OH",0.492437166631514
"District","3904991:OH",-0.0632345544631576
"District","3904992:OH",-0.020799273238689
"District","3904993:OH",-1.34172716738302
"District","3904994:OH",-0.539207077026588
"District","3904995:OH",-0.791974036729737
"District","3904997:OH",-0.153525342114972
"District","3904998:OH",-0.0753536110147002
"District","3904999:OH",-1.03987055069523
"District","3905000:OH",0.461798921146947
"District","3905001:OH",0.115487437192791
"District","3905002:OH",0.776200226277123
"District","3905003:OH",0.269711483471955
"District","3905004:OH",0.854050343620034
"District","3905005:OH",-1.18838229068866
"District","3905006:OH",0.399218873326029
"District","3905007:OH",0.608149001356005
"District","3905009:OH",0.764054963011749
"District","3905011:OH",0.782073019247298
"District","3905012:OH",-0.626468494743812
"District","3905013:OH",-0.629939202426691
"District","3905015:OH",0.266140319276175
"District","3905016:OH",0.638908955091075
"District","3905017:OH",0.12874453852782
"District","3905018:OH",-0.674635910479289
"District","3905019:OH",-0.62748753924767
"District","3905020:OH",-0.672020000252408
"District","3905021:OH",-0.745906603525425
"District","3905022:OH",1.43018763608874
"District","3905023:OH",0.205738372490723
"District","3905024:OH",0.69743091039541
"District","3905025:OH",-0.21633206972207
"District","3905027:OH",-0.452773725575338
"District","3905028:OH",0.169514466937703
"District","3905029:OH",-0.422012380900777
"District","3905030:OH",-0.0637764420536322
"District","3905032:OH",0.676906919268435
"District","3905033:OH",0.271893157044646
"District","3905035:OH",0.132203092562561
"District","3905039:OH",0.791463860135084
"District","3905041:OH",0.743449860813146
"District","3905042:OH",-0.22177372085546
"District","3905043:OH",-0.103628675400304
"District","3905044:OH",-0.246484160260273
"District","3905045:OH",0.477405580797095
"District","3905046:OH",0.738314941325981
"District","3905048:OH",1.21380703208191
"District","3905049:OH",-0.67187422507937
"District","3905051:OH",-0.627716513767839
"District","3905053:OH",0.908144826161875
"District","3905054:OH",0.443885982657743
"District","3905055:OH",0.0632231220651481
"District","3905056:OH",-0.87495210398485
"District","3905058:OH",-0.811525489608987
"District","3905059:OH",-0.865753957473488
"District","3905061:OH",-0.0231643998965756
"District","3905062:OH",-0.356523546642911
"District","3905063:OH",0.281984790158084
"District","3905064:OH",0.526413626681012
"District","3905065:OH",-0.187435024032774
"District","3905067:OH",-0.311796828963389
"District","3905068:OH",0.563938054712628
"District","3905069:OH",1.20785133587185
"District","3905070:OH",0.566369674063844
"District","3905071:OH",0.507097510305919
"District","3905072:OH",-0.154201767716082
"District","3905074:OH",0.592251956821138
"District","3905077:OH",0.20371234254221
"District","3905079:OH",0.434550353333215
"District","3905081:OH",0.671791317428284
"District","3905085:OH",0.345777235292032
"District","3905088:OH",-0.168260063645977
"District","3905090:OH",0.9210961626858
"District","3905096:OH",-0.519520787497459
"District","3905098:OH",-0.425952554281611
"District","3905100:OH",0.198600442186788
"District","3905102:OH",1.27107265312304
"District","3905104:OH",0.462538780090404
"District","3905106:OH",-0.709794308149601
"District","3905112:OH",-0.347742765052875
"District","3905114:OH",-0.408830259251224
"District","3905118:OH",0.246087304008291
"District","3905120:OH",0.644520011361578
"District","3905122:OH",-0.5632623820108
"District","3905124:OH",0.343734168403248
"District","3905128:OH",0.82020301629276
"District","3905130:OH",0.505335166815224
"District","3905133:OH",0.259365893529218
"District","3905135:OH",0.344398334767772
"District","3905137:OH",0.460606735912882
"District","3905139:OH",-0.473282881186974
"District","3905141:OH",1.16487365214887
"District","3905143:OH",0.851004024979966
"District","3905145:OH",-0.272436194502491
"District","3905147:OH",0.560872883262488
"District","3905149:OH",0.424172924113521
"District","3905153:OH",0.974979399287777
"District","3905160:OH",-0.551324946881343
"District","3905163:OH",-0.636440208590322
"District","3905165:OH",-0.395268989936458
"District","3905167:OH",0.28628418176773
"District","3905169:OH",-0.50552044365193
"District","3905171:OH",0.189673615895823
"District","3906190:OH",0.0517759821658679
"District","3906202:OH",-0.464315785714573
"District","3906206:OH",-0.512338359095979
"District","3906212:OH",0.426874704321031
"District","3906280:OH",0.0316468838749802
"District","3906349:OH",0.702389088926821
"District","3906351:OH",-0.393558863664835
"District","3906522:OH",-0.371095225769457
"District","3906526:OH",-0.554801761843678
"District","3906568:OH",-1.28802283018025
"District","3906968:OH",-0.815022056538195
"District","3910000:OH",0.738861891441547
"District","3910001:OH",-0.603357014842135
"District","3910002:OH",-0.626614485621889
"District","3910003:OH",-0.42155098596382
"District","3910004:OH",0.264150119018319
"District","3910005:OH",0.674988136938603
"District","3910006:OH",-0.757400508610474
"District","3910007:OH",-0.562725225029974
"District","3910008:OH",-0.731024496562964
"District","3910009:OH",-0.237078522409268
"District","3910010:OH",-0.332077327517647
"District","3910011:OH",-0.814725976374632
"District","3910012:OH",-0.211484427328644
"District","3910013:OH",-0.820490591447942
"District","3910014:OH",-0.212321409141701
"District","3910015:OH",-0.232081651791541
"District","3910016:OH",0.782941008346046
"District","3910017:OH",0.621740481571088
"District","3910018:OH",-0.80175062658931
"District","3910019:OH",0.639173188462618
"District","3910020:OH",-0.720916015439224
"District","3910021:OH",-0.747958000860142
"District","3910022:OH",0.30939664909682
"District","3910023:OH",-0.923064501013332
"District","3910024:OH",-0.265290983503856
"District","3910025:OH",1.05201711387925
"District","3910026:OH",-0.44539540403144
"District","3910027:OH",-0.77696878113001
"District","3910028:OH",1.02984349039395
"District","3910029:OH",0.567169087032834
"District","3910030:OH",-0.77923928897597
"District","3910031:OH",1.04636895018231
"District","3910032:OH",0.509253534668269
"District","3910033:OH",0.414700542466542
"District","4005490:OK",0.244103090257767
"District","4008850:OK",-0.460371958407863
"District","4010590:OK",0.357641719092927
"District","4010920:OK",0.404036471596904
"District","4015720:OK",-0.348249818421008
"District","4017250:OK",0.115366948804179
"District","4021000:OK",0.0611077793225715
"District","4030600:OK",1.34581444859311
"District","4100003:OR",0.359766483658685
"District","4100009:OR",-0.503692164947818
"District","4100014:OR",-0.263338315744883
"District","4100015:OR",-0.832392259481513
"District","4100016:OR",-0.603829293387052
"District","4100019:OR",-0.549416854030434
"District","4100020:OR",0.00378243232823025
"District","4100021:OR",0.0920531742838348
"District","4100023:OR",0.353361439081167
"District","4100036:OR",0.438610723349596
"District","4100040:OR",-0.44294131815417
"District","4100043:OR",0.0796426090834435
"District","4100047:OR",0.157493396868579
"District","4100048:OR",0.546741500683105
"District","4100640:OR",-0.410182710218553
"District","4101020:OR",0.714743528422248
"District","4101120:OR",-0.149238160368263
"District","4101200:OR",-0.665222945581541
"District","4101230:OR",-0.00418421979352025
"District","4101470:OR",-0.235371781703499
"District","4101560:OR",-0.884554413077196
"District","4101620:OR",-0.772479266923463
"District","4101660:OR",-0.514776630543968
"District","4101710:OR",1.18949072777167
"District","4101740:OR",0.806120253315245
"District","4101800:OR",-0.523868451037192
"District","4101830:OR",-0.663610385480758
"District","4101920:OR",0.501211123142567
"District","4101980:OR",-0.393705128911645
"District","4102040:OR",1.47070739685055
"District","4102160:OR",0.246778324777137
"District","4102310:OR",-0.122689265914876
"District","4102490:OR",-0.557322750888374
"District","4102580:OR",0.0394276011826453
"District","4102640:OR",0.0229806653630614
"District","4102780:OR",-0.599581692223801
"District","4102800:OR",0.29556278933872
"District","4102840:OR",-0.902606089355071
"District","4102910:OR",-0.545307419137193
"District","4102940:OR",-0.619083446867319
"District","4103260:OR",1.12927611019953
"District","4103265:OR",0.425046377284615
"District","4103270:OR",-0.488152083257265
"District","4103330:OR",-0.231108469686488
"District","4103390:OR",-0.865747128851391
"District","4103420:OR",1.02635511133121
"District","4103480:OR",0.392086757571466
"District","4103540:OR",-0.32510683091901
"District","4103600:OR",-0.329708650558543
"District","4103630:OR",-0.56150180206998
"District","4103660:OR",0.0763138123452524
"District","4103690:OR",-0.640919832465616
"District","4103720:OR",-0.969039005467092
"District","4103780:OR",-0.35732391125043
"District","4103840:OR",-0.511016950564193
"District","4103860:OR",0.750462494012588
"District","4103940:OR",-1.35795461552145
"District","4103960:OR",0.397893680011611
"District","4103990:OR",-0.590440112111822
"District","4104350:OR",0.432726629781003
"District","4104410:OR",-0.366741563769568
"District","4104500:OR",-1.24993425112453
"District","4104590:OR",-0.458157851102762
"District","4104620:OR",-0.446028886647656
"District","4104700:OR",0.751962893162068
"District","4104740:OR",0.300350949645778
"District","4104950:OR",-0.541237506578907
"District","4105080:OR",0.264026903081262
"District","4105100:OR",0.432150560127004
"District","4105160:OR",0.803702388704189
"District","4105250:OR",-0.569918404558359
"District","4105430:OR",0.337957554460962
"District","4105610:OR",1.53149765964824
"District","4105640:OR",-0.428149802206404
"District","4105670:OR",-0.16882180353797
"District","4105760:OR",-0.407648958060678
"District","4105910:OR",-0.423195140647393
"District","4106000:OR",0.66269433548292
"District","4106120:OR",-0.25948379903523
"District","4106270:OR",0.922496109836075
"District","4106300:OR",0.843778033369093
"District","4106510:OR",0.887163499623197
"District","4106600:OR",-0.122798753430613
"District","4106630:OR",0.173384739538701
"District","4106710:OR",-0.535256765517942
"District","4106740:OR",1.67609760137985
"District","4106780:OR",0.153883152600225
"District","4106820:OR",-0.169602647983402
"District","4106870:OR",0.686660219332824
"District","4106900:OR",-1.35661782899986
"District","4106930:OR",-0.281354423523654
"District","4107020:OR",-1.55190549930177
"District","4107080:OR",0.981816222321339
"District","4107200:OR",-0.345942665965546
"District","4107230:OR",-0.749473632143172
"District","4107280:OR",0.641017744649051
"District","4107380:OR",0.301953989263455
"District","4107500:OR",-0.331609207039072
"District","4107590:OR",-0.162071896575209
"District","4107710:OR",-0.241100973624585
"District","4107740:OR",0.662454861319235
"District","4107980:OR",1.76131707737845
"District","4108010:OR",0.926586240254584
"District","4108040:OR",0.862036219885842
"District","4108100:OR",-0.304314802316382
"District","4108160:OR",-0.64839876116012
"District","4108280:OR",1.64135827828283
"District","4108310:OR",-0.33879674739704
"District","4108430:OR",-0.400130154559496
"District","4108460:OR",-0.109135110902753
"District","4108520:OR",-1.07514287880738
"District","4108550:OR",-0.45664526731452
"District","4108650:OR",0.985608494233362
"District","4108700:OR",1.33129489450847
"District","4108720:OR",-0.312897545622674
"District","4108820:OR",-0.12444102492624
"District","4108830:OR",-2.14322798524996
"District","4108880:OR",0.515575798852419
"District","4108940:OR",-0.31567043349326
"District","4109000:OR",1.79988826093792
"District","4109120:OR",-0.524693780317489
"District","4109150:OR",-0.475652271689388
"District","4109270:OR",-0.414107368800731
"District","4109330:OR",-1.03947270295773
"District","4109430:OR",-0.374131738387315
"District","4109480:OR",-0.0322991453338055
"District","4109510:OR",-1.05319912445189
"District","4109530:OR",-0.350324152007338
"District","4109600:OR",-0.139938506583426
"District","4109630:OR",-0.870787027837669
"District","4109660:OR",-0.421468589858865
"District","4109720:OR",0.519514592052336
"District","4109870:OR",-0.679621264505315
"District","4110020:OR",-0.274482206702078
"District","4110040:OR",0.62109277414902
"District","4110080:OR",-0.190437007849005
"District","4110110:OR",1.13643998921475
"District","4110200:OR",-0.275492816682654
"District","4110350:OR",0.181238838225365
"District","4110410:OR",0.633805912870216
"District","4110520:OR",1.45872326270774
"District","4110530:OR",-0.406473146597354
"District","4110560:OR",0.476526857065362
"District","4110680:OR",-0.502178230064661
"District","4110710:OR",0.926065309432878
"District","4110820:OR",-0.0318974986475143
"District","4110890:OR",0.269489045518689
"District","4110980:OR",-0.539965613441879
"District","4111040:OR",1.0187608525276
"District","4111100:OR",-0.717583741910004
"District","4111220:OR",0.119642668851503
"District","4111250:OR",-0.304129288597089
"District","4111290:OR",1.7942847384981
"District","4111400:OR",-0.284000887704175
"District","4111450:OR",0.638378932913933
"District","4111490:OR",-0.686158030395785
"District","4111580:OR",0.54637425912162
"District","4111610:OR",-0.391844728422264
"District","4111640:OR",0.23868869010788
"District","4111670:OR",0.0212139219314579
"District","4111720:OR",0.452803966569995
"District","4111760:OR",-0.376898462578275
"District","4111790:OR",-0.123608888491251
"District","4111940:OR",0.70237893789232
"District","4111970:OR",1.06638938683881
"District","4112240:OR",1.01704520862097
"District","4112320:OR",1.2957281507276
"District","4112540:OR",1.20896648822844
"District","4112600:OR",-0.0811800155702902
"District","4112690:OR",-0.061843413898601
"District","4112930:OR",-0.502797272547414
"District","4112990:OR",-0.344236102179938
"District","4113080:OR",-0.580361682229817
"District","4113170:OR",0.995503527056603
"District","4113350:OR",-0.600037649281417
"District","4113490:OR",-0.776463487596593
"District","4113530:OR",-1.20671607706293
"District","4113650:OR",-0.356955802324264
"District","4180180:OR",-0.63883563834782
"District","4200003:PA",-0.12219084249544
"District","4200011:PA",-0.2941518691266
"District","4200013:PA",-0.393235672728794
"District","4200016:PA",-0.535029121657116
"District","4200018:PA",0.731591193806695
"District","4200021:PA",-0.309526733077427
"District","4200025:PA",0.624914728180083
"District","4200026:PA",-0.0892567224117395
"District","4200028:PA",-0.259944980737809
"District","4200030:PA",-0.796921823068828
"District","4200036:PA",1.79056138214849
"District","4200038:PA",-0.33182331448969
"District","4200040:PA",-0.502917771990622
"District","4200048:PA",-0.228683304779756
"District","4200050:PA",0.470348555002931
"District","4200051:PA",-0.455030496548325
"District","4200056:PA",1.62431485577361
"District","4200060:PA",-0.670729319895225
"District","4200062:PA",0.446251131674634
"District","4200063:PA",1.3123068454543
"District","4200064:PA",-0.259723737415425
"District","4200067:PA",0.120970876448603
"District","4200068:PA",1.14904036385098
"District","4200071:PA",-0.0462883384209926
"District","4200074:PA",-1.01293709996528
"District","4200076:PA",0.157629414278617
"District","4200077:PA",-0.206008972980044
"District","4200079:PA",-0.766955676848689
"District","4200084:PA",0.33493011108381
"District","4200085:PA",-0.501792500110325
"District","4200088:PA",0.186378760039284
"District","4200091:PA",-0.545072389421967
"District","4200093:PA",-0.83545975165287
"District","4200094:PA",1.11664859501703
"District","4200095:PA",-0.000484379136128601
"District","4200098:PA",-0.854229283438399
"District","4200099:PA",-0.711707976142004
"District","4200100:PA",-0.414214578096338
"District","4200101:PA",-0.157879112393871
"District","4200107:PA",-0.761347954389419
"District","4200108:PA",0.2647532955169
"District","4200114:PA",-0.403641160129345
"District","4200115:PA",1.34722399604436
"District","4200119:PA",-0.478727184759363
"District","4200123:PA",-0.671669623799993
"District","4200125:PA",1.99487918655086
"District","4200127:PA",0.53792535911029
"District","4200128:PA",-0.404459528666426
"District","4200133:PA",-0.307878655812002
"District","4200136:PA",0.506270976750978
"District","4200140:PA",-0.924103861939274
"District","4200143:PA",-0.917096706848876
"District","4200144:PA",-0.0686385914127004
"District","4200145:PA",0.790249368024092
"District","4200749:PA",-0.065639141863936
"District","4200760:PA",0.680043093264089
"District","4200761:PA",0.492597636939185
"District","4200812:PA",-0.713563902264039
"District","4200816:PA",-0.562352113065306
"District","4200819:PA",-0.60074592976317
"District","4200821:PA",-0.714826926885407
"District","4200824:PA",-0.874058556954154
"District","4200835:PA",-0.471499613341225
"District","4200841:PA",-0.353526498313267
"District","4200843:PA",-1.07391134865924
"District","4200846:PA",1.21456150702612
"District","4200851:PA",0.168231684588381
"District","4200852:PA",0.0197033361205486
"District","4200856:PA",-0.720649921782744
"District","4200857:PA",-0.160205843667454
"District","4200858:PA",0.46581083762196
"District","4200876:PA",-0.614577815021584
"District","4200879:PA",-0.561305844334074
"District","4200882:PA",-0.495800201305671
"District","4200886:PA",-0.704749554978833
"District","4200887:PA",-0.0611532159400957
"District","4200891:PA",-0.839782147819571
"District","4200894:PA",-0.625619219185421
"District","4200895:PA",-0.703522565551736
"District","4200896:PA",-0.7133494829735
"District","4200898:PA",-1.03213500611863
"District","4202010:PA",0.0230461010369565
"District","4202040:PA",-0.494302760956391
"District","4202100:PA",0.880374630579683
"District","4202130:PA",-0.631094805376322
"District","4202190:PA",0.539886461870416
"District","4202280:PA",1.72164734917216
"District","4202310:PA",-0.430901664220014
"District","4202340:PA",-0.0205981401356692
"District","4202400:PA",-0.176791339377298
"District","4202440:PA",-0.357595044455997
"District","4202480:PA",-0.351709532250407
"District","4202490:PA",-1.00286219020175
"District","4202550:PA",-0.428706476006545
"District","4202590:PA",1.16482826094857
"District","4202600:PA",-0.144648985734054
"District","4202670:PA",-0.494980649136279
"District","4202700:PA",0.368428740445208
"District","4202760:PA",0.38146781328892
"District","4202790:PA",-0.335260321380583
"District","4202820:PA",0.716529239946002
"District","4202850:PA",-0.128225890441635
"District","4202900:PA",0.549965939248949
"District","4202910:PA",-0.824345317148452
"District","4202970:PA",0.43752808013538
"District","4203000:PA",0.720296477358258
"District","4203120:PA",-1.12158759301089
"District","4203180:PA",0.845771381957416
"District","4203210:PA",0.922274291714563
"District","4203240:PA",-0.188465815377291
"District","4203300:PA",-0.036604043412954
"District","4203330:PA",-1.22670322571334
"District","4203360:PA",1.03875590105289
"District","4203390:PA",0.606906532619294
"District","4203420:PA",0.979714505395484
"District","4203450:PA",-0.579729393495712
"District","4203480:PA",0.0401570927044651
"District","4203510:PA",0.225665532575634
"District","4203570:PA",0.757135551294186
"District","4203600:PA",-0.443210439673324
"District","4203630:PA",1.4438524736457
"District","4203660:PA",0.791736428426631
"District","4203688:PA",1.12611253659017
"District","4203690:PA",0.346894044746462
"District","4203750:PA",0.162782218022128
"District","4203840:PA",-0.0973034832825012
"District","4203870:PA",-1.0833255131094
"District","4203900:PA",0.0166711233092238
"District","4203960:PA",1.7377822936202
"District","4204020:PA",-0.865762963462837
"District","4204050:PA",0.475872664675371
"District","4204080:PA",0.617835482159106
"District","4204140:PA",0.418809475555145
"District","4204200:PA",-0.575699335852113
"District","4204230:PA",-0.0958208210916398
"District","4204260:PA",-0.701059963537596
"District","4204320:PA",0.704306305465963
"District","4204500:PA",-0.117968387444162
"District","4204530:PA",0.0293053485975287
"District","4204590:PA",0.373874853672163
"District","4204710:PA",1.41287206892585
"District","4204740:PA",1.03008045071173
"District","4204830:PA",-0.263724681288739
"District","4204860:PA",0.137272077258944
"District","4204890:PA",-1.31722102217793
"District","4204920:PA",-0.035679883932319
"District","4204980:PA",-0.083281386981392
"District","4205010:PA",0.179862714494069
"District","4205040:PA",-0.126348892329927
"District","4205070:PA",-0.393325487556685
"District","4205160:PA",0.383628045807675
"District","4205190:PA",0.0170424082069582
"District","4205310:PA",-0.262370763205709
"District","4205340:PA",0.724841978496986
"District","4205370:PA",-0.813008220281344
"District","4205400:PA",1.89450292966099
"District","4205430:PA",-0.101094127955001
"District","4205460:PA",0.105402843125908
"District","4205490:PA",-0.230089601273397
"District","4205550:PA",0.255794133948859
"District","4205640:PA",0.344233086085298
"District","4205700:PA",0.311462904653323
"District","4205730:PA",-0.392950994256079
"District","4205760:PA",0.41417252436671
"District","4205860:PA",-0.303816810772707
"District","4205880:PA",-0.741614975601024
"District","4205910:PA",-0.428263709636549
"District","4206030:PA",-0.0123613742729268
"District","4206060:PA",0.338587618191399
"District","4206090:PA",0.680507189654134
"District","4206120:PA",0.735542839960451
"District","4206150:PA",-0.768825957234212
"District","4206240:PA",-1.00106487722278
"District","4206270:PA",-0.524174124532848
"District","4206360:PA",-0.560016212446097
"District","4206365:PA",0.804253522992914
"District","4206390:PA",0.83060418252645
"District","4206420:PA",-0.577207987362507
"District","4206430:PA",0.278825798582719
"District","4206480:PA",-0.194069153458485
"District","4206550:PA",-0.297975527940351
"District","4206590:PA",-0.0322128190020291
"District","4206660:PA",-0.303565315773688
"District","4206780:PA",0.997059640890681
"District","4206810:PA",0.362498086544967
"District","4206840:PA",0.445854634762648
"District","4206860:PA",0.104011882877271
"District","4206930:PA",0.184554805514231
"District","4206960:PA",-0.258401337394506
"District","4207050:PA",-0.126879031577049
"District","4207080:PA",0.407747933835561
"District","4207110:PA",-0.0988779722008048
"District","4207140:PA",0.466060473992058
"District","4207200:PA",-0.910497597191312
"District","4207230:PA",-0.428679108730435
"District","4207290:PA",0.264315195770375
"District","4207320:PA",-0.0486672964586986
"District","4207385:PA",-1.1428159612787
"District","4207530:PA",-1.45189112874643
"District","4207540:PA",-0.617847263457706
"District","4207560:PA",-0.143216867309326
"District","4207590:PA",-0.654841470827094
"District","4207650:PA",-0.905847886048872
"District","4207680:PA",0.164365904610686
"District","4207710:PA",-0.0724548246286066
"District","4207830:PA",-0.362905490265355
"District","4207980:PA",0.380918198237481
"District","4208060:PA",1.12951974631918
"District","4208280:PA",0.159925382234983
"District","4208460:PA",1.03779479755456
"District","4208490:PA",0.892481812428088
"District","4208550:PA",-0.153466845904106
"District","4208580:PA",1.30643810925367
"District","4208670:PA",1.27478419975835
"District","4208790:PA",1.45794823235335
"District","4208820:PA",-1.2617768693975
"District","4208850:PA",0.0538240794669134
"District","4209090:PA",0.120491047497388
"District","4209120:PA",0.673481747709715
"District","4209150:PA",-0.306615052870377
"District","4209240:PA",1.59944898988904
"District","4209270:PA",-0.0790383864466157
"District","4209300:PA",0.362086604696803
"District","4209360:PA",-0.308079030593656
"District","4209480:PA",0.22557791186518
"District","4209540:PA",0.667249904900882
"District","4209570:PA",-0.113259881374056
"District","4209600:PA",0.491233862797005
"District","4209660:PA",0.880716474943295
"District","4209690:PA",-0.52389197715621
"District","4209750:PA",-0.00202198134568457
"District","4209780:PA",0.0535747024071626
"District","4209870:PA",0.0726853557545779
"District","4209930:PA",-0.0806077535921273
"District","4209931:PA",-0.184384847074874
"District","4209932:PA",2.58643700292944
"District","4209933:PA",-0.255637100436431
"District","4209934:PA",0.393091416558461
"District","4209940:PA",0.129210228486048
"District","4209960:PA",-0.806816049386798
"District","4209990:PA",-0.823223998171443
"District","4210070:PA",-0.705416805158661
"District","4210110:PA",0.211594237568951
"District","4210115:PA",-0.0597647617778101
"District","4210200:PA",-0.891381567515266
"District","4210230:PA",0.267681477772135
"District","4210350:PA",-0.429349332569185
"District","4210380:PA",0.440997987587711
"District","4210440:PA",-0.954376497557101
"District","4210530:PA",-0.679694713194726
"District","4210590:PA",0.525380958821975
"District","4210620:PA",-0.320770421955285
"District","4210650:PA",1.16581087805218
"District","4210710:PA",-0.462529996704218
"District","4210740:PA",0.553620185885918
"District","4210830:PA",0.071314267493866
"District","4210860:PA",-0.771641797548107
"District","4210870:PA",0.29774498285203
"District","4210920:PA",-0.242174608304315
"District","4210950:PA",0.41635200784398
"District","4210980:PA",0.0121817518073319
"District","4211010:PA",0.0363130074920296
"District","4211160:PA",-0.646220548444671
"District","4211190:PA",-0.247293969979816
"District","4211220:PA",-0.28422486896177
"District","4211310:PA",-0.804222217988231
"District","4211340:PA",-0.535447072978417
"District","4211400:PA",0.0545199487225019
"District","4211420:PA",0.685490313978857
"District","4211450:PA",-0.229392621615808
"District","4211490:PA",-1.0022198145043
"District","4211520:PA",0.00285574787909746
"District","4211580:PA",1.12246572912173
"District","4211610:PA",0.988458524749538
"District","4211670:PA",-0.142933464493968
"District","4211700:PA",0.523176983497747
"District","4211730:PA",-0.245851525420172
"District","4211760:PA",-0.00518646317503492
"District","4211790:PA",-0.296145984039767
"District","4211820:PA",0.326307997423243
"District","4211880:PA",-0.530045621335036
"District","4211940:PA",0.423316946724154
"District","4212030:PA",0.288426102770226
"District","4212090:PA",-0.364670168998174
"District","4212150:PA",-0.127597688723984
"District","4212170:PA",0.659594397515582
"District","4212210:PA",-0.754278856925614
"District","4212300:PA",-0.511602984557259
"District","4212330:PA",1.30640766362953
"District","4212335:PA",-0.910010826876927
"District","4212390:PA",0.314179495361326
"District","4212420:PA",0.190990318426866
"District","4212480:PA",0.330526226405608
"District","4212540:PA",1.72155990204535
"District","4212570:PA",1.13238447333527
"District","4212600:PA",0.310399382086794
"District","4212630:PA",0.433521829699513
"District","4212660:PA",1.04244960309852
"District","4212690:PA",-0.714279501505334
"District","4212720:PA",-0.709875921148866
"District","4212725:PA",-1.19519102927559
"District","4212750:PA",0.429017988150744
"District","4212840:PA",-0.139244914042825
"District","4212930:PA",-0.503785057555044
"District","4212990:PA",0.454793408808269
"District","4213020:PA",-0.273669830693891
"District","4213050:PA",-0.725247652347322
"District","4213080:PA",0.812639630652755
"District","4213110:PA",-0.090237357671767
"District","4213140:PA",-0.338006412192843
"District","4213290:PA",-0.382694493408075
"District","4213320:PA",-0.228453187051871
"District","4213380:PA",0.59845572097291
"District","4213390:PA",0.250955494969322
"District","4213440:PA",0.0833045241167413
"District","4213470:PA",-0.473390417743877
"District","4213500:PA",1.39766882805643
"District","4213590:PA",1.05557144901058
"District","4213710:PA",-0.207055085426026
"District","4213770:PA",0.275129995730751
"District","4213980:PA",0.393031698758812
"District","4214100:PA",1.17557820988331
"District","4214160:PA",0.135756967189135
"District","4214190:PA",0.0932364020309864
"District","4214250:PA",-0.235785226664278
"District","4214310:PA",0.267723649785937
"District","4214430:PA",-0.442107649443013
"District","4214460:PA",-0.909035743129184
"District","4214550:PA",0.189336083475752
"District","4214580:PA",-0.800511791334588
"District","4214730:PA",1.08922598997826
"District","4214760:PA",0.455763709899861
"District","4214790:PA",-1.25857740524025
"District","4214850:PA",-0.71217515983013
"District","4214880:PA",0.474826040388393
"District","4214940:PA",-0.908047175302191
"District","4215030:PA",-0.608561207213079
"District","4215120:PA",0.0331654951954803
"District","4215150:PA",-0.5796659879454
"District","4215170:PA",1.52582467427364
"District","4215210:PA",-1.01467559782091
"District","4215240:PA",-0.800434564590884
"District","4215290:PA",0.297623301386515
"District","4215330:PA",0.379653782846695
"District","4215360:PA",-0.539712415959206
"District","4215450:PA",0.0232504391019834
"District","4215480:PA",0.244360904136041
"District","4215510:PA",0.553757201050024
"District","4215540:PA",-0.516666282923415
"District","4215600:PA",0.281618766265394
"District","4215660:PA",-0.776900803788084
"District","4215720:PA",0.0337996862707494
"District","4215750:PA",-0.987578093173176
"District","4215810:PA",-0.227573597244507
"District","4215830:PA",-0.145852249926768
"District","4215900:PA",-0.0716058010578258
"District","4215960:PA",-0.397389673372317
"District","4215990:PA",0.0967419580397797
"District","4216020:PA",-0.653663050052189
"District","4216050:PA",-0.614811998013519
"District","4216110:PA",-0.00236281503894032
"District","4216170:PA",1.84324893809553
"District","4216200:PA",-0.719762296965181
"District","4216230:PA",-0.236878171354335
"District","4216290:PA",-0.305404825446294
"District","4216380:PA",-0.936474223513095
"District","4216410:PA",-0.790028511511721
"District","4216440:PA",0.83431352008146
"District","4216500:PA",-0.145104707315977
"District","4216530:PA",0.760869025316209
"District","4216620:PA",0.546129340148129
"District","4216740:PA",-0.824912850216311
"District","4216860:PA",-0.0540942250805784
"District","4216890:PA",0.677775469547329
"District","4216980:PA",-0.416356814516501
"District","4217010:PA",0.558112506677293
"District","4217100:PA",-0.679415832630182
"District","4217130:PA",0.751278491218387
"District","4217160:PA",-0.00877048475862984
"District","4217220:PA",1.073178839006
"District","4217280:PA",-1.35510746918613
"District","4217310:PA",-0.13577568574183
"District","4217370:PA",-0.769916209428599
"District","4217430:PA",1.15552487398696
"District","4217460:PA",1.00794042380456
"District","4217520:PA",1.00553494466602
"District","4217580:PA",-0.843175165009772
"District","4217610:PA",1.16197912543307
"District","4217640:PA",-0.449770883268732
"District","4217670:PA",-0.806865199775219
"District","4217700:PA",-0.50392141595167
"District","4217730:PA",-0.0679611887648807
"District","4217760:PA",-0.40556112659174
"District","4217770:PA",0.179697264296517
"District","4217790:PA",0.114786489552445
"District","4217850:PA",-0.703176549635289
"District","4217880:PA",-0.115372966963653
"District","4217940:PA",0.465432635288691
"District","4218030:PA",-0.168828786340682
"District","4218090:PA",-0.801530629036241
"District","4218120:PA",0.643203386229857
"District","4218150:PA",-0.201491999978996
"District","4218210:PA",0.259446310347223
"District","4218240:PA",0.613709545608137
"District","4218270:PA",-0.945807577502391
"District","4218300:PA",0.34803764491284
"District","4218330:PA",0.393605211645346
"District","4218360:PA",1.31413101777351
"District","4218390:PA",-0.297980348864612
"District","4218450:PA",1.63035840701
"District","4218510:PA",0.00474964324721632
"District","4218570:PA",-0.332028862033007
"District","4218580:PA",0.380830548993108
"District","4218590:PA",-0.944442360543177
"District","4218630:PA",0.251349315151328
"District","4218660:PA",0.651760062000989
"District","4218740:PA",-1.43712932422467
"District","4218750:PA",-0.129192656169154
"District","4218780:PA",0.363352908544753
"District","4218810:PA",-1.03768084972135
"District","4218840:PA",-0.287730725797412
"District","4218900:PA",-0.135644208838568
"District","4218930:PA",-0.068652732651522
"District","4218960:PA",0.630917831825741
"District","4218990:PA",-0.552898292461456
"District","4219020:PA",-0.210352562748926
"District","4219050:PA",0.666074893220054
"District","4219140:PA",-0.697413889496077
"District","4219170:PA",0.26811226826676
"District","4219200:PA",-0.14078518029238
"District","4219290:PA",-0.907615618578879
"District","4219350:PA",0.266673572869698
"District","4219470:PA",0.461128675556042
"District","4219500:PA",0.368667383008727
"District","4219530:PA",-0.681547810974226
"District","4219560:PA",0.399808333155032
"District","4219650:PA",0.508024899141694
"District","4219680:PA",-0.729032912176801
"District","4219710:PA",-0.471784821692609
"District","4219800:PA",-0.995570269227603
"District","4219830:PA",0.818269825134041
"District","4219860:PA",1.05817033237418
"District","4219890:PA",0.14000941630283
"District","4219920:PA",0.451818019795139
"District","4220040:PA",0.797323278679682
"District","4220100:PA",0.315619694112438
"District","4220130:PA",0.337098811002641
"District","4220220:PA",-0.70113480732161
"District","4220250:PA",-1.06926041378042
"District","4220310:PA",-0.110211299551895
"District","4220370:PA",-0.136965872796785
"District","4220400:PA",-0.000632162789539476
"District","4220430:PA",-0.0977092251513608
"District","4220460:PA",0.232026466971124
"District","4220520:PA",-0.843174742105388
"District","4220550:PA",-0.753733522398656
"District","4220580:PA",0.368446542247266
"District","4220640:PA",0.50931611366303
"District","4220730:PA",0.738989924898068
"District","4220760:PA",-0.497542782132293
"District","4220850:PA",-0.7317144801797
"District","4220910:PA",-0.707000208991603
"District","4220970:PA",0.0945797052943712
"District","4221090:PA",-1.26057471024936
"District","4221120:PA",-1.16700413244812
"District","4221150:PA",0.396734859097092
"District","4221180:PA",-0.14303037659745
"District","4221200:PA",-0.358366788569021
"District","4221240:PA",-0.717674755242342
"District","4221270:PA",0.96259275998541
"District","4221330:PA",-0.59792784688299
"District","4221420:PA",-0.824038554037925
"District","4221490:PA",0.979182538107495
"District","4221510:PA",0.852076461031067
"District","4221540:PA",0.282132360706904
"District","4221570:PA",-0.681626538453745
"District","4221660:PA",0.0239282865745044
"District","4221690:PA",-0.650120702239705
"District","4221810:PA",-0.202917225793314
"District","4221840:PA",-0.753690614908097
"District","4221870:PA",0.270496220795365
"District","4221910:PA",0.456537293799432
"District","4221930:PA",0.508281402968002
"District","4222050:PA",-0.640667831699816
"District","4222060:PA",0.0143568016942494
"District","4222140:PA",0.317983257252126
"District","4222170:PA",1.7931751628095
"District","4222200:PA",0.534001946034681
"District","4222230:PA",1.04641471794215
"District","4222260:PA",0.919937370727822
"District","4222290:PA",-0.281633754496011
"District","4222320:PA",0.261834875008247
"District","4222350:PA",-0.199865635328985
"District","4222370:PA",-0.501860956934352
"District","4222380:PA",0.971427956266764
"District","4222400:PA",0.18414530635866
"District","4222410:PA",0.668334188007758
"District","4222440:PA",0.405169335316301
"District","4222470:PA",0.293843531900048
"District","4222530:PA",0.259264654125417
"District","4222560:PA",-0.086501605137152
"District","4222590:PA",0.423054330372288
"District","4222600:PA",0.324094001257639
"District","4222620:PA",0.843986506895756
"District","4222740:PA",-1.03043613329735
"District","4222770:PA",-0.448937876231232
"District","4222790:PA",1.4521392489652
"District","4222800:PA",-0.693174556042765
"District","4222830:PA",-0.668789506243582
"District","4222860:PA",-1.46695776811133
"District","4222920:PA",-0.568176473963291
"District","4222980:PA",0.592082139715566
"District","4223010:PA",-0.79760280647157
"District","4223040:PA",0.601152639615513
"District","4223220:PA",0.481153255011575
"District","4223250:PA",0.0638221457431116
"District","4223490:PA",0.370503317037796
"District","4223550:PA",-0.230141344678019
"District","4223640:PA",-0.147723811003763
"District","4223700:PA",-0.089249300495399
"District","4223760:PA",1.10411983712631
"District","4223790:PA",-0.80874571307159
"District","4223820:PA",0.692171627613692
"District","4223850:PA",-0.525870731865387
"District","4223880:PA",-0.405682806338684
"District","4223970:PA",-0.585194137504606
"District","4224000:PA",0.247494278387089
"District","4224030:PA",0.280220357349415
"District","4224060:PA",0.643331590304557
"District","4224090:PA",-0.76938169421999
"District","4224120:PA",-0.596110468111004
"District","4224150:PA",0.870435279218478
"District","4224210:PA",-0.271094110969583
"District","4224240:PA",0.411106707046272
"District","4224300:PA",0.279219533353298
"District","4224320:PA",-0.165065357242777
"District","4224360:PA",-0.791795855799549
"District","4224390:PA",-0.271646989581803
"District","4224480:PA",-0.536354034622699
"District","4224510:PA",-0.243369567695265
"District","4224540:PA",-0.0724626453442407
"District","4224570:PA",-0.279693666026346
"District","4224630:PA",-0.17235049105668
"District","4224650:PA",-0.531767701346737
"District","4224750:PA",0.578701600059827
"District","4224790:PA",0.330251070373545
"District","4224820:PA",-0.264694412667056
"District","4224870:PA",-0.374957965859078
"District","4224960:PA",0.496600914773678
"District","4224970:PA",-0.630626989820079
"District","4224990:PA",0.301667704390543
"District","4225080:PA",-0.290896261295345
"District","4225110:PA",-0.601518283363032
"District","4225140:PA",-0.259149651692427
"District","4225170:PA",0.137046497895519
"District","4225200:PA",0.0768364072516651
"District","4225230:PA",0.000201965498510849
"District","4225290:PA",0.0287946350559533
"District","4225440:PA",0.201070968750444
"District","4225590:PA",0.266199596490112
"District","4225650:PA",0.193274466706017
"District","4225680:PA",-0.262403998911942
"District","4225740:PA",0.131265104816462
"District","4225830:PA",-1.75110432993361
"District","4225870:PA",-0.864757042332978
"District","4225950:PA",-0.134426426933938
"District","4225980:PA",0.816165152778486
"District","4226010:PA",0.59127431316878
"District","4226040:PA",-0.276343070228827
"District","4226070:PA",0.469503151975523
"District","4226130:PA",-0.0258836368848915
"District","4226250:PA",0.692547742491864
"District","4226300:PA",-0.164270955457273
"District","4226390:PA",1.19504881535554
"District","4226400:PA",-0.228085340323176
"District","4226430:PA",-0.657714097991905
"District","4226460:PA",-0.704109165908034
"District","4226520:PA",1.12515104388758
"District","4226550:PA",0.0761201892291945
"District","4226580:PA",-0.86918594881925
"District","4226610:PA",0.0336510724659801
"District","4226700:PA",0.207285659475563
"District","4226730:PA",-0.0677485520419564
"District","4226760:PA",2.39017084618356
"District","4226810:PA",0.561827322740156
"District","4226820:PA",-0.871144290013018
"District","4226850:PA",0.0143841174993978
"District","4280020:PA",1.13896708915305
"District","4280090:PA",-1.2749394815984
"District","4280130:PA",-0.875232609520325
"District","4280220:PA",-0.952290133315351
"District","4280230:PA",-0.0737069249324081
"District","4280270:PA",-0.425809521419019
"District","4280280:PA",0.559302682421016
"District","4280290:PA",-0.267466246002772
"District","4280300:PA",-0.255689202447549
"District","4280420:PA",-0.516383036188038
"District","4280491:PA",-0.132386194761479
"District","4280500:PA",-0.110682059479496
"District","4280620:PA",-0.390946942992806
"District","4500001:SC",-0.67271750311993
"District","4500002:SC",-0.0422255747383042
"District","4500004:SC",-0.103214066326682
"District","4500690:SC",0.181851868828143
"District","4500720:SC",0.358075444379572
"District","4500750:SC",-0.575279908919203
"District","4500780:SC",0.0728402334413217
"District","4500810:SC",-0.0723776366111649
"District","4500840:SC",-0.535583835262548
"District","4500870:SC",-0.0233137206893255
"District","4500900:SC",2.23567188767141
"District","4500930:SC",0.307563827688382
"District","4500960:SC",-0.0220598189804818
"District","4501020:SC",0.047867456410251
"District","4501050:SC",-0.306373820433489
"District","4501080:SC",0.465373877418708
"District","4501110:SC",-1.81988408230928
"District","4501170:SC",0.716398287735949
"District","4501250:SC",0.0441133635475727
"District","4501440:SC",0.783782138850544
"District","4501500:SC",-0.0429855115722315
"District","4501530:SC",0.44064800792254
"District","4501560:SC",0.760573568379326
"District","4501740:SC",-0.0678688610173981
"District","4501770:SC",-0.481179438182414
"District","4501800:SC",-0.0263997667007265
"District","4501830:SC",0.214755312174818
"District","4501860:SC",-2.52748241410372
"District","4501920:SC",-0.646716511325406
"District","4501950:SC",-0.192070717702506
"District","4502010:SC",0.601682165228267
"District","4502070:SC",0.507436067150479
"District","4502100:SC",0.295961491910005
"District","4502130:SC",0.322220302484159
"District","4502160:SC",0.400156038655542
"District","4502190:SC",0.193246964177862
"District","4502220:SC",0.840281493593987
"District","4502250:SC",0.00830770203478765
"District","4502280:SC",0.163487320784565
"District","4502310:SC",0.148613628747766
"District","4502340:SC",0.276255480381775
"District","4502370:SC",0.557745813737624
"District","4502400:SC",0.826670186595557
"District","4502430:SC",-0.592605449091262
"District","4502460:SC",0.431815735279968
"District","4502490:SC",0.0319912838600134
"District","4502520:SC",0.377304057200767
"District","4502550:SC",0.252549152653249
"District","4502580:SC",-0.109534033866442
"District","4502610:SC",0.441906754745549
"District","4502640:SC",0.280806959526965
"District","4502670:SC",-0.182353985968342
"District","4502700:SC",0.116454904319
"District","4502730:SC",0.313010297089589
"District","4502760:SC",0.377150586486491
"District","4502790:SC",-1.74753133576678
"District","4502820:SC",0.618908326367811
"District","4502970:SC",-0.766927392516852
"District","4503000:SC",0.53097886045572
"District","4503030:SC",-0.641339922547065
"District","4503060:SC",0.557995664376431
"District","4503330:SC",0.589403891497113
"District","4503360:SC",0.867651678398378
"District","4503390:SC",-3.3025598368885
"District","4503420:SC",-0.408060179367658
"District","4503460:SC",-0.584162757199512
"District","4503480:SC",-0.461356745462161
"District","4503510:SC",-0.0972691994808458
"District","4503540:SC",-0.415297795014069
"District","4503570:SC",0.466326559254034
"District","4503600:SC",0.285317160004494
"District","4503630:SC",0.486622320011926
"District","4503660:SC",0.195336504510193
"District","4503750:SC",-0.225695212830993
"District","4503780:SC",-0.902392060439661
"District","4503810:SC",0.725071912940923
"District","4503840:SC",0.8418753305842
"District","4503870:SC",0.423470280500379
"District","4503900:SC",0.342909665725074
"District","4503901:SC",0.215952799066066
"District","4503902:SC",-0.198262374640374
"District","4503903:SC",-0.471660768991427
"District","4503904:SC",-0.869840071836206
"District","4503907:SC",0.612962059820958
"District","4503908:SC",-0.145762774686987
"District","4503909:SC",-0.354941854600638
"District","4503910:SC",0.695792090123349
"District","4503913:SC",-0.114360265507272
"District","4600002:SD",0.473901816351624
"District","4600003:SD",1.99290971324492
"District","4600025:SD",0.718627501484304
"District","4600027:SD",0.13664750834058
"District","4600028:SD",0.270420954055917
"District","4600029:SD",0.167396373034787
"District","4600036:SD",0.154796320007801
"District","4600041:SD",-0.170910826248697
"District","4600042:SD",-0.468480140954081
"District","4600045:SD",-0.80528052700132
"District","4600046:SD",-0.222887713912387
"District","4600052:SD",0.296500876041624
"District","4600053:SD",1.04545515391731
"District","4601026:SD",-0.167143920716251
"District","4601027:SD",0.75595126126772
"District","4601028:SD",-0.157514584249846
"District","4602070:SD",0.12503505654224
"District","4602640:SD",1.11032961289063
"District","4603720:SD",0.906415187093975
"District","4603780:SD",-0.530606272621953
"District","4603932:SD",-0.146967360084221
"District","4604270:SD",0.000821812556539296
"District","4604680:SD",-0.206913797943658
"District","4605610:SD",-0.683708667227629
"District","4606240:SD",-0.422505419436508
"District","4606360:SD",-0.027173192557301
"District","4607050:SD",-0.0708370434496471
"District","4607400:SD",-0.707037210558836
"District","4607800:SD",-0.143297929779731
"District","4607950:SD",0.176697189232926
"District","4608520:SD",0.963521881980358
"District","4609300:SD",0.485646344684755
"District","4609512:SD",-0.193023404984615
"District","4610320:SD",-0.566746438348216
"District","4610560:SD",0.188104671459287
"District","4611280:SD",-0.639073263295919
"District","4611760:SD",0.973008492596078
"District","4612000:SD",-0.590979588105567
"District","4612300:SD",-0.00158985884044148
"District","4612940:SD",-0.649318739634792
"District","4614100:SD",-0.618268266449714
"District","4614130:SD",0.298528763263466
"District","4616950:SD",-0.425614440783794
"District","4617850:SD",-0.294198140695939
"District","4618120:SD",0.410927185479095
"District","4619170:SD",-0.30951500744178
"District","4619410:SD",0.011637370150123
"District","4619450:SD",-0.399810479515187
"District","4619580:SD",-0.469252205961521
"District","4620100:SD",0.345694523976119
"District","4620850:SD",0.457419541968237
"District","4621300:SD",-0.086764712146631
"District","4621340:SD",-0.53594942936625
"District","4621390:SD",0.112297279624102
"District","4621400:SD",0.000724775052390395
"District","4621420:SD",0.127590394232165
"District","4622410:SD",1.79325059085129
"District","4622500:SD",0.228900401369293
"District","4622560:SD",0.151207564263985
"District","4622940:SD",-0.604246580477945
"District","4624030:SD",0.244198115806876
"District","4624390:SD",1.09200920643579
"District","4624540:SD",-0.349483865336642
"District","4624850:SD",-0.15839098949476
"District","4625500:SD",0.276184182735265
"District","4626370:SD",0.343863073466734
"District","4626490:SD",0.0678435956040717
"District","4626970:SD",0.00185056033410173
"District","4629880:SD",0.272424704856141
"District","4630490:SD",-0.62968725005736
"District","4630800:SD",-0.868410693036523
"District","4631350:SD",-1.13982078072362
"District","4631710:SD",1.02484840481593
"District","4632340:SD",0.0517302676491188
"District","4632430:SD",0.604329420462615
"District","4633360:SD",-0.463868487962086
"District","4634440:SD",-0.0195901011839805
"District","4634480:SD",-0.32447687749204
"District","4634600:SD",0.27451001639683
"District","4635480:SD",-0.246404737404415
"District","4636060:SD",-0.376253179743156
"District","4636150:SD",-0.127810066446996
"District","4636990:SD",-0.190284200222891
"District","4638220:SD",-0.0445151143731937
"District","4639540:SD",-0.313410111542922
"District","4639600:SD",1.11429111199646
"District","4639990:SD",0.0905915750570546
"District","4640860:SD",-0.163701392909755
"District","4641300:SD",0.23133175767826
"District","4641520:SD",0.332807151387015
"District","4641550:SD",-0.160009904194811
"District","4641640:SD",-0.000966500361583198
"District","4644770:SD",-0.524566843936424
"District","4644940:SD",0.840118629287886
"District","4645450:SD",0.105152929318231
"District","4646260:SD",-0.260026649998089
"District","4646380:SD",0.785310045572833
"District","4647100:SD",-0.564594452592966
"District","4647942:SD",-0.119935379575215
"District","4648390:SD",0.71177125547178
"District","4648780:SD",0.735100176403331
"District","4649650:SD",-0.270850466433028
"District","4650670:SD",-0.606269192150019
"District","4650850:SD",-0.412745905171893
"District","4651750:SD",0.136507985728599
"District","4652770:SD",-0.306482681046558
"District","4654270:SD",-0.229197644822766
"District","4654300:SD",0.0612954803188372
"District","4655260:SD",0.282952816192662
"District","4655710:SD",0.15298613624419
"District","4659820:SD",-0.647224369147253
"District","4660450:SD",-0.31321354872477
"District","4663360:SD",-0.187236665315472
"District","4664140:SD",0.65105670322487
"District","4665180:SD",0.171727252024755
"District","4665460:SD",0.270423415827325
"District","4666270:SD",-0.804277924489975
"District","4666300:SD",0.263935107862097
"District","4666930:SD",-1.34940078339063
"District","4669930:SD",-0.0547364299829119
"District","4670140:SD",0.0740372503132112
"District","4671880:SD",0.0267507227010406
"District","4672090:SD",-0.834845668874841
"District","4672450:SD",0.116865022659784
"District","4674370:SD",-0.457831711339763
"District","4674520:SD",0.178193572128871
"District","4675420:SD",1.01219603188582
"District","4675600:SD",-0.312139437621855
"District","4675660:SD",-0.654568176688221
"District","4676020:SD",0.346884317916547
"District","4676620:SD",-0.292992567951483
"District","4676680:SD",-0.090833707576278
"District","4676740:SD",-0.0426457662421923
"District","4676990:SD",0.47677382904014
"District","4677460:SD",-0.834701683520894
"District","4678300:SD",-0.0732995594407382
"District","4678510:SD",0.76968749946712
"District","4678570:SD",0.0438877169910791
"District","4679350:SD",0.000727811312190886
"District","4679710:SD",0.0446862254016648
"District","4680100:SD",-0.625680125947954
"District","4680120:SD",-0.184592015734383
"District","4680190:SD",0.587751209237553
"District","4680430:SD",-0.770409902298772
"District","4680437:SD",-0.325187451590494
"District","4680438:SD",-0.690284734738795
"District","4680439:SD",0.926164396309998
"District","4680440:SD",-0.0179350682040307
"District","4680441:SD",-0.516308695411895
"District","4680445:SD",-0.0187542526154242
"District","4800001:TX",0.0258325319584283
"District","4800002:TX",-0.360088356503432
"District","4800003:TX",-0.366921436317824
"District","4800004:TX",-0.416709004452145
"District","4800005:TX",-0.434801576264773
"District","4800006:TX",1.06759144514338
"District","4800007:TX",-0.312383015929665
"District","4800008:TX",-0.101979676570276
"District","4800009:TX",-0.644040780105572
"District","4800010:TX",-0.331036004569697
"District","4800011:TX",-0.98238620892372
"District","4800012:TX",0.44470426207582
"District","4800014:TX",0.994701801808013
"District","4800016:TX",-2.33420414605781
"District","4800019:TX",-0.65739811988405
"District","4800020:TX",1.14520525369701
"District","4800022:TX",-0.0347155801778357
"District","4800029:TX",-0.491809928541571
"District","4800030:TX",-0.39128584036718
"District","4800034:TX",0.517923543242927
"District","4800037:TX",1.10012827362017
"District","4800041:TX",0.0800919660207107
"District","4800042:TX",-0.458752208568892
"District","4800044:TX",0.768391627315276
"District","4800048:TX",-0.189080179481367
"District","4800049:TX",-0.575394334326946
"District","4800053:TX",0.956592763906255
"District","4800055:TX",-0.503709413724529
"District","4800058:TX",0.697469125905026
"District","4800059:TX",-0.314188521726218
"District","4800061:TX",1.07104105242982
"District","4800062:TX",-0.297320093352403
"District","4800063:TX",-0.864325936474331
"District","4800064:TX",1.80088260214174
"District","4800065:TX",-0.0263440654081426
"District","4800066:TX",-0.392334606322887
"District","4800068:TX",-0.600685638980503
"District","4800070:TX",0.255669996640664
"District","4800071:TX",-1.20875236500471
"District","4800074:TX",-0.569975105341
"District","4800075:TX",-1.69979824364705
"District","4800076:TX",1.97603193652688
"District","4800080:TX",-0.430924094336973
"District","4800093:TX",2.02486538391002
"District","4800098:TX",0.183417923613437
"District","4800105:TX",-0.949993898846083
"District","4800106:TX",0.692047081917054
"District","4800108:TX",0.664928603829402
"District","4800109:TX",-0.576892517311726
"District","4800115:TX",-0.427674749471335
"District","4800118:TX",-0.629743918631881
"District","4800124:TX",0.534291918677315
"District","4800125:TX",0.568084864710803
"District","4800127:TX",-0.0987453348349498
"District","4800132:TX",-0.316218898800619
"District","4800133:TX",0.592795161225731
"District","4800139:TX",-0.269562118602884
"District","4800142:TX",-0.433846912554429
"District","4800159:TX",1.55223114333846
"District","4800163:TX",-1.41030198658419
"District","4800171:TX",0.220652853542297
"District","4800174:TX",-0.539299206684268
"District","4800179:TX",0.499062031285588
"District","4800184:TX",-0.652993527745777
"District","4800195:TX",0.513147788873695
"District","4800202:TX",-1.46529280793494
"District","4800203:TX",0.969418309165473
"District","4800204:TX",0.437455668084771
"District","4800205:TX",-0.655975669769393
"District","4800207:TX",-1.78017887232267
"District","4800209:TX",-0.426433927748574
"District","4800210:TX",-0.00763851889815609
"District","4800211:TX",1.00297349533654
"District","4800213:TX",1.12208168602781
"District","4800214:TX",0.244300127983757
"District","4800227:TX",-0.41327493940923
"District","4800231:TX",2.64974638930765
"District","4800232:TX",1.07469399355718
"District","4800235:TX",-0.189926840193284
"District","4800236:TX",-1.05575070052669
"District","4800237:TX",0.895571936115842
"District","4800241:TX",0.0496248784216482
"District","4800246:TX",-0.115061691948891
"District","4800252:TX",-0.000672111738669303
"District","4800253:TX",-0.54233581181532
"District","4800254:TX",0.540100795079495
"District","4800258:TX",0.87022982041805
"District","4800259:TX",-0.83853112328849
"District","4800264:TX",0.652676617289288
"District","4800266:TX",0.357577731297637
"District","4800268:TX",1.39270634348084
"District","4800271:TX",0.351793188149539
"District","4800272:TX",0.944141662883806
"District","4800274:TX",0.334725387816718
"District","4800278:TX",0.0525474223170567
"District","4800292:TX",0.361127248732258
"District","4801400:TX",-0.00376569322626221
"District","4801404:TX",0.453839939604693
"District","4801405:TX",0.182165563815453
"District","4801409:TX",-1.52217088847918
"District","4801410:TX",0.266699155237919
"District","4801412:TX",-0.27727893485228
"District","4801414:TX",-0.496551713646161
"District","4801415:TX",0.541431294191778
"District","4801417:TX",-0.834934106027102
"District","4801420:TX",0.920549200133795
"District","4801421:TX",1.67923547672422
"District","4801422:TX",0.0878475100715229
"District","4801425:TX",-0.0239267359465329
"District","4801427:TX",0.0364919359134926
"District","4801428:TX",1.12016682456539
"District","4801429:TX",-1.22045705105024
"District","4801431:TX",1.35630556435589
"District","4801432:TX",2.6288771710652
"District","4801434:TX",0.165538432899477
"District","4801436:TX",-0.759744804512512
"District","4801438:TX",0.0994155659910917
"District","4801439:TX",0.28074847709314
"District","4801440:TX",0.425670639704819
"District","4801441:TX",-1.81221266927186
"District","4801443:TX",1.06124223026662
"District","4801446:TX",1.25022728888494
"District","4801447:TX",-0.515658260531095
"District","4801450:TX",-0.709898558105221
"District","4801451:TX",1.76746685904426
"District","4801456:TX",-0.203587028680256
"District","4801457:TX",0.407258946188853
"District","4801459:TX",-0.640780793925075
"District","4801461:TX",-1.08596380774537
"District","4801463:TX",-0.186962955121436
"District","4801464:TX",-0.290717208089641
"District","4801472:TX",1.07082277153494
"District","4801473:TX",-0.892905211318785
"District","4807350:TX",-0.64606621560628
"District","4807380:TX",-0.235795355376465
"District","4807410:TX",1.44381763075903
"District","4807440:TX",0.203984950765266
"District","4807470:TX",0.0279038538757397
"District","4807500:TX",1.44836881180383
"District","4807530:TX",-0.480609055347894
"District","4807590:TX",-0.925437808532483
"District","4807650:TX",-0.749413158359083
"District","4807680:TX",-0.543780558548298
"District","4807710:TX",-0.506499146313689
"District","4807780:TX",0.467948405234114
"District","4807800:TX",-0.971448928360797
"District","4807830:TX",-0.2050273188111
"District","4807890:TX",-0.48175671257164
"District","4807950:TX",-0.428326499911903
"District","4807980:TX",-0.455400173964037
"District","4808090:TX",-0.161977926128535
"District","4808100:TX",-0.467701822567809
"District","4808130:TX",-2.07086815719998
"District","4808160:TX",0.796510605998817
"District","4808190:TX",-0.819384928312267
"District","4808230:TX",-0.726822972137608
"District","4808280:TX",0.384818186161487
"District","4808310:TX",-0.152891966346524
"District","4808340:TX",0.12770521733185
"District","4808400:TX",-0.0540066340068614
"District","4808430:TX",1.26503097029198
"District","4808460:TX",-0.288909483468711
"District","4808490:TX",-0.31887932561434
"District","4808520:TX",-0.321926758383774
"District","4808550:TX",0.10815679594974
"District","4808580:TX",-0.699738393385225
"District","4808610:TX",1.51248099175369
"District","4808670:TX",-0.459355809676991
"District","4808700:TX",-1.10402203254684
"District","4808730:TX",0.630243087407546
"District","4808870:TX",-0.540407523222319
"District","4808880:TX",1.00649036722774
"District","4808910:TX",0.459514952912673
"District","4808940:TX",-0.154917043698112
"District","4809000:TX",0.892696293124499
"District","4809030:TX",-0.438687942102416
"District","4809060:TX",0.601939604320672
"District","4809090:TX",0.818732041014277
"District","4809150:TX",-0.367780401587321
"District","4809200:TX",1.10161949247235
"District","4809280:TX",0.920301481387474
"District","4809300:TX",-0.549999717673178
"District","4809330:TX",-0.251960859177477
"District","4809360:TX",0.000280083523505346
"District","4809390:TX",1.05045641026527
"District","4809410:TX",-0.537002869563111
"District","4809450:TX",-0.112755994542632
"District","4809540:TX",-0.455530019508834
"District","4809570:TX",-0.539001565496292
"District","4809630:TX",-0.907037110195574
"District","4809670:TX",0.397080573243436
"District","4809690:TX",-0.27683899289228
"District","4809720:TX",-0.951465431150247
"District","4809750:TX",-0.304463508968291
"District","4809780:TX",-0.208753852238548
"District","4809810:TX",0.323290759393204
"District","4809860:TX",0.0591297554970992
"District","4809870:TX",1.40040296326552
"District","4809980:TX",0.450868868098302
"District","4810140:TX",-0.0618431550067229
"District","4810170:TX",-0.5637182805286
"District","4810200:TX",-0.839484136444011
"District","4810230:TX",-0.457034967465176
"District","4810260:TX",-0.0510150474126311
"District","4810320:TX",0.859077150007456
"District","4810350:TX",-0.689426533981123
"District","4810380:TX",-0.281745843403273
"District","4810440:TX",-0.399861845059415
"District","4810470:TX",0.885042132608981
"District","4810500:TX",-0.530201387560579
"District","4810590:TX",-0.592676465738725
"District","4810620:TX",0.83674064931252
"District","4810650:TX",-0.0289843938955928
"District","4810710:TX",-0.5060853139948
"District","4810740:TX",0.645804487945115
"District","4810780:TX",-0.612161823070238
"District","4810800:TX",0.0324779272448065
"District","4810830:TX",0.680829526741234
"District","4810860:TX",0.113165684424048
"District","4810890:TX",0.404672036040467
"District","4810910:TX",0.0643848259641848
"District","4810950:TX",0.66981264206157
"District","4810990:TX",0.241197933329024
"District","4811010:TX",-0.860047827085114
"District","4811040:TX",-0.398014997704564
"District","4811070:TX",0.422622740510982
"District","4811110:TX",-0.583390859072233
"District","4811190:TX",-0.101942807262104
"District","4811220:TX",0.538066590240268
"District","4811250:TX",1.93928747809235
"District","4811280:TX",0.0925542475052907
"District","4811310:TX",1.29807710537448
"District","4811340:TX",-0.780938005159856
"District","4811400:TX",-0.424841237299563
"District","4811430:TX",-0.257245604473376
"District","4811460:TX",0.765117397483227
"District","4811490:TX",-0.386351711124551
"District","4811520:TX",-0.503064147820572
"District","4811550:TX",-0.157889089553443
"District","4811580:TX",0.0996887687929595
"District","4811610:TX",-0.291621742055572
"District","4811640:TX",-0.861887020888867
"District","4811680:TX",-0.413099479949628
"District","4811700:TX",1.07414843855189
"District","4811730:TX",1.06971979516638
"District","4811790:TX",0.125937086846086
"District","4811820:TX",-0.214514665698377
"District","4811850:TX",0.912061836402873
"District","4811910:TX",0.268466721642084
"District","4811990:TX",-0.595519348398739
"District","4812060:TX",-0.913392277377256
"District","4812090:TX",-0.892982240275567
"District","4812120:TX",0.119081650155171
"District","4812150:TX",-0.392900090311995
"District","4812180:TX",-0.644373665712489
"District","4812220:TX",0.045678271141565
"District","4812240:TX",1.43362848899449
"District","4812360:TX",1.37964454608053
"District","4812390:TX",-1.02379859429632
"District","4812420:TX",0.431781013474934
"District","4812460:TX",-0.753952148141731
"District","4812480:TX",0.181079742745869
"District","4812510:TX",-0.15497853481313
"District","4812540:TX",0.436152540435677
"District","4812640:TX",0.674202108669622
"District","4812660:TX",1.18923022032618
"District","4812700:TX",0.631297094891889
"District","4812750:TX",-0.355181449126684
"District","4812780:TX",0.0414464914183234
"District","4812810:TX",0.257009456523467
"District","4812870:TX",-0.57688230986926
"District","4812990:TX",-0.715375125820162
"District","4813020:TX",0.895616184529667
"District","4813050:TX",-0.251858491526477
"District","4813110:TX",-0.000660970916987654
"District","4813170:TX",0.459639556032265
"District","4813200:TX",0.173167469845798
"District","4813230:TX",-0.904023171983285
"District","4813260:TX",0.951635839243408
"District","4813290:TX",0.731881840926098
"District","4813320:TX",1.55550245586649
"District","4813350:TX",0.803505173780203
"District","4813380:TX",-0.0126438254263001
"District","4813410:TX",-0.730114549300481
"District","4813440:TX",-0.812096534572985
"District","4813500:TX",-0.707179009190665
"District","4813530:TX",-0.166022782774661
"District","4813590:TX",-0.341689555103964
"District","4813620:TX",-0.296117597904006
"District","4813650:TX",-0.74353295434929
"District","4813680:TX",0.102861004913418
"District","4813710:TX",-0.0910447967769295
"District","4813740:TX",-0.270386775194481
"District","4813770:TX",1.01166487078921
"District","4813800:TX",0.311572051220297
"District","4813860:TX",-0.591587897191678
"District","4813890:TX",-0.0805582413930066
"District","4813920:TX",0.22012927989642
"District","4813960:TX",-1.11980745584705
"District","4813980:TX",1.51291494752863
"District","4814010:TX",0.265536439104061
"District","4814070:TX",1.03147822544514
"District","4814130:TX",-0.76679326594026
"District","4814160:TX",-0.232380348529343
"District","4814190:TX",-0.506097715303666
"District","4814250:TX",-0.443000335959373
"District","4814280:TX",-0.310881794912044
"District","4814310:TX",-0.279314223725633
"District","4814370:TX",-1.34733227212254
"District","4814400:TX",0.0561731902608315
"District","4814430:TX",-1.83711697269578
"District","4814450:TX",0.803774724042071
"District","4814490:TX",-0.229507023433628
"District","4814520:TX",0.295603567595418
"District","4814550:TX",1.05229418938295
"District","4814580:TX",0.521505759252291
"District","4814600:TX",0.781701898433629
"District","4814640:TX",0.617542090284155
"District","4814670:TX",0.174697054731511
"District","4814700:TX",1.00909166950034
"District","4814730:TX",-0.48449890339902
"District","4814760:TX",1.05589152860656
"District","4814790:TX",-0.155326273733595
"District","4814820:TX",-0.709105723199449
"District","4814850:TX",0.307081087838612
"District","4814880:TX",0.366355391777434
"District","4814920:TX",-0.349204847852608
"District","4814970:TX",-0.781682058514252
"District","4815000:TX",0.503751697491222
"District","4815120:TX",1.36171936767842
"District","4815150:TX",0.676005445911948
"District","4815180:TX",-0.0435315771593642
"District","4815210:TX",0.231059342680508
"District","4815240:TX",-1.36643339153059
"District","4815270:TX",-1.0976054177932
"District","4815300:TX",-0.0291235677351785
"District","4815330:TX",-1.10300535157311
"District","4815360:TX",-0.207669257594133
"District","4815400:TX",0.119630683256163
"District","4815480:TX",-0.237676076181853
"District","4815510:TX",-0.828774403264969
"District","4815540:TX",0.947301681728074
"District","4815570:TX",-0.263143911931654
"District","4815600:TX",-0.166737860870198
"District","4815690:TX",1.30813912501521
"District","4815720:TX",-0.637426170012873
"District","4815750:TX",-0.462585794648047
"District","4815810:TX",-0.545521546711102
"District","4815840:TX",-0.0356181776070982
"District","4815870:TX",-0.320856869769018
"District","4815910:TX",0.288295607649872
"District","4815930:TX",1.02584349147481
"District","4815960:TX",-0.26701696687863
"District","4815990:TX",0.158760356386659
"District","4816020:TX",0.594016783269822
"District","4816080:TX",0.4640172141882
"District","4816110:TX",-0.00863474511323177
"District","4816140:TX",0.637724417850901
"District","4816180:TX",-0.584518065187474
"District","4816200:TX",0.17063256587228
"District","4816230:TX",0.582073710959387
"District","4816290:TX",-0.206451596358759
"District","4816320:TX",0.38435339150124
"District","4816350:TX",0.046407662193379
"District","4816380:TX",-0.362656329366333
"District","4816410:TX",-1.10719618582134
"District","4816440:TX",1.18531774953491
"District","4816500:TX",-0.959105507337447
"District","4816530:TX",0.197390928577201
"District","4816570:TX",1.07261599379429
"District","4816620:TX",-0.538686762165222
"District","4816650:TX",-0.161576997843256
"District","4816710:TX",-0.430717814866131
"District","4816740:TX",-0.0591160881693496
"District","4816770:TX",0.0886347094537676
"District","4816860:TX",-0.548589467253679
"District","4816890:TX",-0.416849907828672
"District","4816950:TX",0.804024618842353
"District","4817010:TX",-0.412820918316833
"District","4817040:TX",-0.626236771644008
"District","4817070:TX",-1.04741011773459
"District","4817100:TX",1.99777541857978
"District","4817130:TX",0.850336756637912
"District","4817160:TX",0.152030579609957
"District","4817280:TX",0.596726705828134
"District","4817390:TX",-0.1041352632728
"District","4817460:TX",-0.802283861319295
"District","4817580:TX",-0.379473918420011
"District","4817610:TX",0.651824145555202
"District","4817640:TX",-0.978141833216642
"District","4817700:TX",-0.477147976310108
"District","4817730:TX",-0.170203408241596
"District","4817760:TX",0.387780671664683
"District","4817790:TX",0.810465719422935
"District","4817830:TX",0.89888651094387
"District","4817850:TX",-0.734458885593526
"District","4817880:TX",0.135603294416787
"District","4817960:TX",-0.0540893896422
"District","4818000:TX",-0.320491223217792
"District","4818030:TX",-0.143019145859902
"District","4818060:TX",0.0586900498916287
"District","4818070:TX",0.648606191097337
"District","4818120:TX",-0.544105078148759
"District","4818150:TX",-0.922891374268275
"District","4818180:TX",-0.357633930127375
"District","4818210:TX",-0.750147060318303
"District","4818280:TX",-0.0493106700555853
"District","4818300:TX",0.111193190612057
"District","4818330:TX",-0.437274177232845
"District","4818360:TX",0.454697551032668
"District","4818390:TX",0.888627808449999
"District","4818480:TX",0.387628937732614
"District","4818540:TX",0.0752513117889433
"District","4818600:TX",-0.147824422278686
"District","4818690:TX",0.0511915220236646
"District","4818720:TX",0.0326495775321603
"District","4818750:TX",-0.62168053668976
"District","4818780:TX",-0.384286769278485
"District","4818810:TX",-1.07528212204177
"District","4818900:TX",0.155411715638452
"District","4818940:TX",1.58870179867834
"District","4819020:TX",-0.293837546510096
"District","4819050:TX",0.210468507152755
"District","4819080:TX",-0.0182175224241644
"District","4819110:TX",0.502941297147549
"District","4819140:TX",-0.415356803865857
"District","4819170:TX",0.615972059573122
"District","4819280:TX",0.158267943177416
"District","4819320:TX",0.105727061463941
"District","4819350:TX",-0.501724413954997
"District","4819380:TX",0.74516747354916
"District","4819440:TX",-0.493926059492805
"District","4819500:TX",0.748882186129673
"District","4819530:TX",-0.318765292572154
"District","4819560:TX",0.0996113826236819
"District","4819620:TX",-0.815036746090669
"District","4819650:TX",0.0900026189297086
"District","4819700:TX",-0.263707523767998
"District","4819740:TX",-0.919218613378764
"District","4819770:TX",-0.548881308400416
"District","4819820:TX",0.947165674315088
"District","4819830:TX",-0.479608310174891
"District","4819840:TX",-1.18292133453034
"District","4819950:TX",0.127504257023359
"District","4819980:TX",0.754655710905404
"District","4820010:TX",0.652719923833708
"District","4820040:TX",-0.553425108779989
"District","4820070:TX",1.27164279568247
"District","4820100:TX",0.910258987911515
"District","4820130:TX",1.58296053717392
"District","4820160:TX",-0.641468923739684
"District","4820190:TX",-0.765987339169297
"District","4820220:TX",-0.862865160974058
"District","4820250:TX",-0.644881974682361
"District","4820280:TX",-0.0560603676028254
"District","4820310:TX",0.627164406060009
"District","4820340:TX",0.145939325400092
"District","4820370:TX",0.506987995342455
"District","4820400:TX",0.711192926553578
"District","4820460:TX",-0.164200264255919
"District","4820500:TX",-0.889865014543943
"District","4820550:TX",-0.560050958004443
"District","4820600:TX",-0.148519211036621
"District","4820610:TX",-0.159229049878539
"District","4820640:TX",1.40129732941864
"District","4820700:TX",-0.859480473640099
"District","4820760:TX",-0.0708479769358825
"District","4820790:TX",-0.18261541509186
"District","4820850:TX",-0.265314713996823
"District","4820960:TX",0.23310928173381
"District","4820970:TX",0.317964005837094
"District","4821000:TX",0.430556941851729
"District","4821030:TX",0.188600562366135
"District","4821060:TX",0.235165184890667
"District","4821090:TX",0.597274775613842
"District","4821150:TX",-0.671109419532371
"District","4821180:TX",0.623063776977237
"District","4821270:TX",-0.0877784235304293
"District","4821300:TX",1.6895325172143
"District","4821330:TX",0.814296168284763
"District","4821360:TX",-0.715351768470111
"District","4821390:TX",-0.541010286823954
"District","4821420:TX",-0.172666465035564
"District","4821450:TX",-0.287663840241925
"District","4821480:TX",-0.000296105202646342
"District","4821540:TX",-0.697528116898607
"District","4821590:TX",-0.515826644601939
"District","4821600:TX",0.212646442639749
"District","4821630:TX",-0.473450757309521
"District","4821660:TX",-0.0154199401979962
"District","4821720:TX",-0.0629326873464799
"District","4821750:TX",0.745930983453718
"District","4821780:TX",-0.623742900147565
"District","4821810:TX",-0.0881735073206028
"District","4821840:TX",0.547899895761845
"District","4821900:TX",0.689061618788075
"District","4821930:TX",1.39573160322667
"District","4821960:TX",0.939245019348559
"District","4821990:TX",-0.26343497426039
"District","4822020:TX",-0.415562097626827
"District","4822050:TX",-0.433289665653935
"District","4822120:TX",-0.59784620363005
"District","4822170:TX",-0.579489474816208
"District","4822230:TX",-0.390760436174423
"District","4822260:TX",-0.224733422627722
"District","4822320:TX",0.199727569910229
"District","4822350:TX",0.360455538336287
"District","4822380:TX",-0.648752807649283
"District","4822410:TX",-1.11330168902962
"District","4822470:TX",0.397088670366975
"District","4822500:TX",-0.127312260069883
"District","4822530:TX",-0.205098201042978
"District","4822560:TX",-0.244324084820909
"District","4822590:TX",-0.494029659420308
"District","4822620:TX",-0.335219664303537
"District","4822650:TX",-0.301043444446036
"District","4822680:TX",0.532204283882742
"District","4822710:TX",0.90335398946201
"District","4822740:TX",-0.179267398993876
"District","4822770:TX",-0.664350908245809
"District","4822800:TX",0.436957710018694
"District","4822830:TX",-0.280778157630868
"District","4822850:TX",0.398937223563486
"District","4822890:TX",-0.204613727426411
"District","4822920:TX",0.988448460099137
"District","4822970:TX",-0.137044103408532
"District","4822980:TX",-0.545357399839328
"District","4823010:TX",0.363836409057669
"District","4823040:TX",-0.380952388072126
"District","4823070:TX",0.520692968653403
"District","4823100:TX",0.313805071605696
"District","4823160:TX",-0.31937086650432
"District","4823190:TX",0.740157892221454
"District","4823250:TX",0.0430093570580172
"District","4823280:TX",-0.742051538641182
"District","4823310:TX",-0.656120285971697
"District","4823370:TX",-0.501661948329116
"District","4823400:TX",0.535391444340525
"District","4823430:TX",-0.594650057860703
"District","4823460:TX",-0.514481170330538
"District","4823490:TX",-0.611011843454608
"District","4823640:TX",-0.152803403572277
"District","4823670:TX",0.0720082700854869
"District","4823730:TX",0.236207363958237
"District","4823760:TX",0.539924127054002
"District","4823790:TX",0.742600062650301
"District","4823820:TX",-1.18711065954857
"District","4823850:TX",0.860569064477022
"District","4823880:TX",1.14581164025872
"District","4823910:TX",-0.490106328033417
"District","4824000:TX",-0.782349887267724
"District","4824030:TX",0.286360799866034
"District","4824060:TX",-0.376031246590189
"District","4824100:TX",-0.103727164336154
"District","4824120:TX",1.00647028627263
"District","4824150:TX",0.978100982992262
"District","4824180:TX",-0.784678162242241
"District","4824210:TX",1.18910766837054
"District","4824240:TX",-0.542360885427716
"District","4824260:TX",-0.77040412137534
"District","4824300:TX",0.487788703512549
"District","4824330:TX",2.048458379054
"District","4824360:TX",0.521339023417453
"District","4824420:TX",0.268009454563073
"District","4824450:TX",0.60155178651811
"District","4824480:TX",-0.459744477972185
"District","4824530:TX",0.529918490900531
"District","4824590:TX",-0.906741932638415
"District","4824600:TX",0.336886768772701
"District","4824630:TX",-0.834066043793215
"District","4824660:TX",0.475958707402275
"District","4824730:TX",-0.662393780792957
"District","4824750:TX",-0.564300884999558
"District","4824780:TX",1.16012567353972
"District","4824810:TX",0.775747974494823
"District","4824840:TX",-0.443866248963695
"District","4824900:TX",-0.462316666324172
"District","4824930:TX",0.0185938166166729
"District","4824960:TX",0.416938814691037
"District","4824990:TX",0.347492335972112
"District","4825020:TX",0.464285044368266
"District","4825140:TX",-0.638286501249165
"District","4825170:TX",0.30469048386172
"District","4825200:TX",-0.0777638085014275
"District","4825230:TX",1.07923405365589
"District","4825260:TX",1.09516191070965
"District","4825290:TX",-0.270070384850767
"District","4825320:TX",1.01438972744924
"District","4825440:TX",-0.469001257585473
"District","4825470:TX",0.452626818502662
"District","4825500:TX",0.139292197370619
"District","4825530:TX",0.7838128806475
"District","4825560:TX",1.45833553529961
"District","4825590:TX",-1.02361373973944
"District","4825620:TX",-0.979219154637147
"District","4825660:TX",-0.390868445008297
"District","4825680:TX",-0.869152079601002
"District","4825710:TX",-0.676273524503147
"District","4825740:TX",-0.0110576997971884
"District","4825790:TX",0.162982886432008
"District","4825800:TX",-0.303389942585322
"District","4825870:TX",-0.346435491963852
"District","4825890:TX",0.817716772325206
"District","4825920:TX",0.0918989344319214
"District","4825950:TX",-0.389050055386811
"District","4825980:TX",-1.00500816333327
"District","4826040:TX",-0.922972404249071
"District","4826100:TX",-0.411703936081495
"District","4826130:TX",-0.20087262674203
"District","4826190:TX",-0.804801654869969
"District","4826220:TX",-0.466446229035418
"District","4826250:TX",-0.438545978123283
"District","4826280:TX",-0.767337037491802
"District","4826310:TX",0.180852084943148
"District","4826340:TX",-0.43501011250793
"District","4826370:TX",0.814001095569605
"District","4826400:TX",0.0655914629994017
"District","4826430:TX",0.128343257230348
"District","4826470:TX",0.406621953048631
"District","4826490:TX",-0.914523079232424
"District","4826580:TX",0.220462873344915
"District","4826610:TX",0.168516980418128
"District","4826640:TX",-0.946497691167745
"District","4826670:TX",-0.103483843335778
"District","4826700:TX",-0.281872317755147
"District","4826790:TX",-1.48683900522293
"District","4826850:TX",0.0339608278691054
"District","4826910:TX",1.2010930816317
"District","4826970:TX",-0.303033136078651
"District","4827000:TX",0.102473438265511
"District","4827030:TX",0.254059867466385
"District","4827090:TX",-0.123243625547372
"District","4827120:TX",1.00679013368302
"District","4827180:TX",-0.600491267310201
"District","4827210:TX",0.892767591734085
"District","4827240:TX",-0.244465982667017
"District","4827270:TX",-0.265978739369771
"District","4827300:TX",1.12059695850787
"District","4827330:TX",0.529323314329749
"District","4827390:TX",-0.797732937825513
"District","4827420:TX",0.072211798600558
"District","4827450:TX",-0.458670094127244
"District","4827510:TX",-0.337836845152871
"District","4827540:TX",-0.485058386767953
"District","4827570:TX",0.626051683123435
"District","4827600:TX",0.515177535535
"District","4827630:TX",0.225488598546691
"District","4827690:TX",0.325866923073746
"District","4827720:TX",0.209709199545216
"District","4827750:TX",1.18493984286251
"District","4827780:TX",0.393534190188964
"District","4827810:TX",-0.0363176049190219
"District","4827870:TX",-1.06050795258636
"District","4827890:TX",-0.387760683884156
"District","4827930:TX",-0.231336598956923
"District","4827960:TX",-0.0081860542739679
"District","4827990:TX",-0.255332564470164
"District","4828020:TX",1.08869796149656
"District","4828110:TX",0.492788125514367
"District","4828140:TX",0.713874300886744
"District","4828170:TX",-0.262147316501231
"District","4828200:TX",-0.0039790818672073
"District","4828230:TX",0.317281734181905
"District","4828290:TX",-0.59022694558545
"District","4828350:TX",-0.406472888880847
"District","4828380:TX",0.383805514911533
"District","4828410:TX",1.2567983688501
"District","4828500:TX",-0.195697216195128
"District","4828530:TX",-0.155821502133702
"District","4828550:TX",-0.25024747575958
"District","4828590:TX",0.129011347034903
"District","4828620:TX",0.870466276483428
"District","4828650:TX",0.172286524277696
"District","4828680:TX",-0.918941751179495
"District","4828710:TX",0.470217770076282
"District","4828740:TX",-0.0945238753745038
"District","4828780:TX",-0.0856201282797949
"District","4828890:TX",0.295180993447633
"District","4828920:TX",-0.0327328510486908
"District","4828980:TX",-0.139994871172395
"District","4829010:TX",-1.09098631727435
"District","4829040:TX",-0.103973645140724
"District","4829100:TX",-0.707879719698901
"District","4829130:TX",-0.500970401850086
"District","4829160:TX",-0.84077666241877
"District","4829190:TX",-0.529410870658248
"District","4829220:TX",1.18459543318525
"District","4829250:TX",-0.461024620437624
"District","4829280:TX",1.4549901701653
"District","4829400:TX",-0.647930396011318
"District","4829460:TX",-0.547369879731302
"District","4829520:TX",-0.414627250137862
"District","4829580:TX",-0.855769524588627
"District","4829670:TX",0.471523815630631
"District","4829700:TX",-0.373665530993939
"District","4829760:TX",0.313106291217402
"District","4829820:TX",0.144125055942012
"District","4829850:TX",0.0685184676717305
"District","4829880:TX",-0.334513261991928
"District","4829910:TX",-0.411819937088954
"District","4829940:TX",-0.532248582824834
"District","4830000:TX",1.91451048576282
"District","4830030:TX",-0.197237132727938
"District","4830060:TX",-0.640614160343132
"District","4830120:TX",-0.0994010158115683
"District","4830180:TX",0.174356008374568
"District","4830210:TX",0.0339480829175818
"District","4830250:TX",0.0328503103411013
"District","4830300:TX",0.465856852312225
"District","4830340:TX",0.00279339910274135
"District","4830360:TX",1.07956486457271
"District","4830390:TX",-0.516753540304202
"District","4830420:TX",-0.153975116483576
"District","4830480:TX",0.943398460769418
"District","4830570:TX",-0.819779245397904
"District","4830600:TX",-0.626519375285702
"District","4830640:TX",0.192961231612422
"District","4830660:TX",0.27460960405355
"District","4830690:TX",0.333902873123228
"District","4830720:TX",-0.706030903375673
"District","4830750:TX",0.0842714505397443
"District","4830780:TX",1.80532911351425
"District","4830810:TX",-0.435969150021321
"District","4830870:TX",0.856537085510412
"District","4830930:TX",-0.042218711154766
"District","4830950:TX",-0.937760951994718
"District","4831040:TX",-0.0915131370221445
"District","4831170:TX",0.62651234240687
"District","4831230:TX",-0.535333687024248
"District","4831260:TX",-0.437188648239028
"District","4831290:TX",-0.503223710019434
"District","4831320:TX",-0.256834062581228
"District","4831380:TX",0.433708466191345
"District","4831470:TX",0.204164685810811
"District","4831500:TX",-0.307625270439595
"District","4831560:TX",-0.381214252714602
"District","4831620:TX",0.29125826826923
"District","4831650:TX",-0.530877022144334
"District","4831760:TX",-1.09997170010766
"District","4831770:TX",-0.724501894745735
"District","4831860:TX",1.56011656625215
"District","4831890:TX",0.731757817621234
"District","4831920:TX",1.57299666219948
"District","4831950:TX",-0.551871130856088
"District","4831970:TX",0.27421989085101
"District","4832090:TX",-1.08041156203799
"District","4832130:TX",1.13617215394703
"District","4832160:TX",0.789574131316379
"District","4832190:TX",-0.326422410165137
"District","4832220:TX",0.0848709377605962
"District","4832250:TX",-0.35818046308483
"District","4832280:TX",-0.0264704772421295
"District","4832310:TX",0.178186324324377
"District","4832340:TX",0.248958530599324
"District","4832370:TX",-0.816179241036645
"District","4832400:TX",-0.944985814013003
"District","4832430:TX",-0.52322577129885
"District","4832460:TX",-0.569511850330375
"District","4832490:TX",0.492133294887818
"District","4832610:TX",0.445174011531929
"District","4832640:TX",0.321755618889494
"District","4832700:TX",0.930746867462244
"District","4832730:TX",-0.564549478871108
"District","4832740:TX",0.455884689616642
"District","4832790:TX",-0.562166929524863
"District","4832880:TX",-0.271219929357829
"District","4832910:TX",-0.515531548104477
"District","4832940:TX",0.28735921798605
"District","4832970:TX",0.270630715450065
"District","4833010:TX",-0.383011112592852
"District","4833030:TX",0.493513448804643
"District","4833090:TX",0.956479709367773
"District","4833120:TX",-0.168660021798602
"District","4833180:TX",-0.112201388914935
"District","4833240:TX",-0.0542800901731368
"District","4833340:TX",-0.30185883803429
"District","4833360:TX",-0.53421931170305
"District","4833390:TX",-0.169616359771375
"District","4833420:TX",-0.101884115851958
"District","4833570:TX",-0.00507791608342604
"District","4833630:TX",0.96501369076731
"District","4833660:TX",0.0996877357361574
"District","4833690:TX",-0.337866774189343
"District","4833720:TX",1.1804006262538
"District","4833780:TX",-0.89199534737413
"District","4833840:TX",0.0116798911714958
"District","4833870:TX",-0.556440908733051
"District","4833900:TX",-0.0305762617392724
"District","4833960:TX",0.75616498776301
"District","4833980:TX",0.272066372804406
"District","4834020:TX",0.18735969961662
"District","4834050:TX",0.857619338081682
"District","4834110:TX",-0.0202469031659654
"District","4834170:TX",-0.490638930065839
"District","4834230:TX",-0.668869577038455
"District","4834260:TX",-0.6513877996394
"District","4834290:TX",-0.0297712802644794
"District","4834320:TX",-0.260196110597891
"District","4834380:TX",-0.203482931559107
"District","4834440:TX",-0.392878253943228
"District","4834470:TX",-0.747700604322927
"District","4834500:TX",0.300922120998405
"District","4834550:TX",0.0951535883983197
"District","4834560:TX",-0.136428216854128
"District","4834630:TX",0.901004399632203
"District","4834650:TX",0.851141524412579
"District","4834680:TX",-0.140107010104337
"District","4834710:TX",-0.503169424669128
"District","4834770:TX",-0.149146273599601
"District","4834800:TX",0.413044542748911
"District","4834830:TX",0.653837650214937
"District","4834860:TX",-1.32683274326314
"District","4834920:TX",-0.703665036792477
"District","4834980:TX",-0.928305466248696
"District","4835010:TX",-0.0446677041741104
"District","4835040:TX",-0.388848591302863
"District","4835070:TX",-1.0707858659043
"District","4835100:TX",-0.102173418467338
"District","4835130:TX",0.147141438474431
"District","4835190:TX",1.32026743898781
"District","4835250:TX",-0.30537594869409
"District","4835310:TX",-0.711129291813387
"District","4835340:TX",1.30018250570949
"District","4835370:TX",0.404778961106248
"District","4835400:TX",-0.541414764917918
"District","4835430:TX",-1.29689921226101
"District","4835490:TX",-0.640243635384473
"District","4835520:TX",0.657242642191945
"District","4835550:TX",-0.115233571968172
"District","4835560:TX",0.594923345617527
"District","4835570:TX",0.249471292053909
"District","4835580:TX",-0.251462476273004
"District","4835700:TX",-0.0811181733267149
"District","4835730:TX",0.832010901455035
"District","4835740:TX",0.215916660492038
"District","4835760:TX",-0.546274046388009
"District","4835800:TX",-0.608490354924082
"District","4835820:TX",-0.255406664493026
"District","4835850:TX",-0.756440177712661
"District","4835890:TX",0.775216564607598
"District","4835910:TX",1.20025422013275
"District","4836000:TX",0.306140417220339
"District","4836180:TX",0.027184760836625
"District","4836210:TX",-0.633186053195958
"District","4836240:TX",0.138748281148385
"District","4836300:TX",0.940554705689748
"District","4836360:TX",-0.739823173400921
"District","4836390:TX",1.03320534085116
"District","4836450:TX",0.62511774634133
"District","4836480:TX",0.685785673602981
"District","4836510:TX",-0.2123338478452
"District","4836540:TX",-0.760827908874411
"District","4836570:TX",-0.503509698936567
"District","4836660:TX",-0.552011138212722
"District","4836750:TX",-0.655645725128641
"District","4836780:TX",-0.478005919206817
"District","4836960:TX",0.74932471839578
"District","4836970:TX",-0.827318728627402
"District","4836990:TX",0.443116720803509
"District","4837020:TX",0.0352063953914148
"District","4837080:TX",0.71864030526324
"District","4837110:TX",-0.618194024985
"District","4837140:TX",-0.634955256827558
"District","4837150:TX",0.812083568114417
"District","4837170:TX",0.370223668810382
"District","4837200:TX",-0.389299483548523
"District","4837230:TX",-0.315303673717422
"District","4837260:TX",-0.691578761033949
"District","4837320:TX",-0.240577436163068
"District","4837380:TX",0.358630486225728
"District","4837410:TX",-0.862357209122383
"District","4837440:TX",-0.807256074026474
"District","4837470:TX",-0.441561057839324
"District","4837500:TX",-0.340674951087831
"District","4837590:TX",-0.674739559143942
"District","4837650:TX",-0.319537834104815
"District","4837710:TX",1.23969097882836
"District","4837740:TX",1.45644492517175
"District","4837800:TX",0.463247881635678
"District","4837830:TX",0.0564616053954853
"District","4837860:TX",-0.649375055467523
"District","4837900:TX",-0.519697637041118
"District","4838040:TX",0.603217452987262
"District","4838080:TX",0.181289511193925
"District","4838100:TX",-0.49131037766881
"District","4838190:TX",-0.582378082025436
"District","4838220:TX",-0.17139908576273
"District","4838280:TX",0.380363476343223
"District","4838310:TX",-0.306707825708887
"District","4838360:TX",-0.698590923500622
"District","4838400:TX",0.492785556016881
"District","4838430:TX",-0.362928132817721
"District","4838460:TX",0.517246200019029
"District","4838490:TX",0.252533903454774
"District","4838520:TX",-0.220906681655306
"District","4838580:TX",0.82352623909855
"District","4838610:TX",0.363091824306414
"District","4838640:TX",-0.755662890560156
"District","4838700:TX",-0.571833652917825
"District","4838730:TX",0.119736235211676
"District","4838760:TX",1.5787714160562
"District","4838790:TX",1.13921820897613
"District","4838820:TX",-0.432312260424245
"District","4838850:TX",-0.894261930961322
"District","4838900:TX",-1.55857626205001
"District","4838910:TX",0.0838035300084943
"District","4838970:TX",0.385419311911057
"District","4839000:TX",-0.268858051878057
"District","4839030:TX",-0.221655406943177
"District","4839120:TX",-0.180379617084351
"District","4839150:TX",1.50021628024618
"District","4839180:TX",-0.376427567669574
"District","4839210:TX",-0.466110358339736
"District","4839270:TX",-0.262200118794582
"District","4839300:TX",1.05342292394322
"District","4839330:TX",1.69372152019599
"District","4839360:TX",-0.546670687258674
"District","4839390:TX",-0.649423659025606
"District","4839450:TX",-0.168604092400545
"District","4839480:TX",-0.0254821937352056
"District","4839510:TX",-0.399670906033951
"District","4839540:TX",0.347750753637451
"District","4839570:TX",0.531457143256172
"District","4839600:TX",0.0481774257987732
"District","4839630:TX",-0.39802137804936
"District","4839690:TX",-1.12401037178552
"District","4839750:TX",-0.367325398667396
"District","4839780:TX",0.995150976944147
"District","4839870:TX",1.27650226710856
"District","4839900:TX",-0.167927983659687
"District","4839930:TX",-1.77067518296701
"District","4839960:TX",-0.66904988939311
"District","4839990:TX",-0.273017006197121
"District","4840020:TX",-0.750022547867167
"District","4840080:TX",-1.34810705401812
"District","4840110:TX",0.825025402976005
"District","4840170:TX",-0.276783464668579
"District","4840200:TX",-0.234347646145014
"District","4840230:TX",-0.868849827621309
"District","4840290:TX",0.240641462058085
"District","4840320:TX",-0.470065447246468
"District","4840350:TX",-0.787064550845032
"District","4840410:TX",1.05100004831637
"District","4840440:TX",-0.389515688347478
"District","4840470:TX",0.57100318504649
"District","4840500:TX",1.45128572912788
"District","4840550:TX",0.178764666520303
"District","4840590:TX",0.628706834030118
"District","4840620:TX",-0.532753752797285
"District","4840650:TX",0.333002565636597
"District","4840680:TX",-0.960974892481918
"District","4840710:TX",-1.00745143441959
"District","4840740:TX",-0.278257666715152
"District","4840770:TX",0.620834352715204
"District","4840800:TX",-0.549553245009307
"District","4840890:TX",0.442600482823001
"District","4840920:TX",-0.578946813976422
"District","4840950:TX",-0.890562923584859
"District","4841010:TX",-0.531993497999685
"District","4841070:TX",0.130309384658756
"District","4841100:TX",0.259347476851388
"District","4841130:TX",-0.220372212480158
"District","4841190:TX",-1.02532195213314
"District","4841220:TX",-1.64275103133582
"District","4841250:TX",1.2662327287298
"District","4841280:TX",0.213719922534776
"District","4841340:TX",-0.461475729743885
"District","4841350:TX",0.270440076385245
"District","4841400:TX",-0.545593613015512
"District","4841430:TX",-0.556217870207561
"District","4841520:TX",-0.963792286191193
"District","4841550:TX",1.42436708433556
"District","4841580:TX",0.670416817223811
"District","4841610:TX",-0.363941801021385
"District","4841670:TX",-0.211660883464092
"District","4841700:TX",0.916876413863814
"District","4841760:TX",2.28557998893325
"District","4841790:TX",0.14415562214906
"District","4841820:TX",0.252498878458118
"District","4841850:TX",-0.693052503265514
"District","4841880:TX",0.341949361678629
"District","4841910:TX",1.19738607315336
"District","4841970:TX",-0.681070707112113
"District","4842030:TX",0.188163260710176
"District","4842060:TX",-0.534857952297813
"District","4842090:TX",-0.204894188907901
"District","4842120:TX",0.356590261702433
"District","4842210:TX",-0.757575874097896
"District","4842240:TX",1.17392354501456
"District","4842280:TX",-0.852532088751069
"District","4842300:TX",-0.297121490273196
"District","4842330:TX",-1.35303826558918
"District","4842360:TX",0.893929607642943
"District","4842390:TX",1.03498156571447
"District","4842420:TX",-0.237647231551743
"District","4842450:TX",0.901207309325826
"District","4842480:TX",0.145723058321383
"District","4842510:TX",-1.25061796138391
"District","4842540:TX",-0.303640719674222
"District","4842570:TX",-0.115318981245766
"District","4842630:TX",0.920113021964048
"District","4842660:TX",-0.707612663003557
"District","4842690:TX",1.11631655994354
"District","4842720:TX",-0.351281684126462
"District","4842780:TX",1.5948838453425
"District","4842810:TX",-0.544342297084856
"District","4842840:TX",-0.609472531275487
"District","4842870:TX",0.45672623412077
"District","4842900:TX",-0.741896425193508
"District","4842930:TX",0.212507104987589
"District","4842960:TX",0.314837556080085
"District","4842990:TX",0.907354688382799
"District","4843110:TX",-0.282813767664634
"District","4843140:TX",1.64691521176671
"District","4843170:TX",-0.283259787529905
"District","4843200:TX",-0.637085475823856
"District","4843230:TX",-0.619947455559744
"District","4843260:TX",0.464101452264961
"District","4843290:TX",-0.676307565438325
"District","4843320:TX",-0.557694528974842
"District","4843350:TX",-0.225474696293131
"District","4843400:TX",-0.133016571263345
"District","4843470:TX",-1.34988373241639
"District","4843530:TX",-0.539133606180163
"District","4843560:TX",-0.467312219939067
"District","4843650:TX",0.0139782303563241
"District","4843680:TX",0.145638954636687
"District","4843720:TX",-1.01315648301526
"District","4843740:TX",-0.111156700873274
"District","4843760:TX",-0.477346391621851
"District","4843800:TX",-0.00933230352353513
"District","4843860:TX",1.05888028375657
"District","4843890:TX",-0.962412917260497
"District","4843920:TX",-0.85679448101736
"District","4843950:TX",0.419221164282448
"District","4843980:TX",0.265354674226329
"District","4844010:TX",-0.42564494726819
"District","4844040:TX",1.54253161630686
"District","4844110:TX",-0.844126787939534
"District","4844150:TX",-0.0438223681514403
"District","4844160:TX",-0.746573720191039
"District","4844280:TX",-1.8549912500499
"District","4844310:TX",0.498565637382333
"District","4844410:TX",0.749436734756675
"District","4844430:TX",0.418625042499522
"District","4844470:TX",1.1755462455844
"District","4844520:TX",-0.0434917453025421
"District","4844580:TX",0.0934029135163835
"District","4844670:TX",-0.572667973837393
"District","4844710:TX",0.383739204212813
"District","4844730:TX",-0.587033557203427
"District","4844800:TX",-0.799108453967062
"District","4844810:TX",1.38957283739582
"District","4844820:TX",0.479876820799301
"District","4844890:TX",0.778120242644643
"District","4844910:TX",-0.408556856263861
"District","4844940:TX",-0.392513544494906
"District","4844960:TX",0.310310168132562
"District","4845000:TX",-0.599801170127988
"District","4845040:TX",0.734686819403792
"District","4845090:TX",-0.788029489228471
"District","4845120:TX",-0.268209486279962
"District","4845150:TX",0.778906086492531
"District","4845180:TX",-0.407924189709148
"District","4845210:TX",0.135190600816102
"District","4845380:TX",-0.756822218472
"District","4845420:TX",-0.169376878577098
"District","4845450:TX",1.29746817015693
"District","4845480:TX",0.398196999586367
"District","4845540:TX",-0.214893427826839
"District","4845570:TX",-0.422018693849796
"District","4845600:TX",-0.0221702158560116
"District","4845630:TX",0.592311867381266
"District","4845670:TX",0.270400914409643
"District","4845690:TX",-0.344864089008513
"District","4845720:TX",-0.707231547635879
"District","4845780:TX",-0.365951187094256
"District","4845840:TX",-0.376375161895247
"District","4845900:TX",-0.268279580952943
"District","4845950:TX",-0.858396465053796
"District","4845990:TX",-0.233746250921274
"District","4846080:TX",0.657264624023676
"District","4846170:TX",-0.466329218537007
"District","4846200:TX",1.04438345323953
"District","4846230:TX",-0.431147024019802
"District","4846260:TX",-0.463474592091977
"District","4846320:TX",0.648391658277585
"District","4846350:TX",0.612231125256378
"District","4846380:TX",0.540087914821645
"District","4846410:TX",-0.307518899765011
"District","4846440:TX",0.358573586144633
"District","4846470:TX",0.04057183066376
"District","4846500:TX",-0.104637614798022
"District","4846530:TX",-0.160073651213898
"District","4846590:TX",0.437175436191977
"District","4846620:TX",-0.704020279990453
"District","4846650:TX",0.820525427011269
"District","4846680:TX",-0.551516691434347
"District","4846710:TX",-0.867003995940191
"District","4846740:TX",-0.448491815951204
"District","4846770:TX",0.465260515776018
"District","4899130:TX",0.384677820096934
"District","4900210:UT",0.834241142912981
"District","4900360:UT",-0.0675627945171141
"District","4900870:UT",0.416584248701634
"District","4901140:UT",-0.212534151771233
"District","5100058:VA",-0.347048644292845
"District","5100060:VA",0.819737169184125
"District","5100070:VA",-0.382168288945303
"District","5100090:VA",0.593221262297209
"District","5100120:VA",-0.592030568690924
"District","5100152:VA",0.330646844578389
"District","5100180:VA",-0.449611354688352
"District","5100210:VA",-1.21309451454331
"District","5100240:VA",-0.818883862035523
"District","5100270:VA",0.554784560495084
"District","5100300:VA",-0.297655403884529
"District","5100330:VA",-0.636851349283102
"District","5100360:VA",0.053998568262978
"District","5100390:VA",-0.81808587271025
"District","5100420:VA",0.144628138463097
"District","5100450:VA",0.839365119955684
"District","5100480:VA",0.942827166587883
"District","5100510:VA",0.874493500911841
"District","5100540:VA",0.0720042110000583
"District","5100560:VA",2.40921435177508
"District","5100600:VA",-0.0275162898564582
"District","5100660:VA",-0.10341978905891
"District","5100690:VA",0.124573991706589
"District","5100720:VA",-0.410040766001994
"District","5100750:VA",1.10554291147199
"District","5100780:VA",-0.114556688544457
"District","5100810:VA",0.116183264798411
"District","5100840:VA",0.508532197418743
"District","5100870:VA",0.928941663709814
"District","5100930:VA",0.0296697678764138
"District","5100960:VA",0.963074097431352
"District","5100990:VA",1.00177690333741
"District","5101020:VA",0.612223194975394
"District","5101050:VA",0.825027461073846
"District","5101080:VA",0.566494366001014
"District","5101110:VA",0.809453646501303
"District","5101140:VA",0.0686471492695438
"District","5101170:VA",-0.660386711319205
"District","5101200:VA",-0.580275995148468
"District","5101260:VA",0.709908098339032
"District","5101290:VA",0.335620530395708
"District","5101320:VA",0.541187171018926
"District","5101350:VA",0.280740973308199
"District","5101380:VA",0.765407294757499
"District","5101410:VA",-0.519951145728094
"District","5101440:VA",-0.476205703448103
"District","5101470:VA",-0.647072688817375
"District","5101510:VA",-1.1355295423043
"District","5101560:VA",-0.289685105662362
"District","5101590:VA",0.727753199491248
"District","5101620:VA",-1.34515332258776
"District","5101650:VA",0.157491980077963
"District","5101690:VA",-0.292458713330475
"District","5101710:VA",1.33044187928293
"District","5101740:VA",-0.274007296541238
"District","5101770:VA",0.252920563690796
"District","5101800:VA",0.839280535746049
"District","5101830:VA",-0.0736578728299534
"District","5101860:VA",0.282971009546993
"District","5101890:VA",-0.90967665857597
"District","5101920:VA",0.669624436073907
"District","5101950:VA",0.126852790877774
"District","5101980:VA",0.401134949256621
"District","5102010:VA",0.58088168471712
"District","5102070:VA",-0.615299295447027
"District","5102100:VA",0.406683775803939
"District","5102120:VA",-1.05783961871345
"District","5102160:VA",-0.822149453104473
"District","5102190:VA",1.45693601588488
"District","5102250:VA",-0.597376755258365
"District","5102280:VA",-0.897909371495931
"District","5102310:VA",-0.0717613465409838
"District","5102340:VA",-0.709672774913133
"District","5102360:VA",0.451269970904662
"District","5102370:VA",-0.791168313343578
"District","5102390:VA",-0.932260264961585
"District","5102400:VA",-0.923873000485462
"District","5102430:VA",-0.7822074558838
"District","5102460:VA",-0.881251730929817
"District","5102490:VA",-0.130355152636778
"District","5102520:VA",1.09260132369185
"District","5102580:VA",-0.15641297614229
"District","5102610:VA",-0.37178018584218
"District","5102640:VA",-0.91226423600131
"District","5102670:VA",0.559286794576153
"District","5102710:VA",-0.857520465397518
"District","5102730:VA",-0.852959261686978
"District","5102760:VA",0.97861795424896
"District","5102790:VA",0.884209970377587
"District","5102820:VA",0.594788596849971
"District","5102850:VA",0.923520578112813
"District","5102880:VA",0.545047530685094
"District","5102910:VA",-1.10513386085395
"District","5102940:VA",0.36258719917202
"District","5102980:VA",-0.675620616645312
"District","5103000:VA",-1.68471578280746
"District","5103030:VA",-0.555262151698969
"District","5103060:VA",0.51846843545129
"District","5103090:VA",-1.07373049609653
"District","5103130:VA",-0.423599865258482
"District","5103150:VA",0.155291969810154
"District","5103180:VA",-0.389835712953936
"District","5103210:VA",0.664128363929456
"District","5103240:VA",-1.32742086288405
"District","5103270:VA",-0.625559116997724
"District","5103300:VA",0.634115063644839
"District","5103330:VA",-2.28346990769916
"District","5103370:VA",-0.950646687791386
"District","5103390:VA",0.0158128193222676
"District","5103420:VA",-1.64036460682961
"District","5103460:VA",0.221964304142304
"District","5103480:VA",1.56810756011719
"District","5103510:VA",-0.86180621142283
"District","5103520:VA",-0.0983497954452866
"District","5103600:VA",-0.888163030725697
"District","5103640:VA",1.33979462693297
"District","5103660:VA",1.34974467519141
"District","5103690:VA",-0.0784446820764905
"District","5103710:VA",-1.00217810329799
"District","5103750:VA",0.402142663185722
"District","5103780:VA",1.18457943179686
"District","5103810:VA",0.99837226561591
"District","5103840:VA",0.66286820367747
"District","5103870:VA",-0.989210275183785
"District","5103900:VA",0.918818146092985
"District","5103930:VA",0.0215856293508618
"District","5103950:VA",0.818489678809769
"District","5103980:VA",0.00377091321978826
"District","5104020:VA",0.220473643417926
"District","5104050:VA",0.892031262384914
"District","5104080:VA",-0.737975999396492
"District","5104110:VA",0.0895037342566078
"District","5104150:VA",-0.65686866782976
"District","5300300:WA",-0.556380651514482
"District","5300480:WA",0.278766053427785
"District","5302880:WA",-0.369838023993153
"District","5304860:WA",0.0487773296142088
"District","5305850:WA",-0.13499482782451
"District","5306180:WA",-0.491732210413079
"District","5306960:WA",-0.316612965154343
"District","5308250:WA",-0.272233338545683
"District","5308700:WA",0.442950929623018
"District","5310140:WA",0.627596986755239
"District","5600015:WY",-0.0514277169239609
"District","5600730:WY",-0.526556693823672
"District","5600960:WY",-0.1878514451871
"District","5601030:WY",-0.085609553613559
"District","5601090:WY",-0.430769358603973
"District","5601260:WY",-0.0133036630895477
"District","5601420:WY",-0.38752693480646
"District","5601460:WY",-0.867608416785424
"District","5601470:WY",-0.835231396235973
"District","5601700:WY",-0.496717026873
"District","5601980:WY",-0.0287521957572318
"District","5602070:WY",-0.290716602675378
"District","5602140:WY",0.0247995739612604
"District","5602150:WY",0.453019032322241
"District","5602370:WY",0.0831860754269481
"District","5602670:WY",-0.411042069176971
"District","5602760:WY",0.709303026174151
"District","5602820:WY",0.0333200307321976
"District","5602830:WY",0.955549945709062
"District","5602870:WY",-0.696543902514919
"District","5602990:WY",0.334002090337109
"District","5603170:WY",0.61788666124965
"District","5603180:WY",0.388494530895438
"District","5603310:WY",-0.550106123404479
"District","5603770:WY",0.0481929448304254
"District","5604030:WY",-0.333544659713949
"District","5604060:WY",-0.074393598290964
"District","5604120:WY",-0.173709771418887
"District","5604230:WY",1.40913122679827
"District","5604260:WY",-0.253537842389245
"District","5604380:WY",0.0601808149413979
"District","5604450:WY",0.726453116783006
"District","5604500:WY",1.05747164431032
"District","5604510:WY",-0.16288721702158
"District","5604830:WY",0.092572084046901
"District","5604860:WY",-0.766943749385977
"District","5605090:WY",-0.607939631621872
"District","5605160:WY",-0.0585189489404278
"District","5605220:WY",-0.54745375570071
"District","5605302:WY",-1.56131634540181
"District","5605680:WY",-0.402208159184709
"District","5605690:WY",0.484713613008424
"District","5605695:WY",0.870246670304544
"District","5605700:WY",-0.640985155676148
"District","5605762:WY",-0.409096301318619
"District","5605820:WY",0.298671092564541
"District","5605830:WY",0.257034084625359
"District","5606090:WY",0.515759464825522
"District","5606240:WY",0.383345331046416
"District","5680180:WY",-0.0121394651583432
"District","5680250:WY",-0.0214656427971459
"District","5680251:WY",2.20705187126352
"District","5680252:WY",-0.167825953706022
"District","5680255:WY",0.524243958186784
"State","AK",-0.524223640252475
"State","AL",-0.423864435131899
"State","AZ",-0.607959751164418
"State","CA",-0.756543508667289
"State","CO",-0.350465889717291
"State","FL",-1.34838270994109
"State","GA",0.0684534522409643
"State","IA",0.0561100017662778
"State","ID",-0.260777269710301
"State","KY",0.835201698954072
"State","MI",-0.446418206217519
"State","MO",-0.602872570480031
"State","MT",0.28120467715112
"State","NC",-0.092324242676522
"State","ND",0.0802325354909689
"State","NE",1.14898989032103
"State","NM",-0.196882073407791
"State","NV",0.505415848700834
"State","NY",-0.241190444104965
"State","OH",0.0466605142210851
"State","OK",0.879792782661109
"State","OR",-0.453921416031191
"State","PA",0.0110986585080073
"State","SC",1.07527628285719
"State","SD",0.199374783751526
"State","TX",0.164959925653937
"State","UT",0.49669402154263
"State","VA",0.207456911539244
"State","WA",-0.380530417377255
"State","WY",0.246062584286559
